ID,Resume_str,Category
SYN_AGR_0000,"looking for a position in agronomy to improve crop yield and farm profitability. Proven expertise in farm management, horticulture, and agronomy. Core competencies include farm management, horticulture, agronomy, and supply chain. Worked as agricultural officer for 4 years, handling supply chain and irrigation systems responsibilities. Educational background: BSc Agriculture. Continuously updating skills in the field. Additional expertise in sustainable agriculture, supply chain, and organic farming. Eager to leverage skills to drive organizational growth and excellence.",AGRICULTURE
SYN_AGR_0001,"aspiring to contribute to sustainable farming practices and food security with 12 years of experience in organic farming and greenhouse management. Strong background in organic farming with hands-on experience using GPS tractor guidance and NDVI sensors. 12+ years as horticulturist with a strong focus on horticulture, fertilizer application, and team collaboration. Completed BSc Agriculture. Strong academic foundation complemented by practical experience. Additional expertise in soil science, aquaculture, and supply chain. Seeking to contribute meaningfully to a forward-thinking organization.",AGRICULTURE
SYN_AGR_0002,"looking for a position in agronomy to improve crop yield and farm profitability with 11 years of experience in water resource management and seed selection. Core competencies include water resource management, seed selection, gis mapping, and fertilizer application. Worked as agricultural officer for 11 years, handling fertilizer application and irrigation systems responsibilities. Certified Crop Adviser (CCA) graduate with distinction. Committed to ongoing professional development. Additional expertise in precision agriculture, aquaculture, and sustainable agriculture. Looking forward to taking on new challenges and growing professionally.",AGRICULTURE
SYN_AGR_0003,"Motivated field supervisor with a passion for precision agriculture. aspiring to contribute to sustainable farming practices and food security. Expertise spans precision agriculture, sustainable agriculture, and irrigation systems, supported by proficiency in drone scouting. Served as field supervisor at a leading organization, managing pest control and overseeing supply chain. Completed Diploma in Horticulture. Strong academic foundation complemented by practical experience. Additional expertise in soil science, farm management, and greenhouse management. Committed to continuous learning and delivering high-impact results.",AGRICULTURE
SYN_AGR_0004,"Motivated agricultural officer with a passion for sustainable agriculture. looking for a position in agronomy to improve crop yield and farm profitability. Expertise spans sustainable agriculture, plant pathology, and harvest planning, supported by proficiency in drone scouting. Successfully delivered aquaculture projects as agricultural officer. Collaborated cross-functionally on horticulture. MSc Agronomy graduate with distinction. Committed to ongoing professional development. Additional expertise in seed selection, farm management, and horticulture. Committed to continuous learning and delivering high-impact results.",AGRICULTURE
SYN_AGR_0005,"Motivated farm manager with a passion for pest control. aspiring to contribute to sustainable farming practices and food security. Expertise spans pest control, organic farming, and water resource management, supported by proficiency in farm management software. Worked as farm manager for 11 years, handling irrigation systems and harvest planning responsibilities. Holds a BSc Agriculture with specialization in relevant areas. Additional expertise in animal husbandry, supply chain, and precision agriculture. Looking forward to taking on new challenges and growing professionally.",AGRICULTURE
SYN_AGR_0006,"aspiring to contribute to sustainable farming practices and food security. Proven expertise in crop management, precision agriculture, and food safety. Core competencies include crop management, precision agriculture, food safety, and pest control. 8+ years as horticulturist with a strong focus on pest control, water resource management, and team collaboration. Educational background: BSc Food Technology. Continuously updating skills in the field. Additional expertise in supply chain, food safety, and crop management. Looking forward to taking on new challenges and growing professionally.",AGRICULTURE
SYN_AGR_0007,"looking for a position in agronomy to improve crop yield and farm profitability. Proven expertise in farm management, soil science, and animal husbandry. Core competencies include farm management, soil science, animal husbandry, and gis mapping. Successfully delivered gis mapping projects as farm manager. Collaborated cross-functionally on irrigation systems. Educational background: BSc Agriculture. Continuously updating skills in the field. Additional expertise in precision agriculture, food safety, and water resource management. Committed to continuous learning and delivering high-impact results.",AGRICULTURE
SYN_AGR_0008,"Motivated agronomist with a passion for sustainable agriculture. dedicated agriculture professional aiming to optimize farm operations. Proficient in sustainable agriculture, seed selection, and aquaculture. Experienced with drone scouting and NDVI sensors. Served as agronomist at a leading organization, managing food safety and overseeing water resource management. Educational background: Diploma in Horticulture. Continuously updating skills in the field. Additional expertise in crop management, irrigation systems, and sustainable agriculture. Seeking to contribute meaningfully to a forward-thinking organization.",AGRICULTURE
SYN_AGR_0009,"Dynamic agricultural officer specializing in food safety and farm management. looking for a position in agronomy to improve crop yield and farm profitability. Core competencies include food safety, farm management, precision agriculture, and plant pathology. Successfully delivered plant pathology projects as agricultural officer. Collaborated cross-functionally on fertilizer application. BSc Agriculture graduate with distinction. Committed to ongoing professional development. Additional expertise in fertilizer application, agronomy, and animal husbandry. Committed to continuous learning and delivering high-impact results.",AGRICULTURE
SYN_AGR_0010,"dedicated agriculture professional aiming to optimize farm operations. Proven expertise in soil science, sustainable agriculture, and agronomy. Core competencies include soil science, sustainable agriculture, agronomy, and animal husbandry. Successfully delivered animal husbandry projects as agriculture extension officer. Collaborated cross-functionally on harvest planning. Educational background: BSc Food Technology. Continuously updating skills in the field. Additional expertise in organic farming, pest control, and precision agriculture. Committed to continuous learning and delivering high-impact results.",AGRICULTURE
SYN_AGR_0011,"seeking a challenging role in agricultural management to apply knowledge of crop science. Proven expertise in sustainable agriculture, supply chain, and crop management. Key skills: sustainable agriculture, supply chain, crop management. Familiar with irrigation controllers. Worked as agricultural officer for 1 years, handling irrigation systems and farm management responsibilities. Educational background: BSc Food Technology. Continuously updating skills in the field. Additional expertise in harvest planning, crop management, and precision agriculture. Committed to continuous learning and delivering high-impact results.",AGRICULTURE
SYN_AGR_0012,"dedicated agriculture professional aiming to optimize farm operations with 3 years of experience in fertilizer application and livestock management. Expertise spans fertilizer application, livestock management, and animal husbandry, supported by proficiency in GIS. Successfully delivered soil science projects as agriculture extension officer. Collaborated cross-functionally on supply chain. Educational background: Certified Crop Adviser (CCA). Continuously updating skills in the field. Additional expertise in soil science, food safety, and irrigation systems. Eager to leverage skills to drive organizational growth and excellence.",AGRICULTURE
SYN_AGR_0013,"Motivated agricultural officer with a passion for gis mapping. dedicated agriculture professional aiming to optimize farm operations. Strong background in gis mapping with hands-on experience using GIS and farm management software. Served as agricultural officer at a leading organization, managing soil science and overseeing irrigation systems. Completed MSc Agronomy. Strong academic foundation complemented by practical experience. Additional expertise in farm management, precision agriculture, and harvest planning. Eager to leverage skills to drive organizational growth and excellence.",AGRICULTURE
SYN_AGR_0014,"Motivated soil technician with a passion for aquaculture. seeking a challenging role in agricultural management to apply knowledge of crop science. Proficient in aquaculture, water resource management, and gis mapping. Experienced with farm management software and soil testing kits. Served as soil technician at a leading organization, managing agronomy and overseeing irrigation systems. Completed Diploma in Horticulture. Strong academic foundation complemented by practical experience. Additional expertise in livestock management, pest control, and aquaculture. Looking forward to taking on new challenges and growing professionally.",AGRICULTURE
SYN_AGR_0015,"aspiring to contribute to sustainable farming practices and food security. Proven expertise in agronomy, animal husbandry, and supply chain. Strong background in agronomy with hands-on experience using farm management software and drone scouting. Successfully delivered horticulture projects as horticulturist. Collaborated cross-functionally on precision agriculture. Completed BSc Agriculture. Strong academic foundation complemented by practical experience. Additional expertise in soil science, irrigation systems, and sustainable agriculture. Committed to continuous learning and delivering high-impact results.",AGRICULTURE
SYN_AGR_0016,"looking for a position in agronomy to improve crop yield and farm profitability with 3 years of experience in sustainable agriculture and precision agriculture. Core competencies include sustainable agriculture, precision agriculture, pest control, and aquaculture. Worked as farm manager for 3 years, handling aquaculture and supply chain responsibilities. Completed BSc Agriculture. Strong academic foundation complemented by practical experience. Additional expertise in gis mapping, supply chain, and horticulture. Committed to continuous learning and delivering high-impact results.",AGRICULTURE
SYN_AGR_0017,"looking for a position in agronomy to improve crop yield and farm profitability. Proven expertise in seed selection, fertilizer application, and farm management. Core competencies include seed selection, fertilizer application, farm management, and agronomy. Served as farm manager at a leading organization, managing agronomy and overseeing animal husbandry. Diploma in Horticulture graduate with distinction. Committed to ongoing professional development. Additional expertise in crop management, pest control, and greenhouse management. Committed to continuous learning and delivering high-impact results.",AGRICULTURE
SYN_AGR_0018,"seeking a challenging role in agricultural management to apply knowledge of crop science with 7 years of experience in soil science and plant pathology. Core competencies include soil science, plant pathology, farm management, and fertilizer application. Successfully delivered fertilizer application projects as horticulturist. Collaborated cross-functionally on aquaculture. Completed MSc Agronomy. Strong academic foundation complemented by practical experience. Additional expertise in precision agriculture, irrigation systems, and seed selection. Committed to continuous learning and delivering high-impact results.",AGRICULTURE
SYN_AGR_0019,"looking for a position in agronomy to improve crop yield and farm profitability with 3 years of experience in gis mapping and precision agriculture. Key skills: gis mapping, precision agriculture, soil science. Familiar with GIS. Served as farm manager at a leading organization, managing agronomy and overseeing organic farming. Completed BSc Agriculture. Strong academic foundation complemented by practical experience. Additional expertise in soil science, organic farming, and crop management. Eager to leverage skills to drive organizational growth and excellence.",AGRICULTURE
SYN_AGR_0020,"looking for a position in agronomy to improve crop yield and farm profitability. Proven expertise in greenhouse management, agronomy, and livestock management. Core competencies include greenhouse management, agronomy, livestock management, and food safety. Successfully delivered food safety projects as agriculture extension officer. Collaborated cross-functionally on water resource management. BSc Agriculture graduate with distinction. Committed to ongoing professional development. Additional expertise in animal husbandry, pest control, and water resource management. Looking forward to taking on new challenges and growing professionally.",AGRICULTURE
SYN_AGR_0021,"Dynamic farm manager specializing in organic farming and gis mapping. looking for a position in agronomy to improve crop yield and farm profitability. Core competencies include organic farming, gis mapping, water resource management, and greenhouse management. Worked as farm manager for 4 years, handling greenhouse management and aquaculture responsibilities. Completed Diploma in Horticulture. Strong academic foundation complemented by practical experience. Additional expertise in food safety, animal husbandry, and sustainable agriculture. Looking forward to taking on new challenges and growing professionally.",AGRICULTURE
SYN_AGR_0022,"aspiring to contribute to sustainable farming practices and food security. Proven expertise in horticulture, crop management, and soil science. Key skills: horticulture, crop management, soil science. Familiar with irrigation controllers. Successfully delivered farm management projects as agronomist. Collaborated cross-functionally on plant pathology. Diploma in Horticulture graduate with distinction. Committed to ongoing professional development. Additional expertise in farm management, horticulture, and sustainable agriculture. Seeking to contribute meaningfully to a forward-thinking organization.",AGRICULTURE
SYN_AGR_0023,"Motivated agriculture extension officer with a passion for food safety. aspiring to contribute to sustainable farming practices and food security. Key skills: food safety, aquaculture, soil science. Familiar with irrigation controllers. Successfully delivered supply chain projects as agriculture extension officer. Collaborated cross-functionally on farm management. MSc Agronomy graduate with distinction. Committed to ongoing professional development. Additional expertise in pest control, plant pathology, and aquaculture. Looking forward to taking on new challenges and growing professionally.",AGRICULTURE
SYN_AGR_0024,"dedicated agriculture professional aiming to optimize farm operations with 11 years of experience in farm management and precision agriculture. Core competencies include farm management, precision agriculture, aquaculture, and irrigation systems. Served as horticulturist at a leading organization, managing irrigation systems and overseeing livestock management. Educational background: Certified Crop Adviser (CCA). Continuously updating skills in the field. Additional expertise in harvest planning, horticulture, and fertilizer application. Seeking to contribute meaningfully to a forward-thinking organization.",AGRICULTURE
SYN_AGR_0025,"Motivated agriculture extension officer with a passion for soil science. dedicated agriculture professional aiming to optimize farm operations. Key skills: soil science, fertilizer application, organic farming. Familiar with irrigation controllers. Successfully delivered harvest planning projects as agriculture extension officer. Collaborated cross-functionally on crop management. Educational background: Diploma in Horticulture. Continuously updating skills in the field. Additional expertise in plant pathology, farm management, and precision agriculture. Committed to continuous learning and delivering high-impact results.",AGRICULTURE
SYN_AGR_0026,"looking for a position in agronomy to improve crop yield and farm profitability with 11 years of experience in animal husbandry and harvest planning. Proficient in animal husbandry, harvest planning, and pest control. Experienced with irrigation controllers and farm management software. Successfully delivered aquaculture projects as farm manager. Collaborated cross-functionally on horticulture. Educational background: BSc Food Technology. Continuously updating skills in the field. Additional expertise in aquaculture, pest control, and soil science. Looking forward to taking on new challenges and growing professionally.",AGRICULTURE
SYN_AGR_0027,"dedicated agriculture professional aiming to optimize farm operations with 6 years of experience in greenhouse management and harvest planning. Strong background in greenhouse management with hands-on experience using irrigation controllers and GPS tractor guidance. Served as field supervisor at a leading organization, managing organic farming and overseeing water resource management. Holds a MSc Agronomy with specialization in relevant areas. Additional expertise in sustainable agriculture, soil science, and crop management. Eager to leverage skills to drive organizational growth and excellence.",AGRICULTURE
SYN_AGR_0028,"aspiring to contribute to sustainable farming practices and food security. Proven expertise in horticulture, plant pathology, and agronomy. Expertise spans horticulture, plant pathology, and agronomy, supported by proficiency in GIS. Worked as farm manager for 4 years, handling gis mapping and fertilizer application responsibilities. Educational background: Certified Crop Adviser (CCA). Continuously updating skills in the field. Additional expertise in livestock management, agronomy, and gis mapping. Seeking to contribute meaningfully to a forward-thinking organization.",AGRICULTURE
SYN_AGR_0029,"Motivated agriculture extension officer with a passion for gis mapping. aspiring to contribute to sustainable farming practices and food security. Expertise spans gis mapping, sustainable agriculture, and farm management, supported by proficiency in NDVI sensors. Successfully delivered agronomy projects as agriculture extension officer. Collaborated cross-functionally on livestock management. Completed BSc Food Technology. Strong academic foundation complemented by practical experience. Additional expertise in irrigation systems, food safety, and sustainable agriculture. Looking forward to taking on new challenges and growing professionally.",AGRICULTURE
SYN_AGR_0030,"Dynamic agriculture extension officer specializing in seed selection and sustainable agriculture. seeking a challenging role in agricultural management to apply knowledge of crop science. Key skills: seed selection, sustainable agriculture, aquaculture. Familiar with GIS. Successfully delivered horticulture projects as agriculture extension officer. Collaborated cross-functionally on organic farming. Completed BSc Food Technology. Strong academic foundation complemented by practical experience. Additional expertise in greenhouse management, farm management, and irrigation systems. Looking forward to taking on new challenges and growing professionally.",AGRICULTURE
SYN_AGR_0031,"Motivated agronomist with a passion for crop management. dedicated agriculture professional aiming to optimize farm operations. Expertise spans crop management, plant pathology, and greenhouse management, supported by proficiency in soil testing kits. 6+ years as agronomist with a strong focus on pest control, sustainable agriculture, and team collaboration. Holds a BSc Food Technology with specialization in relevant areas. Additional expertise in food safety, fertilizer application, and irrigation systems. Eager to leverage skills to drive organizational growth and excellence.",AGRICULTURE
SYN_AGR_0032,"aspiring to contribute to sustainable farming practices and food security. Proven expertise in plant pathology, sustainable agriculture, and animal husbandry. Strong background in plant pathology with hands-on experience using soil testing kits and drone scouting. 12+ years as soil technician with a strong focus on aquaculture, crop management, and team collaboration. Certified Crop Adviser (CCA) graduate with distinction. Committed to ongoing professional development. Additional expertise in supply chain, food safety, and seed selection. Committed to continuous learning and delivering high-impact results.",AGRICULTURE
SYN_AGR_0033,"looking for a position in agronomy to improve crop yield and farm profitability. Proven expertise in precision agriculture, farm management, and agronomy. Core competencies include precision agriculture, farm management, agronomy, and fertilizer application. Successfully delivered fertilizer application projects as field supervisor. Collaborated cross-functionally on greenhouse management. Completed BSc Food Technology. Strong academic foundation complemented by practical experience. Additional expertise in gis mapping, food safety, and water resource management. Looking forward to taking on new challenges and growing professionally.",AGRICULTURE
SYN_AGR_0034,"Motivated agronomist with a passion for pest control. aspiring to contribute to sustainable farming practices and food security. Core competencies include pest control, livestock management, crop management, and supply chain. Successfully delivered supply chain projects as agronomist. Collaborated cross-functionally on horticulture. Holds a Diploma in Horticulture with specialization in relevant areas. Additional expertise in crop management, gis mapping, and livestock management. Committed to continuous learning and delivering high-impact results.",AGRICULTURE
SYN_AGR_0035,"aspiring to contribute to sustainable farming practices and food security. Proven expertise in precision agriculture, plant pathology, and agronomy. Core competencies include precision agriculture, plant pathology, agronomy, and irrigation systems. 1+ years as soil technician with a strong focus on irrigation systems, harvest planning, and team collaboration. Holds a Diploma in Horticulture with specialization in relevant areas. Additional expertise in farm management, agronomy, and supply chain. Committed to continuous learning and delivering high-impact results.",AGRICULTURE
SYN_AGR_0036,"Motivated agriculture extension officer with a passion for gis mapping. dedicated agriculture professional aiming to optimize farm operations. Proficient in gis mapping, organic farming, and livestock management. Experienced with NDVI sensors and drone scouting. Served as agriculture extension officer at a leading organization, managing animal husbandry and overseeing soil science. Educational background: BSc Food Technology. Continuously updating skills in the field. Additional expertise in pest control, supply chain, and irrigation systems. Eager to leverage skills to drive organizational growth and excellence.",AGRICULTURE
SYN_AGR_0037,"dedicated agriculture professional aiming to optimize farm operations. Proven expertise in soil science, farm management, and livestock management. Key skills: soil science, farm management, livestock management. Familiar with GIS. Worked as agriculture extension officer for 5 years, handling water resource management and aquaculture responsibilities. Educational background: BSc Food Technology. Continuously updating skills in the field. Additional expertise in sustainable agriculture, horticulture, and precision agriculture. Eager to leverage skills to drive organizational growth and excellence.",AGRICULTURE
SYN_AGR_0038,"Dynamic farm manager specializing in gis mapping and livestock management. looking for a position in agronomy to improve crop yield and farm profitability. Key skills: gis mapping, livestock management, aquaculture. Familiar with GIS. Worked as farm manager for 10 years, handling agronomy and water resource management responsibilities. Holds a MSc Agronomy with specialization in relevant areas. Additional expertise in organic farming, greenhouse management, and water resource management. Looking forward to taking on new challenges and growing professionally.",AGRICULTURE
SYN_AGR_0039,"seeking a challenging role in agricultural management to apply knowledge of crop science. Proven expertise in precision agriculture, gis mapping, and soil science. Expertise spans precision agriculture, gis mapping, and soil science, supported by proficiency in GIS. Successfully delivered pest control projects as agricultural officer. Collaborated cross-functionally on plant pathology. MSc Agronomy graduate with distinction. Committed to ongoing professional development. Additional expertise in irrigation systems, plant pathology, and seed selection. Committed to continuous learning and delivering high-impact results.",AGRICULTURE
SYN_AGR_0040,"Motivated field supervisor with a passion for organic farming. aspiring to contribute to sustainable farming practices and food security. Strong background in organic farming with hands-on experience using irrigation controllers and GPS tractor guidance. Worked as field supervisor for 6 years, handling harvest planning and supply chain responsibilities. BSc Agriculture graduate with distinction. Committed to ongoing professional development. Additional expertise in food safety, crop management, and animal husbandry. Committed to continuous learning and delivering high-impact results.",AGRICULTURE
SYN_AGR_0041,"Dynamic farm manager specializing in plant pathology and sustainable agriculture. looking for a position in agronomy to improve crop yield and farm profitability. Key skills: plant pathology, sustainable agriculture, aquaculture. Familiar with farm management software. Worked as farm manager for 10 years, handling soil science and fertilizer application responsibilities. Holds a MSc Agronomy with specialization in relevant areas. Additional expertise in sustainable agriculture, water resource management, and farm management. Eager to leverage skills to drive organizational growth and excellence.",AGRICULTURE
SYN_AGR_0042,"Motivated farm manager with a passion for farm management. dedicated agriculture professional aiming to optimize farm operations. Key skills: farm management, agronomy, aquaculture. Familiar with GIS. Successfully delivered sustainable agriculture projects as farm manager. Collaborated cross-functionally on horticulture. Certified Crop Adviser (CCA) graduate with distinction. Committed to ongoing professional development. Additional expertise in farm management, aquaculture, and supply chain. Eager to leverage skills to drive organizational growth and excellence.",AGRICULTURE
SYN_AGR_0043,"Dynamic agronomist specializing in precision agriculture and organic farming. aspiring to contribute to sustainable farming practices and food security. Core competencies include precision agriculture, organic farming, greenhouse management, and food safety. Successfully delivered food safety projects as agronomist. Collaborated cross-functionally on animal husbandry. Certified Crop Adviser (CCA) graduate with distinction. Committed to ongoing professional development. Additional expertise in seed selection, greenhouse management, and supply chain. Committed to continuous learning and delivering high-impact results.",AGRICULTURE
SYN_AGR_0044,"aspiring to contribute to sustainable farming practices and food security. Proven expertise in harvest planning, farm management, and organic farming. Key skills: harvest planning, farm management, organic farming. Familiar with GIS. Worked as field supervisor for 10 years, handling soil science and greenhouse management responsibilities. Educational background: MSc Agronomy. Continuously updating skills in the field. Additional expertise in food safety, gis mapping, and greenhouse management. Seeking to contribute meaningfully to a forward-thinking organization.",AGRICULTURE
SYN_AGR_0045,"dedicated agriculture professional aiming to optimize farm operations with 1 years of experience in horticulture and organic farming. Strong background in horticulture with hands-on experience using soil testing kits and farm management software. Successfully delivered irrigation systems projects as agricultural officer. Collaborated cross-functionally on plant pathology. Completed Certified Crop Adviser (CCA). Strong academic foundation complemented by practical experience. Additional expertise in sustainable agriculture, plant pathology, and supply chain. Seeking to contribute meaningfully to a forward-thinking organization.",AGRICULTURE
SYN_AGR_0046,"aspiring to contribute to sustainable farming practices and food security with 12 years of experience in irrigation systems and organic farming. Strong background in irrigation systems with hands-on experience using GIS and soil testing kits. Worked as agronomist for 12 years, handling water resource management and aquaculture responsibilities. Completed Diploma in Horticulture. Strong academic foundation complemented by practical experience. Additional expertise in seed selection, organic farming, and horticulture. Eager to leverage skills to drive organizational growth and excellence.",AGRICULTURE
SYN_AGR_0047,"Dynamic crop scientist specializing in water resource management and harvest planning. aspiring to contribute to sustainable farming practices and food security. Strong background in water resource management with hands-on experience using drone scouting and irrigation controllers. Worked as crop scientist for 2 years, handling farm management and plant pathology responsibilities. MSc Agronomy graduate with distinction. Committed to ongoing professional development. Additional expertise in livestock management, animal husbandry, and supply chain. Eager to leverage skills to drive organizational growth and excellence.",AGRICULTURE
SYN_AGR_0048,"looking for a position in agronomy to improve crop yield and farm profitability. Proven expertise in organic farming, precision agriculture, and aquaculture. Key skills: organic farming, precision agriculture, aquaculture. Familiar with NDVI sensors. 11+ years as soil technician with a strong focus on livestock management, fertilizer application, and team collaboration. Completed Diploma in Horticulture. Strong academic foundation complemented by practical experience. Additional expertise in livestock management, crop management, and animal husbandry. Committed to continuous learning and delivering high-impact results.",AGRICULTURE
SYN_AGR_0049,"seeking a challenging role in agricultural management to apply knowledge of crop science with 10 years of experience in plant pathology and livestock management. Proficient in plant pathology, livestock management, and farm management. Experienced with farm management software and soil testing kits. 10+ years as farm manager with a strong focus on seed selection, water resource management, and team collaboration. Certified Crop Adviser (CCA) graduate with distinction. Committed to ongoing professional development. Additional expertise in soil science, gis mapping, and seed selection. Eager to leverage skills to drive organizational growth and excellence.",AGRICULTURE
SYN_AGR_0050,"Dynamic horticulturist specializing in fertilizer application and horticulture. dedicated agriculture professional aiming to optimize farm operations. Strong background in fertilizer application with hands-on experience using soil testing kits and drone scouting. 3+ years as horticulturist with a strong focus on seed selection, food safety, and team collaboration. Holds a Diploma in Horticulture with specialization in relevant areas. Additional expertise in aquaculture, irrigation systems, and horticulture. Eager to leverage skills to drive organizational growth and excellence.",AGRICULTURE
SYN_AGR_0051,"dedicated agriculture professional aiming to optimize farm operations with 1 years of experience in precision agriculture and supply chain. Core competencies include precision agriculture, supply chain, agronomy, and aquaculture. Successfully delivered aquaculture projects as field supervisor. Collaborated cross-functionally on seed selection. Holds a BSc Agriculture with specialization in relevant areas. Additional expertise in water resource management, supply chain, and greenhouse management. Eager to leverage skills to drive organizational growth and excellence.",AGRICULTURE
SYN_AGR_0052,"dedicated agriculture professional aiming to optimize farm operations. Proven expertise in horticulture, soil science, and sustainable agriculture. Key skills: horticulture, soil science, sustainable agriculture. Familiar with GPS tractor guidance. Successfully delivered livestock management projects as soil technician. Collaborated cross-functionally on plant pathology. Completed Diploma in Horticulture. Strong academic foundation complemented by practical experience. Additional expertise in animal husbandry, supply chain, and organic farming. Eager to leverage skills to drive organizational growth and excellence.",AGRICULTURE
SYN_AGR_0053,"Motivated agricultural officer with a passion for soil science. dedicated agriculture professional aiming to optimize farm operations. Expertise spans soil science, seed selection, and fertilizer application, supported by proficiency in NDVI sensors. 5+ years as agricultural officer with a strong focus on aquaculture, gis mapping, and team collaboration. Holds a BSc Food Technology with specialization in relevant areas. Additional expertise in harvest planning, precision agriculture, and fertilizer application. Seeking to contribute meaningfully to a forward-thinking organization.",AGRICULTURE
SYN_AGR_0054,"seeking a challenging role in agricultural management to apply knowledge of crop science. Proven expertise in greenhouse management, farm management, and horticulture. Core competencies include greenhouse management, farm management, horticulture, and gis mapping. 1+ years as agricultural officer with a strong focus on gis mapping, fertilizer application, and team collaboration. Educational background: MSc Agronomy. Continuously updating skills in the field. Additional expertise in water resource management, crop management, and precision agriculture. Eager to leverage skills to drive organizational growth and excellence.",AGRICULTURE
SYN_AGR_0055,"seeking a challenging role in agricultural management to apply knowledge of crop science with 11 years of experience in crop management and horticulture. Core competencies include crop management, horticulture, animal husbandry, and seed selection. Successfully delivered seed selection projects as horticulturist. Collaborated cross-functionally on farm management. Holds a MSc Agronomy with specialization in relevant areas. Additional expertise in irrigation systems, plant pathology, and aquaculture. Looking forward to taking on new challenges and growing professionally.",AGRICULTURE
SYN_AGR_0056,"aspiring to contribute to sustainable farming practices and food security with 10 years of experience in soil science and food safety. Key skills: soil science, food safety, livestock management. Familiar with irrigation controllers. Successfully delivered aquaculture projects as soil technician. Collaborated cross-functionally on crop management. Holds a Certified Crop Adviser (CCA) with specialization in relevant areas. Additional expertise in irrigation systems, greenhouse management, and water resource management. Eager to leverage skills to drive organizational growth and excellence.",AGRICULTURE
SYN_AGR_0057,"looking for a position in agronomy to improve crop yield and farm profitability. Proven expertise in water resource management, food safety, and livestock management. Key skills: water resource management, food safety, livestock management. Familiar with GPS tractor guidance. Successfully delivered aquaculture projects as crop scientist. Collaborated cross-functionally on sustainable agriculture. Educational background: Diploma in Horticulture. Continuously updating skills in the field. Additional expertise in organic farming, greenhouse management, and aquaculture. Committed to continuous learning and delivering high-impact results.",AGRICULTURE
SYN_AGR_0058,"Dynamic agricultural officer specializing in animal husbandry and precision agriculture. dedicated agriculture professional aiming to optimize farm operations. Proficient in animal husbandry, precision agriculture, and seed selection. Experienced with GPS tractor guidance and NDVI sensors. 6+ years as agricultural officer with a strong focus on horticulture, plant pathology, and team collaboration. Educational background: Diploma in Horticulture. Continuously updating skills in the field. Additional expertise in supply chain, soil science, and gis mapping. Looking forward to taking on new challenges and growing professionally.",AGRICULTURE
SYN_AGR_0059,"dedicated agriculture professional aiming to optimize farm operations. Proven expertise in soil science, livestock management, and water resource management. Key skills: soil science, livestock management, water resource management. Familiar with farm management software. Served as agriculture extension officer at a leading organization, managing sustainable agriculture and overseeing seed selection. Holds a Diploma in Horticulture with specialization in relevant areas. Additional expertise in seed selection, supply chain, and agronomy. Looking forward to taking on new challenges and growing professionally.",AGRICULTURE
SYN_AGR_0060,"seeking a challenging role in agricultural management to apply knowledge of crop science. Proven expertise in animal husbandry, precision agriculture, and crop management. Core competencies include animal husbandry, precision agriculture, crop management, and pest control. Successfully delivered pest control projects as agriculture extension officer. Collaborated cross-functionally on sustainable agriculture. Holds a Certified Crop Adviser (CCA) with specialization in relevant areas. Additional expertise in horticulture, sustainable agriculture, and crop management. Seeking to contribute meaningfully to a forward-thinking organization.",AGRICULTURE
SYN_AGR_0061,"dedicated agriculture professional aiming to optimize farm operations with 6 years of experience in pest control and seed selection. Proficient in pest control, seed selection, and livestock management. Experienced with drone scouting and NDVI sensors. 6+ years as agriculture extension officer with a strong focus on greenhouse management, irrigation systems, and team collaboration. BSc Food Technology graduate with distinction. Committed to ongoing professional development. Additional expertise in animal husbandry, organic farming, and plant pathology. Committed to continuous learning and delivering high-impact results.",AGRICULTURE
SYN_AGR_0062,"seeking a challenging role in agricultural management to apply knowledge of crop science. Proven expertise in organic farming, agronomy, and livestock management. Key skills: organic farming, agronomy, livestock management. Familiar with GIS. Worked as horticulturist for 6 years, handling gis mapping and plant pathology responsibilities. Holds a MSc Agronomy with specialization in relevant areas. Additional expertise in fertilizer application, livestock management, and horticulture. Looking forward to taking on new challenges and growing professionally.",AGRICULTURE
SYN_AGR_0063,"seeking a challenging role in agricultural management to apply knowledge of crop science with 8 years of experience in organic farming and pest control. Key skills: organic farming, pest control, horticulture. Familiar with farm management software. Worked as field supervisor for 8 years, handling harvest planning and supply chain responsibilities. BSc Agriculture graduate with distinction. Committed to ongoing professional development. Additional expertise in crop management, aquaculture, and irrigation systems. Looking forward to taking on new challenges and growing professionally.",AGRICULTURE
SYN_AGR_0064,"looking for a position in agronomy to improve crop yield and farm profitability. Proven expertise in harvest planning, crop management, and greenhouse management. Key skills: harvest planning, crop management, greenhouse management. Familiar with GPS tractor guidance. Successfully delivered pest control projects as agriculture extension officer. Collaborated cross-functionally on aquaculture. Holds a BSc Food Technology with specialization in relevant areas. Additional expertise in harvest planning, livestock management, and greenhouse management. Eager to leverage skills to drive organizational growth and excellence.",AGRICULTURE
SYN_AGR_0065,"seeking a challenging role in agricultural management to apply knowledge of crop science. Proven expertise in food safety, fertilizer application, and seed selection. Core competencies include food safety, fertilizer application, seed selection, and water resource management. Served as crop scientist at a leading organization, managing water resource management and overseeing horticulture. Holds a BSc Agriculture with specialization in relevant areas. Additional expertise in pest control, sustainable agriculture, and plant pathology. Committed to continuous learning and delivering high-impact results.",AGRICULTURE
SYN_AGR_0066,"Motivated field supervisor with a passion for irrigation systems. aspiring to contribute to sustainable farming practices and food security. Key skills: irrigation systems, plant pathology, aquaculture. Familiar with soil testing kits. Successfully delivered livestock management projects as field supervisor. Collaborated cross-functionally on precision agriculture. Holds a Diploma in Horticulture with specialization in relevant areas. Additional expertise in soil science, seed selection, and livestock management. Seeking to contribute meaningfully to a forward-thinking organization.",AGRICULTURE
SYN_AGR_0067,"seeking a challenging role in agricultural management to apply knowledge of crop science with 8 years of experience in gis mapping and sustainable agriculture. Strong background in gis mapping with hands-on experience using drone scouting and GPS tractor guidance. Worked as agriculture extension officer for 8 years, handling greenhouse management and plant pathology responsibilities. Educational background: BSc Food Technology. Continuously updating skills in the field. Additional expertise in soil science, farm management, and aquaculture. Committed to continuous learning and delivering high-impact results.",AGRICULTURE
SYN_AGR_0068,"Dynamic field supervisor specializing in organic farming and greenhouse management. looking for a position in agronomy to improve crop yield and farm profitability. Strong background in organic farming with hands-on experience using soil testing kits and GPS tractor guidance. 7+ years as field supervisor with a strong focus on soil science, sustainable agriculture, and team collaboration. Educational background: Diploma in Horticulture. Continuously updating skills in the field. Additional expertise in greenhouse management, irrigation systems, and gis mapping. Eager to leverage skills to drive organizational growth and excellence.",AGRICULTURE
SYN_AGR_0069,"aspiring to contribute to sustainable farming practices and food security with 10 years of experience in irrigation systems and livestock management. Key skills: irrigation systems, livestock management, supply chain. Familiar with GIS. 10+ years as horticulturist with a strong focus on harvest planning, greenhouse management, and team collaboration. Holds a BSc Food Technology with specialization in relevant areas. Additional expertise in seed selection, livestock management, and pest control. Eager to leverage skills to drive organizational growth and excellence.",AGRICULTURE
SYN_AGR_0070,"aspiring to contribute to sustainable farming practices and food security. Proven expertise in horticulture, irrigation systems, and livestock management. Expertise spans horticulture, irrigation systems, and livestock management, supported by proficiency in GPS tractor guidance. Successfully delivered agronomy projects as soil technician. Collaborated cross-functionally on food safety. Educational background: MSc Agronomy. Continuously updating skills in the field. Additional expertise in pest control, water resource management, and aquaculture. Seeking to contribute meaningfully to a forward-thinking organization.",AGRICULTURE
SYN_AGR_0071,"Motivated field supervisor with a passion for livestock management. dedicated agriculture professional aiming to optimize farm operations. Expertise spans livestock management, aquaculture, and farm management, supported by proficiency in NDVI sensors. Successfully delivered supply chain projects as field supervisor. Collaborated cross-functionally on water resource management. MSc Agronomy graduate with distinction. Committed to ongoing professional development. Additional expertise in livestock management, harvest planning, and food safety. Committed to continuous learning and delivering high-impact results.",AGRICULTURE
SYN_AGR_0072,"Motivated agronomist with a passion for soil science. aspiring to contribute to sustainable farming practices and food security. Proficient in soil science, sustainable agriculture, and plant pathology. Experienced with GIS and farm management software. Served as agronomist at a leading organization, managing seed selection and overseeing supply chain. Completed Certified Crop Adviser (CCA). Strong academic foundation complemented by practical experience. Additional expertise in aquaculture, food safety, and horticulture. Committed to continuous learning and delivering high-impact results.",AGRICULTURE
SYN_AGR_0073,"looking for a position in agronomy to improve crop yield and farm profitability. Proven expertise in organic farming, soil science, and harvest planning. Proficient in organic farming, soil science, and harvest planning. Experienced with irrigation controllers and GPS tractor guidance. 1+ years as agronomist with a strong focus on food safety, seed selection, and team collaboration. Holds a BSc Food Technology with specialization in relevant areas. Additional expertise in sustainable agriculture, greenhouse management, and horticulture. Eager to leverage skills to drive organizational growth and excellence.",AGRICULTURE
SYN_AGR_0074,"Dynamic horticulturist specializing in plant pathology and aquaculture. aspiring to contribute to sustainable farming practices and food security. Proficient in plant pathology, aquaculture, and water resource management. Experienced with soil testing kits and drone scouting. 12+ years as horticulturist with a strong focus on crop management, irrigation systems, and team collaboration. Educational background: BSc Food Technology. Continuously updating skills in the field. Additional expertise in livestock management, agronomy, and soil science. Eager to leverage skills to drive organizational growth and excellence.",AGRICULTURE
SYN_AGR_0075,"Motivated soil technician with a passion for water resource management. seeking a challenging role in agricultural management to apply knowledge of crop science. Core competencies include water resource management, supply chain, crop management, and food safety. Successfully delivered food safety projects as soil technician. Collaborated cross-functionally on farm management. Educational background: BSc Agriculture. Continuously updating skills in the field. Additional expertise in animal husbandry, irrigation systems, and food safety. Looking forward to taking on new challenges and growing professionally.",AGRICULTURE
SYN_AGR_0076,"dedicated agriculture professional aiming to optimize farm operations. Proven expertise in sustainable agriculture, harvest planning, and seed selection. Proficient in sustainable agriculture, harvest planning, and seed selection. Experienced with NDVI sensors and GPS tractor guidance. 1+ years as farm manager with a strong focus on precision agriculture, crop management, and team collaboration. Educational background: BSc Food Technology. Continuously updating skills in the field. Additional expertise in soil science, seed selection, and supply chain. Looking forward to taking on new challenges and growing professionally.",AGRICULTURE
SYN_AGR_0077,"Motivated soil technician with a passion for irrigation systems. aspiring to contribute to sustainable farming practices and food security. Strong background in irrigation systems with hands-on experience using NDVI sensors and drone scouting. Successfully delivered livestock management projects as soil technician. Collaborated cross-functionally on fertilizer application. BSc Food Technology graduate with distinction. Committed to ongoing professional development. Additional expertise in precision agriculture, soil science, and sustainable agriculture. Eager to leverage skills to drive organizational growth and excellence.",AGRICULTURE
SYN_AGR_0078,"Dynamic field supervisor specializing in agronomy and seed selection. looking for a position in agronomy to improve crop yield and farm profitability. Strong background in agronomy with hands-on experience using soil testing kits and drone scouting. 5+ years as field supervisor with a strong focus on harvest planning, aquaculture, and team collaboration. Holds a BSc Agriculture with specialization in relevant areas. Additional expertise in organic farming, irrigation systems, and water resource management. Eager to leverage skills to drive organizational growth and excellence.",AGRICULTURE
SYN_AGR_0079,"Dynamic field supervisor specializing in animal husbandry and livestock management. seeking a challenging role in agricultural management to apply knowledge of crop science. Proficient in animal husbandry, livestock management, and sustainable agriculture. Experienced with GIS and irrigation controllers. 6+ years as field supervisor with a strong focus on aquaculture, organic farming, and team collaboration. BSc Agriculture graduate with distinction. Committed to ongoing professional development. Additional expertise in precision agriculture, sustainable agriculture, and soil science. Seeking to contribute meaningfully to a forward-thinking organization.",AGRICULTURE
SYN_AGR_0080,"Motivated field supervisor with a passion for horticulture. aspiring to contribute to sustainable farming practices and food security. Key skills: horticulture, water resource management, aquaculture. Familiar with drone scouting. Worked as field supervisor for 1 years, handling soil science and animal husbandry responsibilities. Educational background: Certified Crop Adviser (CCA). Continuously updating skills in the field. Additional expertise in animal husbandry, aquaculture, and seed selection. Looking forward to taking on new challenges and growing professionally.",AGRICULTURE
SYN_AGR_0081,"Dynamic agricultural officer specializing in seed selection and harvest planning. aspiring to contribute to sustainable farming practices and food security. Expertise spans seed selection, harvest planning, and greenhouse management, supported by proficiency in GPS tractor guidance. Successfully delivered precision agriculture projects as agricultural officer. Collaborated cross-functionally on farm management. Holds a Certified Crop Adviser (CCA) with specialization in relevant areas. Additional expertise in precision agriculture, aquaculture, and fertilizer application. Looking forward to taking on new challenges and growing professionally.",AGRICULTURE
SYN_AGR_0082,"Motivated agronomist with a passion for aquaculture. aspiring to contribute to sustainable farming practices and food security. Strong background in aquaculture with hands-on experience using GIS and GPS tractor guidance. Served as agronomist at a leading organization, managing irrigation systems and overseeing greenhouse management. Educational background: BSc Agriculture. Continuously updating skills in the field. Additional expertise in seed selection, food safety, and farm management. Seeking to contribute meaningfully to a forward-thinking organization.",AGRICULTURE
SYN_AGR_0083,"Motivated crop scientist with a passion for seed selection. dedicated agriculture professional aiming to optimize farm operations. Key skills: seed selection, supply chain, gis mapping. Familiar with farm management software. Successfully delivered animal husbandry projects as crop scientist. Collaborated cross-functionally on aquaculture. MSc Agronomy graduate with distinction. Committed to ongoing professional development. Additional expertise in organic farming, gis mapping, and irrigation systems. Eager to leverage skills to drive organizational growth and excellence.",AGRICULTURE
SYN_AGR_0084,"dedicated agriculture professional aiming to optimize farm operations with 11 years of experience in food safety and seed selection. Expertise spans food safety, seed selection, and horticulture, supported by proficiency in irrigation controllers. Served as agricultural officer at a leading organization, managing supply chain and overseeing pest control. Completed BSc Food Technology. Strong academic foundation complemented by practical experience. Additional expertise in pest control, greenhouse management, and farm management. Looking forward to taking on new challenges and growing professionally.",AGRICULTURE
SYN_AGR_0085,"aspiring to contribute to sustainable farming practices and food security. Proven expertise in supply chain, precision agriculture, and horticulture. Core competencies include supply chain, precision agriculture, horticulture, and livestock management. 11+ years as agricultural officer with a strong focus on livestock management, animal husbandry, and team collaboration. Holds a Diploma in Horticulture with specialization in relevant areas. Additional expertise in crop management, irrigation systems, and soil science. Looking forward to taking on new challenges and growing professionally.",AGRICULTURE
SYN_AGR_0086,"Motivated agriculture extension officer with a passion for sustainable agriculture. seeking a challenging role in agricultural management to apply knowledge of crop science. Key skills: sustainable agriculture, supply chain, livestock management. Familiar with NDVI sensors. Worked as agriculture extension officer for 8 years, handling water resource management and plant pathology responsibilities. Holds a Certified Crop Adviser (CCA) with specialization in relevant areas. Additional expertise in pest control, aquaculture, and organic farming. Committed to continuous learning and delivering high-impact results.",AGRICULTURE
SYN_AGR_0087,"aspiring to contribute to sustainable farming practices and food security. Proven expertise in greenhouse management, seed selection, and harvest planning. Key skills: greenhouse management, seed selection, harvest planning. Familiar with farm management software. Worked as agronomist for 6 years, handling horticulture and sustainable agriculture responsibilities. Completed Diploma in Horticulture. Strong academic foundation complemented by practical experience. Additional expertise in aquaculture, farm management, and horticulture. Seeking to contribute meaningfully to a forward-thinking organization.",AGRICULTURE
SYN_AGR_0088,"Dynamic horticulturist specializing in pest control and greenhouse management. dedicated agriculture professional aiming to optimize farm operations. Strong background in pest control with hands-on experience using irrigation controllers and farm management software. Successfully delivered sustainable agriculture projects as horticulturist. Collaborated cross-functionally on fertilizer application. Holds a BSc Food Technology with specialization in relevant areas. Additional expertise in irrigation systems, harvest planning, and food safety. Committed to continuous learning and delivering high-impact results.",AGRICULTURE
SYN_AGR_0089,"looking for a position in agronomy to improve crop yield and farm profitability. Proven expertise in soil science, livestock management, and plant pathology. Strong background in soil science with hands-on experience using NDVI sensors and GPS tractor guidance. 1+ years as agronomist with a strong focus on water resource management, sustainable agriculture, and team collaboration. Certified Crop Adviser (CCA) graduate with distinction. Committed to ongoing professional development. Additional expertise in seed selection, soil science, and harvest planning. Seeking to contribute meaningfully to a forward-thinking organization.",AGRICULTURE
SYN_AGR_0090,"Motivated field supervisor with a passion for harvest planning. looking for a position in agronomy to improve crop yield and farm profitability. Strong background in harvest planning with hands-on experience using drone scouting and GPS tractor guidance. 2+ years as field supervisor with a strong focus on supply chain, precision agriculture, and team collaboration. Educational background: Certified Crop Adviser (CCA). Continuously updating skills in the field. Additional expertise in fertilizer application, water resource management, and food safety. Committed to continuous learning and delivering high-impact results.",AGRICULTURE
SYN_AGR_0091,"Motivated farm manager with a passion for greenhouse management. aspiring to contribute to sustainable farming practices and food security. Core competencies include greenhouse management, plant pathology, food safety, and aquaculture. Successfully delivered aquaculture projects as farm manager. Collaborated cross-functionally on horticulture. Completed BSc Agriculture. Strong academic foundation complemented by practical experience. Additional expertise in gis mapping, greenhouse management, and food safety. Committed to continuous learning and delivering high-impact results.",AGRICULTURE
SYN_AGR_0092,"looking for a position in agronomy to improve crop yield and farm profitability. Proven expertise in animal husbandry, agronomy, and organic farming. Proficient in animal husbandry, agronomy, and organic farming. Experienced with farm management software and irrigation controllers. Successfully delivered gis mapping projects as soil technician. Collaborated cross-functionally on livestock management. Educational background: BSc Agriculture. Continuously updating skills in the field. Additional expertise in food safety, sustainable agriculture, and water resource management. Committed to continuous learning and delivering high-impact results.",AGRICULTURE
SYN_AGR_0093,"Dynamic agronomist specializing in crop management and aquaculture. seeking a challenging role in agricultural management to apply knowledge of crop science. Proficient in crop management, aquaculture, and greenhouse management. Experienced with GIS and drone scouting. Served as agronomist at a leading organization, managing organic farming and overseeing horticulture. Educational background: BSc Agriculture. Continuously updating skills in the field. Additional expertise in supply chain, greenhouse management, and animal husbandry. Committed to continuous learning and delivering high-impact results.",AGRICULTURE
SYN_AGR_0094,"Motivated field supervisor with a passion for greenhouse management. dedicated agriculture professional aiming to optimize farm operations. Core competencies include greenhouse management, supply chain, seed selection, and precision agriculture. 9+ years as field supervisor with a strong focus on precision agriculture, plant pathology, and team collaboration. Completed MSc Agronomy. Strong academic foundation complemented by practical experience. Additional expertise in fertilizer application, plant pathology, and greenhouse management. Committed to continuous learning and delivering high-impact results.",AGRICULTURE
SYN_AGR_0095,"seeking a challenging role in agricultural management to apply knowledge of crop science with 10 years of experience in animal husbandry and supply chain. Strong background in animal husbandry with hands-on experience using soil testing kits and GPS tractor guidance. Successfully delivered water resource management projects as horticulturist. Collaborated cross-functionally on seed selection. Completed Diploma in Horticulture. Strong academic foundation complemented by practical experience. Additional expertise in plant pathology, fertilizer application, and supply chain. Looking forward to taking on new challenges and growing professionally.",AGRICULTURE
SYN_AGR_0096,"aspiring to contribute to sustainable farming practices and food security with 4 years of experience in soil science and food safety. Core competencies include soil science, food safety, farm management, and water resource management. Worked as crop scientist for 4 years, handling water resource management and animal husbandry responsibilities. Educational background: BSc Agriculture. Continuously updating skills in the field. Additional expertise in organic farming, sustainable agriculture, and plant pathology. Committed to continuous learning and delivering high-impact results.",AGRICULTURE
SYN_AGR_0097,"looking for a position in agronomy to improve crop yield and farm profitability with 11 years of experience in soil science and irrigation systems. Key skills: soil science, irrigation systems, gis mapping. Familiar with drone scouting. Successfully delivered farm management projects as horticulturist. Collaborated cross-functionally on supply chain. Educational background: Diploma in Horticulture. Continuously updating skills in the field. Additional expertise in livestock management, soil science, and crop management. Looking forward to taking on new challenges and growing professionally.",AGRICULTURE
SYN_AGR_0098,"Motivated field supervisor with a passion for supply chain. dedicated agriculture professional aiming to optimize farm operations. Core competencies include supply chain, food safety, plant pathology, and horticulture. Successfully delivered horticulture projects as field supervisor. Collaborated cross-functionally on sustainable agriculture. Completed Diploma in Horticulture. Strong academic foundation complemented by practical experience. Additional expertise in pest control, crop management, and greenhouse management. Looking forward to taking on new challenges and growing professionally.",AGRICULTURE
SYN_AGR_0099,"dedicated agriculture professional aiming to optimize farm operations. Proven expertise in food safety, greenhouse management, and irrigation systems. Proficient in food safety, greenhouse management, and irrigation systems. Experienced with drone scouting and irrigation controllers. 7+ years as crop scientist with a strong focus on harvest planning, agronomy, and team collaboration. Certified Crop Adviser (CCA) graduate with distinction. Committed to ongoing professional development. Additional expertise in farm management, aquaculture, and precision agriculture. Looking forward to taking on new challenges and growing professionally.",AGRICULTURE
SYN_AGR_0100,"Motivated farm manager with a passion for farm management. looking for a position in agronomy to improve crop yield and farm profitability. Proficient in farm management, soil science, and agronomy. Experienced with irrigation controllers and GIS. 12+ years as farm manager with a strong focus on aquaculture, livestock management, and team collaboration. Completed Diploma in Horticulture. Strong academic foundation complemented by practical experience. Additional expertise in water resource management, farm management, and horticulture. Committed to continuous learning and delivering high-impact results.",AGRICULTURE
SYN_AGR_0101,"Motivated soil technician with a passion for supply chain. looking for a position in agronomy to improve crop yield and farm profitability. Proficient in supply chain, plant pathology, and animal husbandry. Experienced with farm management software and irrigation controllers. Worked as soil technician for 7 years, handling fertilizer application and farm management responsibilities. Holds a Certified Crop Adviser (CCA) with specialization in relevant areas. Additional expertise in supply chain, food safety, and fertilizer application. Eager to leverage skills to drive organizational growth and excellence.",AGRICULTURE
SYN_AGR_0102,"dedicated agriculture professional aiming to optimize farm operations. Proven expertise in animal husbandry, fertilizer application, and gis mapping. Expertise spans animal husbandry, fertilizer application, and gis mapping, supported by proficiency in irrigation controllers. Successfully delivered plant pathology projects as field supervisor. Collaborated cross-functionally on irrigation systems. Certified Crop Adviser (CCA) graduate with distinction. Committed to ongoing professional development. Additional expertise in gis mapping, soil science, and supply chain. Committed to continuous learning and delivering high-impact results.",AGRICULTURE
SYN_AGR_0103,"looking for a position in agronomy to improve crop yield and farm profitability with 1 years of experience in fertilizer application and gis mapping. Proficient in fertilizer application, gis mapping, and irrigation systems. Experienced with GIS and GPS tractor guidance. Successfully delivered soil science projects as farm manager. Collaborated cross-functionally on organic farming. Holds a BSc Food Technology with specialization in relevant areas. Additional expertise in livestock management, organic farming, and pest control. Eager to leverage skills to drive organizational growth and excellence.",AGRICULTURE
SYN_AGR_0104,"dedicated agriculture professional aiming to optimize farm operations. Proven expertise in harvest planning, irrigation systems, and supply chain. Core competencies include harvest planning, irrigation systems, supply chain, and horticulture. Worked as field supervisor for 7 years, handling horticulture and seed selection responsibilities. Holds a BSc Food Technology with specialization in relevant areas. Additional expertise in livestock management, aquaculture, and animal husbandry. Committed to continuous learning and delivering high-impact results.",AGRICULTURE
SYN_AGR_0105,"dedicated agriculture professional aiming to optimize farm operations. Proven expertise in horticulture, precision agriculture, and fertilizer application. Proficient in horticulture, precision agriculture, and fertilizer application. Experienced with farm management software and GPS tractor guidance. Worked as agronomist for 6 years, handling agronomy and soil science responsibilities. Holds a MSc Agronomy with specialization in relevant areas. Additional expertise in aquaculture, water resource management, and animal husbandry. Seeking to contribute meaningfully to a forward-thinking organization.",AGRICULTURE
SYN_AGR_0106,"Motivated farm manager with a passion for supply chain. dedicated agriculture professional aiming to optimize farm operations. Expertise spans supply chain, fertilizer application, and soil science, supported by proficiency in drone scouting. 4+ years as farm manager with a strong focus on horticulture, food safety, and team collaboration. Educational background: BSc Food Technology. Continuously updating skills in the field. Additional expertise in livestock management, horticulture, and animal husbandry. Eager to leverage skills to drive organizational growth and excellence.",AGRICULTURE
SYN_AGR_0107,"Motivated horticulturist with a passion for gis mapping. seeking a challenging role in agricultural management to apply knowledge of crop science. Key skills: gis mapping, pest control, organic farming. Familiar with soil testing kits. Successfully delivered supply chain projects as horticulturist. Collaborated cross-functionally on plant pathology. Educational background: Diploma in Horticulture. Continuously updating skills in the field. Additional expertise in livestock management, harvest planning, and pest control. Committed to continuous learning and delivering high-impact results.",AGRICULTURE
SYN_AGR_0108,"Motivated agronomist with a passion for soil science. aspiring to contribute to sustainable farming practices and food security. Core competencies include soil science, supply chain, organic farming, and water resource management. 8+ years as agronomist with a strong focus on water resource management, sustainable agriculture, and team collaboration. Holds a Diploma in Horticulture with specialization in relevant areas. Additional expertise in aquaculture, seed selection, and irrigation systems. Eager to leverage skills to drive organizational growth and excellence.",AGRICULTURE
SYN_AGR_0109,"seeking a challenging role in agricultural management to apply knowledge of crop science with 2 years of experience in fertilizer application and gis mapping. Core competencies include fertilizer application, gis mapping, supply chain, and animal husbandry. Served as horticulturist at a leading organization, managing animal husbandry and overseeing plant pathology. Holds a BSc Food Technology with specialization in relevant areas. Additional expertise in plant pathology, farm management, and water resource management. Eager to leverage skills to drive organizational growth and excellence.",AGRICULTURE
SYN_AGR_0110,"Dynamic agronomist specializing in harvest planning and aquaculture. looking for a position in agronomy to improve crop yield and farm profitability. Proficient in harvest planning, aquaculture, and supply chain. Experienced with soil testing kits and farm management software. Successfully delivered seed selection projects as agronomist. Collaborated cross-functionally on livestock management. Completed Certified Crop Adviser (CCA). Strong academic foundation complemented by practical experience. Additional expertise in fertilizer application, seed selection, and greenhouse management. Committed to continuous learning and delivering high-impact results.",AGRICULTURE
SYN_AGR_0111,"Dynamic agronomist specializing in supply chain and gis mapping. seeking a challenging role in agricultural management to apply knowledge of crop science. Expertise spans supply chain, gis mapping, and sustainable agriculture, supported by proficiency in drone scouting. Served as agronomist at a leading organization, managing organic farming and overseeing livestock management. MSc Agronomy graduate with distinction. Committed to ongoing professional development. Additional expertise in supply chain, sustainable agriculture, and animal husbandry. Looking forward to taking on new challenges and growing professionally.",AGRICULTURE
SYN_AGR_0112,"dedicated agriculture professional aiming to optimize farm operations with 3 years of experience in seed selection and pest control. Proficient in seed selection, pest control, and horticulture. Experienced with farm management software and GIS. Worked as soil technician for 3 years, handling supply chain and plant pathology responsibilities. Holds a BSc Food Technology with specialization in relevant areas. Additional expertise in organic farming, horticulture, and sustainable agriculture. Eager to leverage skills to drive organizational growth and excellence.",AGRICULTURE
SYN_AGR_0113,"Dynamic crop scientist specializing in aquaculture and seed selection. aspiring to contribute to sustainable farming practices and food security. Proficient in aquaculture, seed selection, and soil science. Experienced with GPS tractor guidance and farm management software. Worked as crop scientist for 9 years, handling plant pathology and gis mapping responsibilities. Completed BSc Agriculture. Strong academic foundation complemented by practical experience. Additional expertise in supply chain, livestock management, and crop management. Committed to continuous learning and delivering high-impact results.",AGRICULTURE
SYN_AGR_0114,"Motivated agricultural officer with a passion for fertilizer application. aspiring to contribute to sustainable farming practices and food security. Key skills: fertilizer application, water resource management, food safety. Familiar with NDVI sensors. Successfully delivered precision agriculture projects as agricultural officer. Collaborated cross-functionally on seed selection. Educational background: BSc Agriculture. Continuously updating skills in the field. Additional expertise in farm management, livestock management, and animal husbandry. Seeking to contribute meaningfully to a forward-thinking organization.",AGRICULTURE
SYN_AGR_0115,"dedicated agriculture professional aiming to optimize farm operations with 7 years of experience in supply chain and plant pathology. Expertise spans supply chain, plant pathology, and soil science, supported by proficiency in irrigation controllers. Worked as agricultural officer for 7 years, handling crop management and pest control responsibilities. Educational background: BSc Food Technology. Continuously updating skills in the field. Additional expertise in fertilizer application, gis mapping, and plant pathology. Looking forward to taking on new challenges and growing professionally.",AGRICULTURE
SYN_AGR_0116,"seeking a challenging role in agricultural management to apply knowledge of crop science. Proven expertise in greenhouse management, crop management, and fertilizer application. Expertise spans greenhouse management, crop management, and fertilizer application, supported by proficiency in GPS tractor guidance. Successfully delivered gis mapping projects as agricultural officer. Collaborated cross-functionally on horticulture. Completed Diploma in Horticulture. Strong academic foundation complemented by practical experience. Additional expertise in harvest planning, horticulture, and irrigation systems. Looking forward to taking on new challenges and growing professionally.",AGRICULTURE
SYN_AGR_0117,"Dynamic agricultural officer specializing in greenhouse management and water resource management. aspiring to contribute to sustainable farming practices and food security. Core competencies include greenhouse management, water resource management, sustainable agriculture, and harvest planning. 2+ years as agricultural officer with a strong focus on harvest planning, animal husbandry, and team collaboration. BSc Food Technology graduate with distinction. Committed to ongoing professional development. Additional expertise in organic farming, pest control, and animal husbandry. Committed to continuous learning and delivering high-impact results.",AGRICULTURE
SYN_AGR_0118,"seeking a challenging role in agricultural management to apply knowledge of crop science with 2 years of experience in precision agriculture and horticulture. Strong background in precision agriculture with hands-on experience using soil testing kits and GPS tractor guidance. Successfully delivered sustainable agriculture projects as horticulturist. Collaborated cross-functionally on water resource management. Completed MSc Agronomy. Strong academic foundation complemented by practical experience. Additional expertise in precision agriculture, agronomy, and horticulture. Seeking to contribute meaningfully to a forward-thinking organization.",AGRICULTURE
SYN_AGR_0119,"Motivated agriculture extension officer with a passion for crop management. dedicated agriculture professional aiming to optimize farm operations. Key skills: crop management, irrigation systems, seed selection. Familiar with NDVI sensors. Successfully delivered supply chain projects as agriculture extension officer. Collaborated cross-functionally on sustainable agriculture. Holds a BSc Food Technology with specialization in relevant areas. Additional expertise in supply chain, farm management, and gis mapping. Eager to leverage skills to drive organizational growth and excellence.",AGRICULTURE
SYN_AGR_0120,"Dynamic crop scientist specializing in precision agriculture and plant pathology. looking for a position in agronomy to improve crop yield and farm profitability. Proficient in precision agriculture, plant pathology, and horticulture. Experienced with soil testing kits and irrigation controllers. 5+ years as crop scientist with a strong focus on irrigation systems, pest control, and team collaboration. Completed MSc Agronomy. Strong academic foundation complemented by practical experience. Additional expertise in farm management, sustainable agriculture, and plant pathology. Eager to leverage skills to drive organizational growth and excellence.",AGRICULTURE
SYN_AGR_0121,"looking for a position in agronomy to improve crop yield and farm profitability. Proven expertise in harvest planning, greenhouse management, and water resource management. Strong background in harvest planning with hands-on experience using soil testing kits and irrigation controllers. 1+ years as agricultural officer with a strong focus on animal husbandry, sustainable agriculture, and team collaboration. Educational background: MSc Agronomy. Continuously updating skills in the field. Additional expertise in plant pathology, greenhouse management, and pest control. Committed to continuous learning and delivering high-impact results.",AGRICULTURE
SYN_AGR_0122,"aspiring to contribute to sustainable farming practices and food security with 6 years of experience in harvest planning and precision agriculture. Key skills: harvest planning, precision agriculture, animal husbandry. Familiar with farm management software. Served as horticulturist at a leading organization, managing seed selection and overseeing agronomy. BSc Food Technology graduate with distinction. Committed to ongoing professional development. Additional expertise in livestock management, irrigation systems, and organic farming. Committed to continuous learning and delivering high-impact results.",AGRICULTURE
SYN_AGR_0123,"Dynamic horticulturist specializing in horticulture and organic farming. looking for a position in agronomy to improve crop yield and farm profitability. Expertise spans horticulture, organic farming, and harvest planning, supported by proficiency in farm management software. Worked as horticulturist for 11 years, handling irrigation systems and aquaculture responsibilities. Completed MSc Agronomy. Strong academic foundation complemented by practical experience. Additional expertise in supply chain, water resource management, and sustainable agriculture. Seeking to contribute meaningfully to a forward-thinking organization.",AGRICULTURE
SYN_AGR_0124,"Motivated agronomist with a passion for water resource management. aspiring to contribute to sustainable farming practices and food security. Core competencies include water resource management, soil science, gis mapping, and harvest planning. Served as agronomist at a leading organization, managing harvest planning and overseeing greenhouse management. Diploma in Horticulture graduate with distinction. Committed to ongoing professional development. Additional expertise in seed selection, harvest planning, and aquaculture. Eager to leverage skills to drive organizational growth and excellence.",AGRICULTURE
SYN_AGR_0125,"Dynamic farm manager specializing in organic farming and irrigation systems. seeking a challenging role in agricultural management to apply knowledge of crop science. Strong background in organic farming with hands-on experience using soil testing kits and irrigation controllers. Successfully delivered horticulture projects as farm manager. Collaborated cross-functionally on seed selection. Holds a BSc Food Technology with specialization in relevant areas. Additional expertise in aquaculture, greenhouse management, and irrigation systems. Looking forward to taking on new challenges and growing professionally.",AGRICULTURE
SYN_AGR_0126,"Dynamic agricultural officer specializing in agronomy and pest control. looking for a position in agronomy to improve crop yield and farm profitability. Core competencies include agronomy, pest control, farm management, and food safety. Successfully delivered food safety projects as agricultural officer. Collaborated cross-functionally on sustainable agriculture. Educational background: BSc Agriculture. Continuously updating skills in the field. Additional expertise in pest control, sustainable agriculture, and animal husbandry. Committed to continuous learning and delivering high-impact results.",AGRICULTURE
SYN_AGR_0127,"aspiring to contribute to sustainable farming practices and food security with 8 years of experience in gis mapping and organic farming. Expertise spans gis mapping, organic farming, and harvest planning, supported by proficiency in soil testing kits. Served as farm manager at a leading organization, managing crop management and overseeing fertilizer application. Completed Certified Crop Adviser (CCA). Strong academic foundation complemented by practical experience. Additional expertise in greenhouse management, fertilizer application, and aquaculture. Seeking to contribute meaningfully to a forward-thinking organization.",AGRICULTURE
SYN_AGR_0128,"looking for a position in agronomy to improve crop yield and farm profitability. Proven expertise in harvest planning, water resource management, and animal husbandry. Strong background in harvest planning with hands-on experience using soil testing kits and irrigation controllers. Worked as soil technician for 10 years, handling gis mapping and agronomy responsibilities. Educational background: Certified Crop Adviser (CCA). Continuously updating skills in the field. Additional expertise in greenhouse management, agronomy, and farm management. Looking forward to taking on new challenges and growing professionally.",AGRICULTURE
SYN_AGR_0129,"aspiring to contribute to sustainable farming practices and food security. Proven expertise in harvest planning, organic farming, and water resource management. Expertise spans harvest planning, organic farming, and water resource management, supported by proficiency in drone scouting. Served as crop scientist at a leading organization, managing horticulture and overseeing animal husbandry. Diploma in Horticulture graduate with distinction. Committed to ongoing professional development. Additional expertise in livestock management, horticulture, and pest control. Looking forward to taking on new challenges and growing professionally.",AGRICULTURE
SYN_AGR_0130,"Dynamic farm manager specializing in horticulture and fertilizer application. seeking a challenging role in agricultural management to apply knowledge of crop science. Key skills: horticulture, fertilizer application, harvest planning. Familiar with irrigation controllers. Successfully delivered supply chain projects as farm manager. Collaborated cross-functionally on food safety. Educational background: Diploma in Horticulture. Continuously updating skills in the field. Additional expertise in irrigation systems, gis mapping, and crop management. Eager to leverage skills to drive organizational growth and excellence.",AGRICULTURE
SYN_AGR_0131,"Motivated farm manager with a passion for livestock management. aspiring to contribute to sustainable farming practices and food security. Expertise spans livestock management, pest control, and aquaculture, supported by proficiency in GPS tractor guidance. 9+ years as farm manager with a strong focus on gis mapping, plant pathology, and team collaboration. Holds a Diploma in Horticulture with specialization in relevant areas. Additional expertise in aquaculture, supply chain, and fertilizer application. Committed to continuous learning and delivering high-impact results.",AGRICULTURE
SYN_AGR_0132,"Motivated agronomist with a passion for precision agriculture. seeking a challenging role in agricultural management to apply knowledge of crop science. Expertise spans precision agriculture, seed selection, and irrigation systems, supported by proficiency in drone scouting. Successfully delivered aquaculture projects as agronomist. Collaborated cross-functionally on agronomy. Educational background: Diploma in Horticulture. Continuously updating skills in the field. Additional expertise in water resource management, horticulture, and fertilizer application. Eager to leverage skills to drive organizational growth and excellence.",AGRICULTURE
SYN_AGR_0133,"looking for a position in agronomy to improve crop yield and farm profitability. Proven expertise in supply chain, pest control, and greenhouse management. Key skills: supply chain, pest control, greenhouse management. Familiar with NDVI sensors. Worked as field supervisor for 10 years, handling livestock management and gis mapping responsibilities. Completed Certified Crop Adviser (CCA). Strong academic foundation complemented by practical experience. Additional expertise in sustainable agriculture, horticulture, and farm management. Eager to leverage skills to drive organizational growth and excellence.",AGRICULTURE
SYN_AGR_0134,"Dynamic agronomist specializing in gis mapping and sustainable agriculture. dedicated agriculture professional aiming to optimize farm operations. Expertise spans gis mapping, sustainable agriculture, and precision agriculture, supported by proficiency in GPS tractor guidance. 3+ years as agronomist with a strong focus on organic farming, harvest planning, and team collaboration. Completed BSc Food Technology. Strong academic foundation complemented by practical experience. Additional expertise in aquaculture, plant pathology, and greenhouse management. Seeking to contribute meaningfully to a forward-thinking organization.",AGRICULTURE
SYN_AGR_0135,"seeking a challenging role in agricultural management to apply knowledge of crop science. Proven expertise in harvest planning, fertilizer application, and organic farming. Expertise spans harvest planning, fertilizer application, and organic farming, supported by proficiency in soil testing kits. Successfully delivered sustainable agriculture projects as soil technician. Collaborated cross-functionally on plant pathology. Completed Diploma in Horticulture. Strong academic foundation complemented by practical experience. Additional expertise in animal husbandry, soil science, and agronomy. Committed to continuous learning and delivering high-impact results.",AGRICULTURE
SYN_AGR_0136,"Motivated agricultural officer with a passion for crop management. dedicated agriculture professional aiming to optimize farm operations. Strong background in crop management with hands-on experience using NDVI sensors and soil testing kits. Worked as agricultural officer for 8 years, handling horticulture and livestock management responsibilities. Completed MSc Agronomy. Strong academic foundation complemented by practical experience. Additional expertise in animal husbandry, sustainable agriculture, and pest control. Seeking to contribute meaningfully to a forward-thinking organization.",AGRICULTURE
SYN_DIG_0000,"Dynamic paid media analyst specializing in Google Analytics and Facebook Ads. passionate about leveraging social media and content to build engaged online communities. Proficient in Google Analytics, Facebook Ads, and SEO. Experienced with Hootsuite and Buffer. Worked as paid media analyst for 7 years, handling email marketing and A/B testing responsibilities. Completed Facebook Blueprint Certification. Strong academic foundation complemented by practical experience. Additional expertise in Facebook Ads, brand strategy, and Instagram marketing. Committed to continuous learning and delivering high-impact results.",DIGITAL-MEDIA
SYN_DIG_0001,"creative digital marketing professional seeking to drive brand growth through data-driven campaigns with 12 years of experience in Facebook Ads and web analytics. Expertise spans Facebook Ads, web analytics, and TikTok strategy, supported by proficiency in HubSpot. Worked as content strategist for 12 years, handling influencer marketing and YouTube marketing responsibilities. Educational background: BA Journalism. Continuously updating skills in the field. Additional expertise in copywriting, influencer marketing, and email marketing. Eager to leverage skills to drive organizational growth and excellence.",DIGITAL-MEDIA
SYN_DIG_0002,"creative digital marketing professional seeking to drive brand growth through data-driven campaigns with 2 years of experience in Instagram marketing and Facebook Ads. Core competencies include Instagram marketing, Facebook Ads, PPC campaigns, and influencer marketing. 2+ years as digital content producer with a strong focus on influencer marketing, brand strategy, and team collaboration. Holds a HubSpot Content Marketing with specialization in relevant areas. Additional expertise in YouTube marketing, email marketing, and conversion rate optimization. Eager to leverage skills to drive organizational growth and excellence.",DIGITAL-MEDIA
SYN_DIG_0003,"creative digital marketing professional seeking to drive brand growth through data-driven campaigns with 4 years of experience in A/B testing and PPC campaigns. Strong background in A/B testing with hands-on experience using Buffer and Meta Business Suite. 4+ years as paid media analyst with a strong focus on social media management, web analytics, and team collaboration. Educational background: Facebook Blueprint Certification. Continuously updating skills in the field. Additional expertise in PPC campaigns, podcast production, and brand strategy. Looking forward to taking on new challenges and growing professionally.",DIGITAL-MEDIA
SYN_DIG_0004,"Motivated digital content producer with a passion for Google Analytics. creative digital marketing professional seeking to drive brand growth through data-driven campaigns. Expertise spans Google Analytics, SEO, and video production, supported by proficiency in Google Ads. Successfully delivered email marketing projects as digital content producer. Collaborated cross-functionally on SEM. Google Digital Marketing Certification graduate with distinction. Committed to ongoing professional development. Additional expertise in PPC campaigns, Google Analytics, and affiliate marketing. Eager to leverage skills to drive organizational growth and excellence.",DIGITAL-MEDIA
SYN_DIG_0005,"Dynamic social media manager specializing in email marketing and Instagram marketing. creative digital marketing professional seeking to drive brand growth through data-driven campaigns. Core competencies include email marketing, Instagram marketing, affiliate marketing, and TikTok strategy. Worked as social media manager for 9 years, handling TikTok strategy and PPC campaigns responsibilities. Educational background: BSc Mass Communication. Continuously updating skills in the field. Additional expertise in Google Analytics, brand strategy, and Facebook Ads. Committed to continuous learning and delivering high-impact results.",DIGITAL-MEDIA
SYN_DIG_0006,"passionate about leveraging social media and content to build engaged online communities. Proven expertise in SEO, Instagram marketing, and web analytics. Strong background in SEO with hands-on experience using Ahrefs and Sprout Social. Served as paid media analyst at a leading organization, managing content creation and overseeing A/B testing. Completed Facebook Blueprint Certification. Strong academic foundation complemented by practical experience. Additional expertise in Facebook Ads, SEO, and TikTok strategy. Committed to continuous learning and delivering high-impact results.",DIGITAL-MEDIA
SYN_DIG_0007,"creative digital marketing professional seeking to drive brand growth through data-driven campaigns. Proven expertise in copywriting, conversion rate optimization, and influencer marketing. Strong background in copywriting with hands-on experience using Buffer and Hootsuite. Worked as social media manager for 8 years, handling SEM and A/B testing responsibilities. Holds a BSc Mass Communication with specialization in relevant areas. Additional expertise in social media management, conversion rate optimization, and SEO. Seeking to contribute meaningfully to a forward-thinking organization.",DIGITAL-MEDIA
SYN_DIG_0008,"Motivated content strategist with a passion for PPC campaigns. looking to grow brand presence through innovative digital strategies. Strong background in PPC campaigns with hands-on experience using MailChimp and Canva. Worked as content strategist for 6 years, handling SEM and brand strategy responsibilities. Completed Google Digital Marketing Certification. Strong academic foundation complemented by practical experience. Additional expertise in Facebook Ads, conversion rate optimization, and SEM. Eager to leverage skills to drive organizational growth and excellence.",DIGITAL-MEDIA
SYN_DIG_0009,"Motivated digital marketing executive with a passion for YouTube marketing. creative digital marketing professional seeking to drive brand growth through data-driven campaigns. Expertise spans YouTube marketing, web analytics, and TikTok strategy, supported by proficiency in MailChimp. Served as digital marketing executive at a leading organization, managing Google Analytics and overseeing copywriting. BA Journalism graduate with distinction. Committed to ongoing professional development. Additional expertise in influencer marketing, podcast production, and A/B testing. Eager to leverage skills to drive organizational growth and excellence.",DIGITAL-MEDIA
SYN_DIG_0010,"looking to grow brand presence through innovative digital strategies with 1 years of experience in social media management and affiliate marketing. Core competencies include social media management, affiliate marketing, influencer marketing, and SEO. Served as SEO specialist at a leading organization, managing SEO and overseeing TikTok strategy. Google Digital Marketing Certification graduate with distinction. Committed to ongoing professional development. Additional expertise in A/B testing, SEM, and Instagram marketing. Looking forward to taking on new challenges and growing professionally.",DIGITAL-MEDIA
SYN_DIG_0011,"Dynamic digital marketing executive specializing in influencer marketing and copywriting. looking to grow brand presence through innovative digital strategies. Core competencies include influencer marketing, copywriting, Google Analytics, and Facebook Ads. Served as digital marketing executive at a leading organization, managing Facebook Ads and overseeing Instagram marketing. Completed HubSpot Content Marketing. Strong academic foundation complemented by practical experience. Additional expertise in video production, TikTok strategy, and PPC campaigns. Looking forward to taking on new challenges and growing professionally.",DIGITAL-MEDIA
SYN_DIG_0012,"Dynamic digital content producer specializing in email marketing and Instagram marketing. passionate about leveraging social media and content to build engaged online communities. Proficient in email marketing, Instagram marketing, and Facebook Ads. Experienced with SEMrush and Sprout Social. 2+ years as digital content producer with a strong focus on podcast production, affiliate marketing, and team collaboration. Educational background: BSc Mass Communication. Continuously updating skills in the field. Additional expertise in copywriting, YouTube marketing, and web analytics. Looking forward to taking on new challenges and growing professionally.",DIGITAL-MEDIA
SYN_DIG_0013,"results-oriented digital marketer with expertise in SEO and paid advertising with 12 years of experience in web analytics and SEM. Strong background in web analytics with hands-on experience using Canva and MailChimp. 12+ years as social media manager with a strong focus on TikTok strategy, Instagram marketing, and team collaboration. Educational background: HubSpot Content Marketing. Continuously updating skills in the field. Additional expertise in SEO, PPC campaigns, and copywriting. Eager to leverage skills to drive organizational growth and excellence.",DIGITAL-MEDIA
SYN_DIG_0014,"Motivated digital content producer with a passion for SEO. passionate about leveraging social media and content to build engaged online communities. Proficient in SEO, SEM, and social media management. Experienced with HubSpot and MailChimp. Worked as digital content producer for 2 years, handling Instagram marketing and email marketing responsibilities. Holds a Google Digital Marketing Certification with specialization in relevant areas. Additional expertise in email marketing, copywriting, and Instagram marketing. Seeking to contribute meaningfully to a forward-thinking organization.",DIGITAL-MEDIA
SYN_DIG_0015,"Motivated social media manager with a passion for content creation. looking to grow brand presence through innovative digital strategies. Core competencies include content creation, podcast production, brand strategy, and PPC campaigns. Served as social media manager at a leading organization, managing PPC campaigns and overseeing A/B testing. Completed Google Digital Marketing Certification. Strong academic foundation complemented by practical experience. Additional expertise in video production, copywriting, and Instagram marketing. Seeking to contribute meaningfully to a forward-thinking organization.",DIGITAL-MEDIA
SYN_DIG_0016,"looking to grow brand presence through innovative digital strategies. Proven expertise in A/B testing, SEM, and Google Analytics. Expertise spans A/B testing, SEM, and Google Analytics, supported by proficiency in HubSpot. Worked as paid media analyst for 9 years, handling video production and PPC campaigns responsibilities. BA Journalism graduate with distinction. Committed to ongoing professional development. Additional expertise in influencer marketing, A/B testing, and affiliate marketing. Committed to continuous learning and delivering high-impact results.",DIGITAL-MEDIA
SYN_DIG_0017,"results-oriented digital marketer with expertise in SEO and paid advertising. Proven expertise in SEO, TikTok strategy, and social media management. Core competencies include SEO, TikTok strategy, social media management, and web analytics. Worked as brand manager for 3 years, handling web analytics and video production responsibilities. Educational background: BA Journalism. Continuously updating skills in the field. Additional expertise in social media management, video production, and affiliate marketing. Seeking to contribute meaningfully to a forward-thinking organization.",DIGITAL-MEDIA
SYN_DIG_0018,"passionate about leveraging social media and content to build engaged online communities. Proven expertise in social media management, podcast production, and TikTok strategy. Key skills: social media management, podcast production, TikTok strategy. Familiar with MailChimp. 3+ years as email marketing coordinator with a strong focus on influencer marketing, SEO, and team collaboration. Educational background: BSc Mass Communication. Continuously updating skills in the field. Additional expertise in A/B testing, SEM, and Google Analytics. Seeking to contribute meaningfully to a forward-thinking organization.",DIGITAL-MEDIA
SYN_DIG_0019,"looking to grow brand presence through innovative digital strategies. Proven expertise in TikTok strategy, email marketing, and Instagram marketing. Expertise spans TikTok strategy, email marketing, and Instagram marketing, supported by proficiency in MailChimp. Served as content strategist at a leading organization, managing web analytics and overseeing content creation. Holds a Google Digital Marketing Certification with specialization in relevant areas. Additional expertise in conversion rate optimization, influencer marketing, and Google Analytics. Looking forward to taking on new challenges and growing professionally.",DIGITAL-MEDIA
SYN_DIG_0020,"results-oriented digital marketer with expertise in SEO and paid advertising. Proven expertise in Instagram marketing, content creation, and brand strategy. Expertise spans Instagram marketing, content creation, and brand strategy, supported by proficiency in Ahrefs. Served as social media manager at a leading organization, managing A/B testing and overseeing TikTok strategy. BSc Mass Communication graduate with distinction. Committed to ongoing professional development. Additional expertise in YouTube marketing, web analytics, and Instagram marketing. Eager to leverage skills to drive organizational growth and excellence.",DIGITAL-MEDIA
SYN_DIG_0021,"Motivated email marketing coordinator with a passion for web analytics. creative digital marketing professional seeking to drive brand growth through data-driven campaigns. Strong background in web analytics with hands-on experience using MailChimp and Meta Business Suite. Served as email marketing coordinator at a leading organization, managing Facebook Ads and overseeing A/B testing. Holds a MBA Marketing with specialization in relevant areas. Additional expertise in TikTok strategy, copywriting, and SEO. Looking forward to taking on new challenges and growing professionally.",DIGITAL-MEDIA
SYN_DIG_0022,"Dynamic content strategist specializing in video production and Facebook Ads. creative digital marketing professional seeking to drive brand growth through data-driven campaigns. Key skills: video production, Facebook Ads, SEO. Familiar with HubSpot. 6+ years as content strategist with a strong focus on SEM, PPC campaigns, and team collaboration. Facebook Blueprint Certification graduate with distinction. Committed to ongoing professional development. Additional expertise in Facebook Ads, A/B testing, and social media management. Eager to leverage skills to drive organizational growth and excellence.",DIGITAL-MEDIA
SYN_DIG_0023,"results-oriented digital marketer with expertise in SEO and paid advertising with 1 years of experience in TikTok strategy and video production. Strong background in TikTok strategy with hands-on experience using HubSpot and Hootsuite. Successfully delivered Google Analytics projects as social media manager. Collaborated cross-functionally on web analytics. Holds a Google Digital Marketing Certification with specialization in relevant areas. Additional expertise in brand strategy, content creation, and web analytics. Eager to leverage skills to drive organizational growth and excellence.",DIGITAL-MEDIA
SYN_DIG_0024,"Dynamic social media manager specializing in brand strategy and affiliate marketing. passionate about leveraging social media and content to build engaged online communities. Expertise spans brand strategy, affiliate marketing, and podcast production, supported by proficiency in Canva. Successfully delivered video production projects as social media manager. Collaborated cross-functionally on YouTube marketing. Educational background: BSc Mass Communication. Continuously updating skills in the field. Additional expertise in SEM, influencer marketing, and SEO. Committed to continuous learning and delivering high-impact results.",DIGITAL-MEDIA
SYN_DIG_0025,"Dynamic paid media analyst specializing in Facebook Ads and SEO. looking to grow brand presence through innovative digital strategies. Key skills: Facebook Ads, SEO, email marketing. Familiar with SEMrush. Successfully delivered content creation projects as paid media analyst. Collaborated cross-functionally on YouTube marketing. Completed Facebook Blueprint Certification. Strong academic foundation complemented by practical experience. Additional expertise in Google Analytics, affiliate marketing, and PPC campaigns. Eager to leverage skills to drive organizational growth and excellence.",DIGITAL-MEDIA
SYN_DIG_0026,"passionate about leveraging social media and content to build engaged online communities. Proven expertise in SEM, video production, and copywriting. Proficient in SEM, video production, and copywriting. Experienced with Adobe Premiere and Buffer. Worked as email marketing coordinator for 8 years, handling affiliate marketing and podcast production responsibilities. Completed BSc Mass Communication. Strong academic foundation complemented by practical experience. Additional expertise in affiliate marketing, brand strategy, and social media management. Seeking to contribute meaningfully to a forward-thinking organization.",DIGITAL-MEDIA
SYN_DIG_0027,"looking to grow brand presence through innovative digital strategies. Proven expertise in social media management, A/B testing, and YouTube marketing. Proficient in social media management, A/B testing, and YouTube marketing. Experienced with Google Ads and Ahrefs. Successfully delivered Google Analytics projects as email marketing coordinator. Collaborated cross-functionally on PPC campaigns. Educational background: MBA Marketing. Continuously updating skills in the field. Additional expertise in content creation, email marketing, and podcast production. Eager to leverage skills to drive organizational growth and excellence.",DIGITAL-MEDIA
SYN_DIG_0028,"Motivated email marketing coordinator with a passion for Instagram marketing. looking to grow brand presence through innovative digital strategies. Strong background in Instagram marketing with hands-on experience using Ahrefs and HubSpot. Successfully delivered Google Analytics projects as email marketing coordinator. Collaborated cross-functionally on conversion rate optimization. Holds a Google Digital Marketing Certification with specialization in relevant areas. Additional expertise in web analytics, podcast production, and conversion rate optimization. Committed to continuous learning and delivering high-impact results.",DIGITAL-MEDIA
SYN_DIG_0029,"Dynamic email marketing coordinator specializing in podcast production and web analytics. passionate about leveraging social media and content to build engaged online communities. Strong background in podcast production with hands-on experience using Adobe Premiere and Ahrefs. Successfully delivered affiliate marketing projects as email marketing coordinator. Collaborated cross-functionally on conversion rate optimization. HubSpot Content Marketing graduate with distinction. Committed to ongoing professional development. Additional expertise in podcast production, A/B testing, and SEM. Eager to leverage skills to drive organizational growth and excellence.",DIGITAL-MEDIA
SYN_DIG_0030,"Motivated email marketing coordinator with a passion for PPC campaigns. looking to grow brand presence through innovative digital strategies. Strong background in PPC campaigns with hands-on experience using Adobe Premiere and MailChimp. 1+ years as email marketing coordinator with a strong focus on SEM, A/B testing, and team collaboration. Completed HubSpot Content Marketing. Strong academic foundation complemented by practical experience. Additional expertise in A/B testing, Facebook Ads, and social media management. Eager to leverage skills to drive organizational growth and excellence.",DIGITAL-MEDIA
SYN_DIG_0031,"Motivated digital content producer with a passion for brand strategy. results-oriented digital marketer with expertise in SEO and paid advertising. Proficient in brand strategy, Google Analytics, and email marketing. Experienced with HubSpot and SEMrush. Served as digital content producer at a leading organization, managing copywriting and overseeing affiliate marketing. Holds a BSc Mass Communication with specialization in relevant areas. Additional expertise in YouTube marketing, conversion rate optimization, and PPC campaigns. Eager to leverage skills to drive organizational growth and excellence.",DIGITAL-MEDIA
SYN_DIG_0032,"Dynamic SEO specialist specializing in social media management and SEM. passionate about leveraging social media and content to build engaged online communities. Expertise spans social media management, SEM, and copywriting, supported by proficiency in Canva. Successfully delivered podcast production projects as SEO specialist. Collaborated cross-functionally on influencer marketing. Holds a HubSpot Content Marketing with specialization in relevant areas. Additional expertise in SEO, social media management, and influencer marketing. Committed to continuous learning and delivering high-impact results.",DIGITAL-MEDIA
SYN_DIG_0033,"results-oriented digital marketer with expertise in SEO and paid advertising. Proven expertise in content creation, video production, and Google Analytics. Core competencies include content creation, video production, Google Analytics, and YouTube marketing. Served as SEO specialist at a leading organization, managing YouTube marketing and overseeing SEO. Completed BA Journalism. Strong academic foundation complemented by practical experience. Additional expertise in brand strategy, conversion rate optimization, and SEO. Seeking to contribute meaningfully to a forward-thinking organization.",DIGITAL-MEDIA
SYN_DIG_0034,"Motivated SEO specialist with a passion for SEO. passionate about leveraging social media and content to build engaged online communities. Core competencies include SEO, social media management, video production, and YouTube marketing. Successfully delivered YouTube marketing projects as SEO specialist. Collaborated cross-functionally on affiliate marketing. Completed Facebook Blueprint Certification. Strong academic foundation complemented by practical experience. Additional expertise in conversion rate optimization, PPC campaigns, and Facebook Ads. Seeking to contribute meaningfully to a forward-thinking organization.",DIGITAL-MEDIA
SYN_DIG_0035,"creative digital marketing professional seeking to drive brand growth through data-driven campaigns. Proven expertise in Google Analytics, TikTok strategy, and video production. Expertise spans Google Analytics, TikTok strategy, and video production, supported by proficiency in Sprout Social. Served as paid media analyst at a leading organization, managing podcast production and overseeing affiliate marketing. Holds a BSc Mass Communication with specialization in relevant areas. Additional expertise in web analytics, PPC campaigns, and TikTok strategy. Eager to leverage skills to drive organizational growth and excellence.",DIGITAL-MEDIA
SYN_DIG_0036,"Motivated digital content producer with a passion for PPC campaigns. results-oriented digital marketer with expertise in SEO and paid advertising. Expertise spans PPC campaigns, web analytics, and SEM, supported by proficiency in Canva. 7+ years as digital content producer with a strong focus on email marketing, TikTok strategy, and team collaboration. Educational background: BSc Mass Communication. Continuously updating skills in the field. Additional expertise in affiliate marketing, content creation, and YouTube marketing. Seeking to contribute meaningfully to a forward-thinking organization.",DIGITAL-MEDIA
SYN_DIG_0037,"Motivated SEO specialist with a passion for affiliate marketing. results-oriented digital marketer with expertise in SEO and paid advertising. Strong background in affiliate marketing with hands-on experience using Canva and Adobe Premiere. 12+ years as SEO specialist with a strong focus on Google Analytics, social media management, and team collaboration. Completed Facebook Blueprint Certification. Strong academic foundation complemented by practical experience. Additional expertise in copywriting, Facebook Ads, and A/B testing. Seeking to contribute meaningfully to a forward-thinking organization.",DIGITAL-MEDIA
SYN_DIG_0038,"Motivated digital content producer with a passion for PPC campaigns. creative digital marketing professional seeking to drive brand growth through data-driven campaigns. Key skills: PPC campaigns, conversion rate optimization, YouTube marketing. Familiar with Hootsuite. Successfully delivered brand strategy projects as digital content producer. Collaborated cross-functionally on SEM. Educational background: HubSpot Content Marketing. Continuously updating skills in the field. Additional expertise in TikTok strategy, content creation, and Google Analytics. Committed to continuous learning and delivering high-impact results.",DIGITAL-MEDIA
SYN_DIG_0039,"Dynamic SEO specialist specializing in copywriting and video production. creative digital marketing professional seeking to drive brand growth through data-driven campaigns. Key skills: copywriting, video production, email marketing. Familiar with Meta Business Suite. Successfully delivered content creation projects as SEO specialist. Collaborated cross-functionally on conversion rate optimization. BSc Mass Communication graduate with distinction. Committed to ongoing professional development. Additional expertise in PPC campaigns, SEO, and SEM. Eager to leverage skills to drive organizational growth and excellence.",DIGITAL-MEDIA
SYN_DIG_0040,"Motivated digital marketing executive with a passion for SEO. passionate about leveraging social media and content to build engaged online communities. Core competencies include SEO, social media management, podcast production, and influencer marketing. Worked as digital marketing executive for 1 years, handling influencer marketing and YouTube marketing responsibilities. Holds a BSc Mass Communication with specialization in relevant areas. Additional expertise in YouTube marketing, web analytics, and copywriting. Looking forward to taking on new challenges and growing professionally.",DIGITAL-MEDIA
SYN_DIG_0041,"looking to grow brand presence through innovative digital strategies. Proven expertise in email marketing, content creation, and PPC campaigns. Proficient in email marketing, content creation, and PPC campaigns. Experienced with Hootsuite and Canva. 6+ years as SEO specialist with a strong focus on SEO, social media management, and team collaboration. Holds a BSc Mass Communication with specialization in relevant areas. Additional expertise in PPC campaigns, video production, and affiliate marketing. Seeking to contribute meaningfully to a forward-thinking organization.",DIGITAL-MEDIA
SYN_DIG_0042,"creative digital marketing professional seeking to drive brand growth through data-driven campaigns. Proven expertise in Facebook Ads, brand strategy, and copywriting. Proficient in Facebook Ads, brand strategy, and copywriting. Experienced with Adobe Premiere and SEMrush. 1+ years as social media manager with a strong focus on PPC campaigns, web analytics, and team collaboration. Facebook Blueprint Certification graduate with distinction. Committed to ongoing professional development. Additional expertise in Facebook Ads, conversion rate optimization, and video production. Eager to leverage skills to drive organizational growth and excellence.",DIGITAL-MEDIA
SYN_DIG_0043,"Motivated social media manager with a passion for Facebook Ads. creative digital marketing professional seeking to drive brand growth through data-driven campaigns. Key skills: Facebook Ads, web analytics, A/B testing. Familiar with Adobe Premiere. 5+ years as social media manager with a strong focus on email marketing, conversion rate optimization, and team collaboration. Educational background: MBA Marketing. Continuously updating skills in the field. Additional expertise in SEM, affiliate marketing, and A/B testing. Eager to leverage skills to drive organizational growth and excellence.",DIGITAL-MEDIA
SYN_DIG_0044,"Motivated brand manager with a passion for Google Analytics. creative digital marketing professional seeking to drive brand growth through data-driven campaigns. Core competencies include Google Analytics, Facebook Ads, A/B testing, and Instagram marketing. Successfully delivered Instagram marketing projects as brand manager. Collaborated cross-functionally on web analytics. Completed HubSpot Content Marketing. Strong academic foundation complemented by practical experience. Additional expertise in video production, copywriting, and SEM. Seeking to contribute meaningfully to a forward-thinking organization.",DIGITAL-MEDIA
SYN_DIG_0045,"Motivated digital marketing executive with a passion for TikTok strategy. results-oriented digital marketer with expertise in SEO and paid advertising. Key skills: TikTok strategy, brand strategy, Facebook Ads. Familiar with Hootsuite. 11+ years as digital marketing executive with a strong focus on affiliate marketing, SEM, and team collaboration. Holds a BSc Mass Communication with specialization in relevant areas. Additional expertise in influencer marketing, TikTok strategy, and content creation. Seeking to contribute meaningfully to a forward-thinking organization.",DIGITAL-MEDIA
SYN_DIG_0046,"Dynamic email marketing coordinator specializing in A/B testing and brand strategy. results-oriented digital marketer with expertise in SEO and paid advertising. Expertise spans A/B testing, brand strategy, and content creation, supported by proficiency in Google Ads. Successfully delivered Facebook Ads projects as email marketing coordinator. Collaborated cross-functionally on Instagram marketing. BA Journalism graduate with distinction. Committed to ongoing professional development. Additional expertise in content creation, PPC campaigns, and influencer marketing. Seeking to contribute meaningfully to a forward-thinking organization.",DIGITAL-MEDIA
SYN_DIG_0047,"Motivated digital content producer with a passion for copywriting. creative digital marketing professional seeking to drive brand growth through data-driven campaigns. Expertise spans copywriting, SEM, and Google Analytics, supported by proficiency in Sprout Social. Worked as digital content producer for 7 years, handling video production and TikTok strategy responsibilities. BA Journalism graduate with distinction. Committed to ongoing professional development. Additional expertise in social media management, A/B testing, and influencer marketing. Committed to continuous learning and delivering high-impact results.",DIGITAL-MEDIA
SYN_DIG_0048,"passionate about leveraging social media and content to build engaged online communities with 9 years of experience in A/B testing and web analytics. Expertise spans A/B testing, web analytics, and content creation, supported by proficiency in Canva. Served as digital marketing executive at a leading organization, managing Google Analytics and overseeing podcast production. Google Digital Marketing Certification graduate with distinction. Committed to ongoing professional development. Additional expertise in PPC campaigns, social media management, and Google Analytics. Committed to continuous learning and delivering high-impact results.",DIGITAL-MEDIA
SYN_DIG_0049,"looking to grow brand presence through innovative digital strategies with 8 years of experience in TikTok strategy and Facebook Ads. Proficient in TikTok strategy, Facebook Ads, and A/B testing. Experienced with HubSpot and Google Ads. 8+ years as digital content producer with a strong focus on SEO, podcast production, and team collaboration. Educational background: Google Digital Marketing Certification. Continuously updating skills in the field. Additional expertise in copywriting, TikTok strategy, and influencer marketing. Seeking to contribute meaningfully to a forward-thinking organization.",DIGITAL-MEDIA
SYN_DIG_0050,"Motivated digital content producer with a passion for influencer marketing. looking to grow brand presence through innovative digital strategies. Proficient in influencer marketing, copywriting, and Facebook Ads. Experienced with MailChimp and Sprout Social. Worked as digital content producer for 12 years, handling affiliate marketing and social media management responsibilities. Educational background: BSc Mass Communication. Continuously updating skills in the field. Additional expertise in A/B testing, Instagram marketing, and brand strategy. Seeking to contribute meaningfully to a forward-thinking organization.",DIGITAL-MEDIA
SYN_DIG_0051,"Dynamic content strategist specializing in email marketing and copywriting. creative digital marketing professional seeking to drive brand growth through data-driven campaigns. Key skills: email marketing, copywriting, web analytics. Familiar with HubSpot. Served as content strategist at a leading organization, managing TikTok strategy and overseeing Facebook Ads. HubSpot Content Marketing graduate with distinction. Committed to ongoing professional development. Additional expertise in SEO, conversion rate optimization, and SEM. Committed to continuous learning and delivering high-impact results.",DIGITAL-MEDIA
SYN_DIG_0052,"Dynamic SEO specialist specializing in Instagram marketing and Facebook Ads. passionate about leveraging social media and content to build engaged online communities. Strong background in Instagram marketing with hands-on experience using Buffer and Canva. 12+ years as SEO specialist with a strong focus on TikTok strategy, affiliate marketing, and team collaboration. Facebook Blueprint Certification graduate with distinction. Committed to ongoing professional development. Additional expertise in Instagram marketing, web analytics, and brand strategy. Looking forward to taking on new challenges and growing professionally.",DIGITAL-MEDIA
SYN_DIG_0053,"Dynamic content strategist specializing in YouTube marketing and influencer marketing. passionate about leveraging social media and content to build engaged online communities. Expertise spans YouTube marketing, influencer marketing, and Instagram marketing, supported by proficiency in Meta Business Suite. Successfully delivered content creation projects as content strategist. Collaborated cross-functionally on TikTok strategy. Completed HubSpot Content Marketing. Strong academic foundation complemented by practical experience. Additional expertise in brand strategy, SEO, and conversion rate optimization. Seeking to contribute meaningfully to a forward-thinking organization.",DIGITAL-MEDIA
SYN_DIG_0054,"Motivated email marketing coordinator with a passion for SEM. creative digital marketing professional seeking to drive brand growth through data-driven campaigns. Core competencies include SEM, email marketing, video production, and content creation. Worked as email marketing coordinator for 11 years, handling content creation and YouTube marketing responsibilities. Completed HubSpot Content Marketing. Strong academic foundation complemented by practical experience. Additional expertise in copywriting, Facebook Ads, and affiliate marketing. Eager to leverage skills to drive organizational growth and excellence.",DIGITAL-MEDIA
SYN_DIG_0055,"results-oriented digital marketer with expertise in SEO and paid advertising. Proven expertise in SEM, PPC campaigns, and podcast production. Expertise spans SEM, PPC campaigns, and podcast production, supported by proficiency in Google Ads. Successfully delivered brand strategy projects as content strategist. Collaborated cross-functionally on TikTok strategy. Educational background: MBA Marketing. Continuously updating skills in the field. Additional expertise in influencer marketing, podcast production, and affiliate marketing. Eager to leverage skills to drive organizational growth and excellence.",DIGITAL-MEDIA
SYN_DIG_0056,"Motivated paid media analyst with a passion for Google Analytics. passionate about leveraging social media and content to build engaged online communities. Core competencies include Google Analytics, content creation, podcast production, and conversion rate optimization. Served as paid media analyst at a leading organization, managing conversion rate optimization and overseeing Facebook Ads. Completed BA Journalism. Strong academic foundation complemented by practical experience. Additional expertise in SEO, TikTok strategy, and copywriting. Eager to leverage skills to drive organizational growth and excellence.",DIGITAL-MEDIA
SYN_DIG_0057,"creative digital marketing professional seeking to drive brand growth through data-driven campaigns. Proven expertise in web analytics, YouTube marketing, and A/B testing. Expertise spans web analytics, YouTube marketing, and A/B testing, supported by proficiency in MailChimp. Worked as SEO specialist for 11 years, handling influencer marketing and Google Analytics responsibilities. Educational background: BSc Mass Communication. Continuously updating skills in the field. Additional expertise in brand strategy, affiliate marketing, and podcast production. Committed to continuous learning and delivering high-impact results.",DIGITAL-MEDIA
SYN_DIG_0058,"passionate about leveraging social media and content to build engaged online communities with 11 years of experience in TikTok strategy and web analytics. Proficient in TikTok strategy, web analytics, and influencer marketing. Experienced with Buffer and Ahrefs. 11+ years as brand manager with a strong focus on YouTube marketing, email marketing, and team collaboration. HubSpot Content Marketing graduate with distinction. Committed to ongoing professional development. Additional expertise in social media management, web analytics, and SEM. Looking forward to taking on new challenges and growing professionally.",DIGITAL-MEDIA
SYN_DIG_0059,"Motivated social media manager with a passion for YouTube marketing. results-oriented digital marketer with expertise in SEO and paid advertising. Expertise spans YouTube marketing, SEO, and conversion rate optimization, supported by proficiency in Google Ads. Worked as social media manager for 9 years, handling influencer marketing and copywriting responsibilities. Holds a BA Journalism with specialization in relevant areas. Additional expertise in content creation, affiliate marketing, and podcast production. Seeking to contribute meaningfully to a forward-thinking organization.",DIGITAL-MEDIA
SYN_DIG_0060,"Dynamic content strategist specializing in brand strategy and Facebook Ads. passionate about leveraging social media and content to build engaged online communities. Strong background in brand strategy with hands-on experience using Sprout Social and Hootsuite. Worked as content strategist for 11 years, handling web analytics and Google Analytics responsibilities. Holds a Facebook Blueprint Certification with specialization in relevant areas. Additional expertise in Google Analytics, SEM, and content creation. Looking forward to taking on new challenges and growing professionally.",DIGITAL-MEDIA
SYN_DIG_0061,"looking to grow brand presence through innovative digital strategies with 7 years of experience in copywriting and PPC campaigns. Expertise spans copywriting, PPC campaigns, and brand strategy, supported by proficiency in Sprout Social. Worked as content strategist for 7 years, handling TikTok strategy and SEO responsibilities. Holds a BSc Mass Communication with specialization in relevant areas. Additional expertise in Google Analytics, influencer marketing, and conversion rate optimization. Seeking to contribute meaningfully to a forward-thinking organization.",DIGITAL-MEDIA
SYN_DIG_0062,"Dynamic paid media analyst specializing in copywriting and PPC campaigns. creative digital marketing professional seeking to drive brand growth through data-driven campaigns. Expertise spans copywriting, PPC campaigns, and podcast production, supported by proficiency in Ahrefs. 5+ years as paid media analyst with a strong focus on SEO, A/B testing, and team collaboration. Educational background: MBA Marketing. Continuously updating skills in the field. Additional expertise in YouTube marketing, influencer marketing, and SEO. Eager to leverage skills to drive organizational growth and excellence.",DIGITAL-MEDIA
SYN_DIG_0063,"looking to grow brand presence through innovative digital strategies. Proven expertise in affiliate marketing, Google Analytics, and YouTube marketing. Core competencies include affiliate marketing, Google Analytics, YouTube marketing, and email marketing. Served as digital marketing executive at a leading organization, managing email marketing and overseeing influencer marketing. Completed Google Digital Marketing Certification. Strong academic foundation complemented by practical experience. Additional expertise in email marketing, Facebook Ads, and content creation. Seeking to contribute meaningfully to a forward-thinking organization.",DIGITAL-MEDIA
SYN_DIG_0064,"Motivated social media manager with a passion for Facebook Ads. creative digital marketing professional seeking to drive brand growth through data-driven campaigns. Expertise spans Facebook Ads, email marketing, and A/B testing, supported by proficiency in Sprout Social. Worked as social media manager for 5 years, handling TikTok strategy and influencer marketing responsibilities. Educational background: BSc Mass Communication. Continuously updating skills in the field. Additional expertise in TikTok strategy, A/B testing, and copywriting. Looking forward to taking on new challenges and growing professionally.",DIGITAL-MEDIA
SYN_DIG_0065,"Motivated SEO specialist with a passion for brand strategy. results-oriented digital marketer with expertise in SEO and paid advertising. Core competencies include brand strategy, content creation, SEO, and TikTok strategy. 6+ years as SEO specialist with a strong focus on TikTok strategy, social media management, and team collaboration. MBA Marketing graduate with distinction. Committed to ongoing professional development. Additional expertise in copywriting, web analytics, and influencer marketing. Looking forward to taking on new challenges and growing professionally.",DIGITAL-MEDIA
SYN_DIG_0066,"creative digital marketing professional seeking to drive brand growth through data-driven campaigns with 5 years of experience in Instagram marketing and affiliate marketing. Expertise spans Instagram marketing, affiliate marketing, and email marketing, supported by proficiency in Meta Business Suite. Successfully delivered video production projects as social media manager. Collaborated cross-functionally on Google Analytics. Educational background: HubSpot Content Marketing. Continuously updating skills in the field. Additional expertise in SEM, affiliate marketing, and video production. Committed to continuous learning and delivering high-impact results.",DIGITAL-MEDIA
SYN_DIG_0067,"passionate about leveraging social media and content to build engaged online communities. Proven expertise in YouTube marketing, Instagram marketing, and copywriting. Expertise spans YouTube marketing, Instagram marketing, and copywriting, supported by proficiency in MailChimp. Served as brand manager at a leading organization, managing conversion rate optimization and overseeing Google Analytics. Educational background: BA Journalism. Continuously updating skills in the field. Additional expertise in copywriting, content creation, and podcast production. Eager to leverage skills to drive organizational growth and excellence.",DIGITAL-MEDIA
SYN_DIG_0068,"Motivated brand manager with a passion for social media management. passionate about leveraging social media and content to build engaged online communities. Key skills: social media management, Google Analytics, video production. Familiar with Sprout Social. Successfully delivered influencer marketing projects as brand manager. Collaborated cross-functionally on web analytics. Google Digital Marketing Certification graduate with distinction. Committed to ongoing professional development. Additional expertise in SEM, web analytics, and TikTok strategy. Seeking to contribute meaningfully to a forward-thinking organization.",DIGITAL-MEDIA
SYN_DIG_0069,"Motivated paid media analyst with a passion for PPC campaigns. passionate about leveraging social media and content to build engaged online communities. Strong background in PPC campaigns with hands-on experience using Canva and Ahrefs. Successfully delivered conversion rate optimization projects as paid media analyst. Collaborated cross-functionally on video production. MBA Marketing graduate with distinction. Committed to ongoing professional development. Additional expertise in web analytics, SEO, and conversion rate optimization. Eager to leverage skills to drive organizational growth and excellence.",DIGITAL-MEDIA
SYN_DIG_0070,"Dynamic SEO specialist specializing in video production and email marketing. creative digital marketing professional seeking to drive brand growth through data-driven campaigns. Strong background in video production with hands-on experience using Buffer and Meta Business Suite. Worked as SEO specialist for 9 years, handling content creation and conversion rate optimization responsibilities. HubSpot Content Marketing graduate with distinction. Committed to ongoing professional development. Additional expertise in A/B testing, web analytics, and email marketing. Eager to leverage skills to drive organizational growth and excellence.",DIGITAL-MEDIA
SYN_DIG_0071,"creative digital marketing professional seeking to drive brand growth through data-driven campaigns. Proven expertise in podcast production, web analytics, and content creation. Strong background in podcast production with hands-on experience using Buffer and Hootsuite. Served as digital marketing executive at a leading organization, managing Instagram marketing and overseeing SEM. HubSpot Content Marketing graduate with distinction. Committed to ongoing professional development. Additional expertise in web analytics, podcast production, and SEO. Looking forward to taking on new challenges and growing professionally.",DIGITAL-MEDIA
SYN_DIG_0072,"looking to grow brand presence through innovative digital strategies. Proven expertise in content creation, social media management, and brand strategy. Strong background in content creation with hands-on experience using Sprout Social and Ahrefs. Successfully delivered Instagram marketing projects as content strategist. Collaborated cross-functionally on web analytics. Holds a BA Journalism with specialization in relevant areas. Additional expertise in social media management, PPC campaigns, and podcast production. Eager to leverage skills to drive organizational growth and excellence.",DIGITAL-MEDIA
SYN_DIG_0073,"looking to grow brand presence through innovative digital strategies with 3 years of experience in web analytics and Facebook Ads. Key skills: web analytics, Facebook Ads, content creation. Familiar with Ahrefs. Served as digital marketing executive at a leading organization, managing A/B testing and overseeing SEM. Holds a HubSpot Content Marketing with specialization in relevant areas. Additional expertise in brand strategy, conversion rate optimization, and web analytics. Looking forward to taking on new challenges and growing professionally.",DIGITAL-MEDIA
SYN_DIG_0074,"Motivated email marketing coordinator with a passion for influencer marketing. looking to grow brand presence through innovative digital strategies. Expertise spans influencer marketing, podcast production, and Facebook Ads, supported by proficiency in SEMrush. Successfully delivered brand strategy projects as email marketing coordinator. Collaborated cross-functionally on Instagram marketing. Completed HubSpot Content Marketing. Strong academic foundation complemented by practical experience. Additional expertise in email marketing, SEO, and podcast production. Seeking to contribute meaningfully to a forward-thinking organization.",DIGITAL-MEDIA
SYN_DIG_0075,"Motivated email marketing coordinator with a passion for TikTok strategy. passionate about leveraging social media and content to build engaged online communities. Expertise spans TikTok strategy, brand strategy, and influencer marketing, supported by proficiency in Sprout Social. Successfully delivered Facebook Ads projects as email marketing coordinator. Collaborated cross-functionally on Instagram marketing. Completed Facebook Blueprint Certification. Strong academic foundation complemented by practical experience. Additional expertise in web analytics, video production, and PPC campaigns. Eager to leverage skills to drive organizational growth and excellence.",DIGITAL-MEDIA
SYN_DIG_0076,"results-oriented digital marketer with expertise in SEO and paid advertising. Proven expertise in affiliate marketing, A/B testing, and video production. Key skills: affiliate marketing, A/B testing, video production. Familiar with HubSpot. Served as digital content producer at a leading organization, managing YouTube marketing and overseeing influencer marketing. Holds a HubSpot Content Marketing with specialization in relevant areas. Additional expertise in email marketing, conversion rate optimization, and PPC campaigns. Looking forward to taking on new challenges and growing professionally.",DIGITAL-MEDIA
SYN_DIG_0077,"creative digital marketing professional seeking to drive brand growth through data-driven campaigns with 2 years of experience in Instagram marketing and A/B testing. Key skills: Instagram marketing, A/B testing, brand strategy. Familiar with Canva. Successfully delivered Google Analytics projects as SEO specialist. Collaborated cross-functionally on conversion rate optimization. Completed BA Journalism. Strong academic foundation complemented by practical experience. Additional expertise in web analytics, SEM, and content creation. Committed to continuous learning and delivering high-impact results.",DIGITAL-MEDIA
SYN_DIG_0078,"results-oriented digital marketer with expertise in SEO and paid advertising with 4 years of experience in SEM and conversion rate optimization. Core competencies include SEM, conversion rate optimization, podcast production, and social media management. Worked as digital marketing executive for 4 years, handling social media management and content creation responsibilities. Completed HubSpot Content Marketing. Strong academic foundation complemented by practical experience. Additional expertise in PPC campaigns, influencer marketing, and web analytics. Committed to continuous learning and delivering high-impact results.",DIGITAL-MEDIA
SYN_DIG_0079,"Dynamic digital marketing executive specializing in affiliate marketing and YouTube marketing. creative digital marketing professional seeking to drive brand growth through data-driven campaigns. Key skills: affiliate marketing, YouTube marketing, web analytics. Familiar with Adobe Premiere. Worked as digital marketing executive for 2 years, handling influencer marketing and conversion rate optimization responsibilities. Completed Facebook Blueprint Certification. Strong academic foundation complemented by practical experience. Additional expertise in content creation, brand strategy, and conversion rate optimization. Seeking to contribute meaningfully to a forward-thinking organization.",DIGITAL-MEDIA
SYN_DIG_0080,"Dynamic paid media analyst specializing in video production and affiliate marketing. creative digital marketing professional seeking to drive brand growth through data-driven campaigns. Key skills: video production, affiliate marketing, web analytics. Familiar with SEMrush. Worked as paid media analyst for 9 years, handling copywriting and PPC campaigns responsibilities. BSc Mass Communication graduate with distinction. Committed to ongoing professional development. Additional expertise in Facebook Ads, video production, and Google Analytics. Committed to continuous learning and delivering high-impact results.",DIGITAL-MEDIA
SYN_DIG_0081,"looking to grow brand presence through innovative digital strategies with 6 years of experience in conversion rate optimization and affiliate marketing. Expertise spans conversion rate optimization, affiliate marketing, and SEO, supported by proficiency in Meta Business Suite. Served as content strategist at a leading organization, managing video production and overseeing social media management. BSc Mass Communication graduate with distinction. Committed to ongoing professional development. Additional expertise in TikTok strategy, influencer marketing, and email marketing. Looking forward to taking on new challenges and growing professionally.",DIGITAL-MEDIA
SYN_DIG_0082,"passionate about leveraging social media and content to build engaged online communities. Proven expertise in social media management, video production, and email marketing. Proficient in social media management, video production, and email marketing. Experienced with Canva and Buffer. Worked as content strategist for 4 years, handling web analytics and affiliate marketing responsibilities. Holds a BA Journalism with specialization in relevant areas. Additional expertise in A/B testing, SEO, and affiliate marketing. Seeking to contribute meaningfully to a forward-thinking organization.",DIGITAL-MEDIA
SYN_DIG_0083,"results-oriented digital marketer with expertise in SEO and paid advertising with 8 years of experience in podcast production and video production. Expertise spans podcast production, video production, and A/B testing, supported by proficiency in Canva. Successfully delivered content creation projects as brand manager. Collaborated cross-functionally on web analytics. MBA Marketing graduate with distinction. Committed to ongoing professional development. Additional expertise in affiliate marketing, SEM, and conversion rate optimization. Looking forward to taking on new challenges and growing professionally.",DIGITAL-MEDIA
SYN_DIG_0084,"Motivated SEO specialist with a passion for conversion rate optimization. creative digital marketing professional seeking to drive brand growth through data-driven campaigns. Strong background in conversion rate optimization with hands-on experience using Canva and HubSpot. 12+ years as SEO specialist with a strong focus on SEO, web analytics, and team collaboration. Educational background: BA Journalism. Continuously updating skills in the field. Additional expertise in affiliate marketing, video production, and social media management. Looking forward to taking on new challenges and growing professionally.",DIGITAL-MEDIA
SYN_DIG_0085,"passionate about leveraging social media and content to build engaged online communities. Proven expertise in brand strategy, email marketing, and web analytics. Expertise spans brand strategy, email marketing, and web analytics, supported by proficiency in HubSpot. Served as brand manager at a leading organization, managing influencer marketing and overseeing conversion rate optimization. Educational background: BSc Mass Communication. Continuously updating skills in the field. Additional expertise in Facebook Ads, video production, and social media management. Committed to continuous learning and delivering high-impact results.",DIGITAL-MEDIA
SYN_DIG_0086,"Motivated content strategist with a passion for SEO. passionate about leveraging social media and content to build engaged online communities. Key skills: SEO, content creation, brand strategy. Familiar with Sprout Social. 8+ years as content strategist with a strong focus on A/B testing, Instagram marketing, and team collaboration. Completed HubSpot Content Marketing. Strong academic foundation complemented by practical experience. Additional expertise in affiliate marketing, podcast production, and SEM. Committed to continuous learning and delivering high-impact results.",DIGITAL-MEDIA
SYN_DIG_0087,"Motivated SEO specialist with a passion for A/B testing. passionate about leveraging social media and content to build engaged online communities. Strong background in A/B testing with hands-on experience using MailChimp and Ahrefs. Worked as SEO specialist for 5 years, handling TikTok strategy and video production responsibilities. Google Digital Marketing Certification graduate with distinction. Committed to ongoing professional development. Additional expertise in Facebook Ads, influencer marketing, and email marketing. Eager to leverage skills to drive organizational growth and excellence.",DIGITAL-MEDIA
SYN_DIG_0088,"Dynamic brand manager specializing in copywriting and Google Analytics. looking to grow brand presence through innovative digital strategies. Expertise spans copywriting, Google Analytics, and PPC campaigns, supported by proficiency in Hootsuite. Successfully delivered YouTube marketing projects as brand manager. Collaborated cross-functionally on web analytics. Holds a BSc Mass Communication with specialization in relevant areas. Additional expertise in Google Analytics, content creation, and TikTok strategy. Eager to leverage skills to drive organizational growth and excellence.",DIGITAL-MEDIA
SYN_DIG_0089,"Dynamic brand manager specializing in video production and PPC campaigns. results-oriented digital marketer with expertise in SEO and paid advertising. Core competencies include video production, PPC campaigns, web analytics, and copywriting. Served as brand manager at a leading organization, managing copywriting and overseeing influencer marketing. Holds a Facebook Blueprint Certification with specialization in relevant areas. Additional expertise in Instagram marketing, social media management, and video production. Seeking to contribute meaningfully to a forward-thinking organization.",DIGITAL-MEDIA
SYN_DIG_0090,"creative digital marketing professional seeking to drive brand growth through data-driven campaigns with 2 years of experience in Google Analytics and A/B testing. Strong background in Google Analytics with hands-on experience using HubSpot and Ahrefs. Served as SEO specialist at a leading organization, managing SEM and overseeing SEO. Holds a BA Journalism with specialization in relevant areas. Additional expertise in PPC campaigns, YouTube marketing, and social media management. Eager to leverage skills to drive organizational growth and excellence.",DIGITAL-MEDIA
SYN_DIG_0091,"Motivated digital content producer with a passion for conversion rate optimization. passionate about leveraging social media and content to build engaged online communities. Expertise spans conversion rate optimization, content creation, and SEO, supported by proficiency in MailChimp. Successfully delivered SEM projects as digital content producer. Collaborated cross-functionally on influencer marketing. Educational background: Facebook Blueprint Certification. Continuously updating skills in the field. Additional expertise in affiliate marketing, content creation, and copywriting. Committed to continuous learning and delivering high-impact results.",DIGITAL-MEDIA
SYN_DIG_0092,"passionate about leveraging social media and content to build engaged online communities. Proven expertise in copywriting, YouTube marketing, and influencer marketing. Strong background in copywriting with hands-on experience using Adobe Premiere and Google Ads. 2+ years as brand manager with a strong focus on brand strategy, video production, and team collaboration. BA Journalism graduate with distinction. Committed to ongoing professional development. Additional expertise in affiliate marketing, SEO, and A/B testing. Committed to continuous learning and delivering high-impact results.",DIGITAL-MEDIA
SYN_DIG_0093,"results-oriented digital marketer with expertise in SEO and paid advertising. Proven expertise in social media management, SEO, and affiliate marketing. Core competencies include social media management, SEO, affiliate marketing, and influencer marketing. Successfully delivered influencer marketing projects as digital marketing executive. Collaborated cross-functionally on email marketing. BA Journalism graduate with distinction. Committed to ongoing professional development. Additional expertise in social media management, video production, and Google Analytics. Committed to continuous learning and delivering high-impact results.",DIGITAL-MEDIA
SYN_DIG_0094,"Motivated paid media analyst with a passion for email marketing. results-oriented digital marketer with expertise in SEO and paid advertising. Expertise spans email marketing, Google Analytics, and content creation, supported by proficiency in Sprout Social. Successfully delivered Instagram marketing projects as paid media analyst. Collaborated cross-functionally on YouTube marketing. Educational background: BSc Mass Communication. Continuously updating skills in the field. Additional expertise in TikTok strategy, SEO, and Instagram marketing. Seeking to contribute meaningfully to a forward-thinking organization.",DIGITAL-MEDIA
SYN_DIG_0095,"Motivated SEO specialist with a passion for Instagram marketing. results-oriented digital marketer with expertise in SEO and paid advertising. Key skills: Instagram marketing, copywriting, SEO. Familiar with Google Ads. 5+ years as SEO specialist with a strong focus on social media management, Google Analytics, and team collaboration. Google Digital Marketing Certification graduate with distinction. Committed to ongoing professional development. Additional expertise in influencer marketing, copywriting, and SEM. Looking forward to taking on new challenges and growing professionally.",DIGITAL-MEDIA
SYN_DIG_0096,"results-oriented digital marketer with expertise in SEO and paid advertising with 7 years of experience in Google Analytics and affiliate marketing. Core competencies include Google Analytics, affiliate marketing, A/B testing, and content creation. Successfully delivered content creation projects as SEO specialist. Collaborated cross-functionally on email marketing. Google Digital Marketing Certification graduate with distinction. Committed to ongoing professional development. Additional expertise in social media management, SEM, and email marketing. Committed to continuous learning and delivering high-impact results.",DIGITAL-MEDIA
SYN_DIG_0097,"Motivated content strategist with a passion for YouTube marketing. looking to grow brand presence through innovative digital strategies. Proficient in YouTube marketing, TikTok strategy, and content creation. Experienced with SEMrush and Adobe Premiere. Served as content strategist at a leading organization, managing SEM and overseeing Facebook Ads. Holds a BA Journalism with specialization in relevant areas. Additional expertise in social media management, brand strategy, and TikTok strategy. Seeking to contribute meaningfully to a forward-thinking organization.",DIGITAL-MEDIA
SYN_DIG_0098,"Dynamic paid media analyst specializing in social media management and SEO. creative digital marketing professional seeking to drive brand growth through data-driven campaigns. Proficient in social media management, SEO, and SEM. Experienced with Meta Business Suite and Canva. 7+ years as paid media analyst with a strong focus on A/B testing, Instagram marketing, and team collaboration. Holds a MBA Marketing with specialization in relevant areas. Additional expertise in SEM, influencer marketing, and Instagram marketing. Seeking to contribute meaningfully to a forward-thinking organization.",DIGITAL-MEDIA
SYN_DIG_0099,"Dynamic digital content producer specializing in influencer marketing and copywriting. results-oriented digital marketer with expertise in SEO and paid advertising. Key skills: influencer marketing, copywriting, email marketing. Familiar with Hootsuite. 9+ years as digital content producer with a strong focus on SEO, PPC campaigns, and team collaboration. HubSpot Content Marketing graduate with distinction. Committed to ongoing professional development. Additional expertise in email marketing, podcast production, and content creation. Looking forward to taking on new challenges and growing professionally.",DIGITAL-MEDIA
SYN_DIG_0100,"Dynamic digital content producer specializing in conversion rate optimization and Instagram marketing. passionate about leveraging social media and content to build engaged online communities. Core competencies include conversion rate optimization, Instagram marketing, copywriting, and YouTube marketing. Worked as digital content producer for 2 years, handling YouTube marketing and video production responsibilities. Completed BSc Mass Communication. Strong academic foundation complemented by practical experience. Additional expertise in web analytics, social media management, and TikTok strategy. Seeking to contribute meaningfully to a forward-thinking organization.",DIGITAL-MEDIA
SYN_DIG_0101,"looking to grow brand presence through innovative digital strategies with 9 years of experience in Instagram marketing and YouTube marketing. Core competencies include Instagram marketing, YouTube marketing, TikTok strategy, and brand strategy. Served as content strategist at a leading organization, managing brand strategy and overseeing affiliate marketing. Holds a MBA Marketing with specialization in relevant areas. Additional expertise in email marketing, Facebook Ads, and A/B testing. Eager to leverage skills to drive organizational growth and excellence.",DIGITAL-MEDIA
SYN_DIG_0102,"looking to grow brand presence through innovative digital strategies. Proven expertise in A/B testing, conversion rate optimization, and video production. Key skills: A/B testing, conversion rate optimization, video production. Familiar with Buffer. Worked as digital marketing executive for 11 years, handling SEM and influencer marketing responsibilities. MBA Marketing graduate with distinction. Committed to ongoing professional development. Additional expertise in SEM, influencer marketing, and affiliate marketing. Committed to continuous learning and delivering high-impact results.",DIGITAL-MEDIA
SYN_DIG_0103,"Dynamic digital marketing executive specializing in SEM and Google Analytics. results-oriented digital marketer with expertise in SEO and paid advertising. Core competencies include SEM, Google Analytics, YouTube marketing, and podcast production. Served as digital marketing executive at a leading organization, managing podcast production and overseeing email marketing. Educational background: MBA Marketing. Continuously updating skills in the field. Additional expertise in podcast production, content creation, and affiliate marketing. Committed to continuous learning and delivering high-impact results.",DIGITAL-MEDIA
SYN_APP_0000,"Motivated production coordinator with a passion for visual merchandising. dedicated apparel professional aiming to blend creativity with business acumen. Strong background in visual merchandising with hands-on experience using CLO 3D and retail management software. 2+ years as production coordinator with a strong focus on product development, style consulting, and team collaboration. Completed MBA Fashion Management. Strong academic foundation complemented by practical experience. Additional expertise in fabric sourcing, collection planning, and inventory management. Eager to leverage skills to drive organizational growth and excellence.",APPAREL
SYN_APP_0001,"passionate about sustainable fashion and ethical garment production. Proven expertise in quality control, collection planning, and brand development. Strong background in quality control with hands-on experience using Photoshop and retail management software. Worked as textile quality inspector for 6 years, handling fashion merchandising and fashion design responsibilities. Completed Certificate in Fashion Merchandising. Strong academic foundation complemented by practical experience. Additional expertise in pattern making, trend forecasting, and inventory management. Seeking to contribute meaningfully to a forward-thinking organization.",APPAREL
SYN_APP_0002,"Motivated garment technician with a passion for fashion design. creative fashion professional with strong understanding of garment construction and market trends. Proficient in fashion design, retail planning, and style consulting. Experienced with CLO 3D and CAD for fashion. Successfully delivered e-commerce fashion projects as garment technician. Collaborated cross-functionally on visual merchandising. Educational background: BSc Fashion Design. Continuously updating skills in the field. Additional expertise in textile knowledge, inventory management, and e-commerce fashion. Eager to leverage skills to drive organizational growth and excellence.",APPAREL
SYN_APP_0003,"passionate about sustainable fashion and ethical garment production with 1 years of experience in brand development and textile knowledge. Core competencies include brand development, textile knowledge, garment construction, and quality control. Worked as apparel merchandiser for 1 years, handling quality control and collection planning responsibilities. Certificate in Fashion Merchandising graduate with distinction. Committed to ongoing professional development. Additional expertise in garment construction, supply chain management, and collection planning. Looking forward to taking on new challenges and growing professionally.",APPAREL
SYN_APP_0004,"Dynamic production coordinator specializing in garment construction and brand development. seeking a role in apparel merchandising to apply expertise in trend forecasting and buying. Strong background in garment construction with hands-on experience using retail management software and Adobe Illustrator. Successfully delivered style consulting projects as production coordinator. Collaborated cross-functionally on supply chain management. Educational background: Certificate in Fashion Merchandising. Continuously updating skills in the field. Additional expertise in retail planning, inventory management, and textile knowledge. Committed to continuous learning and delivering high-impact results.",APPAREL
SYN_APP_0005,"Dynamic textile quality inspector specializing in style consulting and fabric sourcing. creative fashion professional with strong understanding of garment construction and market trends. Expertise spans style consulting, fabric sourcing, and retail planning, supported by proficiency in retail management software. Served as textile quality inspector at a leading organization, managing brand development and overseeing textile knowledge. Educational background: Diploma in Apparel Management. Continuously updating skills in the field. Additional expertise in pattern making, textile knowledge, and product development. Committed to continuous learning and delivering high-impact results.",APPAREL
SYN_APP_0006,"dedicated apparel professional aiming to blend creativity with business acumen. Proven expertise in fashion design, collection planning, and trend forecasting. Strong background in fashion design with hands-on experience using CAD for fashion and Adobe Illustrator. Successfully delivered visual merchandising projects as apparel merchandiser. Collaborated cross-functionally on quality control. Educational background: BSc Fashion Design. Continuously updating skills in the field. Additional expertise in quality control, garment construction, and pattern making. Eager to leverage skills to drive organizational growth and excellence.",APPAREL
SYN_APP_0007,"Motivated garment technician with a passion for garment construction. creative fashion professional with strong understanding of garment construction and market trends. Key skills: garment construction, pattern making, retail planning. Familiar with Adobe Illustrator. Successfully delivered fabric sourcing projects as garment technician. Collaborated cross-functionally on quality control. Holds a BSc Fashion Design with specialization in relevant areas. Additional expertise in inventory management, trend forecasting, and style consulting. Eager to leverage skills to drive organizational growth and excellence.",APPAREL
SYN_APP_0008,"seeking a role in apparel merchandising to apply expertise in trend forecasting and buying with 12 years of experience in fashion merchandising and brand development. Key skills: fashion merchandising, brand development, garment construction. Familiar with Photoshop. Worked as style consultant for 12 years, handling retail planning and textile knowledge responsibilities. Holds a Certificate in Fashion Merchandising with specialization in relevant areas. Additional expertise in brand development, product development, and fashion design. Seeking to contribute meaningfully to a forward-thinking organization.",APPAREL
SYN_APP_0009,"seeking a role in apparel merchandising to apply expertise in trend forecasting and buying. Proven expertise in style consulting, fashion buying, and inventory management. Expertise spans style consulting, fashion buying, and inventory management, supported by proficiency in retail management software. Successfully delivered pattern making projects as retail fashion manager. Collaborated cross-functionally on fabric sourcing. Holds a MBA Fashion Management with specialization in relevant areas. Additional expertise in garment construction, pattern making, and supply chain management. Looking forward to taking on new challenges and growing professionally.",APPAREL
SYN_APP_0010,"creative fashion professional with strong understanding of garment construction and market trends with 6 years of experience in fashion design and collection planning. Expertise spans fashion design, collection planning, and supply chain management, supported by proficiency in Adobe Illustrator. 6+ years as textile quality inspector with a strong focus on fashion buying, product development, and team collaboration. Educational background: BA Textile Design. Continuously updating skills in the field. Additional expertise in retail planning, inventory management, and brand development. Eager to leverage skills to drive organizational growth and excellence.",APPAREL
SYN_APP_0011,"seeking a role in apparel merchandising to apply expertise in trend forecasting and buying. Proven expertise in pattern making, retail planning, and fabric sourcing. Core competencies include pattern making, retail planning, fabric sourcing, and style consulting. Served as textile quality inspector at a leading organization, managing style consulting and overseeing supply chain management. Educational background: Certificate in Fashion Merchandising. Continuously updating skills in the field. Additional expertise in supply chain management, style consulting, and retail planning. Committed to continuous learning and delivering high-impact results.",APPAREL
SYN_APP_0012,"Dynamic garment technician specializing in collection planning and fashion buying. creative fashion professional with strong understanding of garment construction and market trends. Key skills: collection planning, fashion buying, visual merchandising. Familiar with CAD for fashion. 9+ years as garment technician with a strong focus on e-commerce fashion, fabric sourcing, and team collaboration. Diploma in Apparel Management graduate with distinction. Committed to ongoing professional development. Additional expertise in product development, retail planning, and trend forecasting. Seeking to contribute meaningfully to a forward-thinking organization.",APPAREL
SYN_APP_0013,"Dynamic garment technician specializing in pattern making and collection planning. passionate about sustainable fashion and ethical garment production. Strong background in pattern making with hands-on experience using Adobe Illustrator and ERP systems. Served as garment technician at a leading organization, managing inventory management and overseeing fashion merchandising. BSc Fashion Design graduate with distinction. Committed to ongoing professional development. Additional expertise in e-commerce fashion, collection planning, and retail planning. Eager to leverage skills to drive organizational growth and excellence.",APPAREL
SYN_APP_0014,"Dynamic fashion buyer specializing in product development and fabric sourcing. dedicated apparel professional aiming to blend creativity with business acumen. Expertise spans product development, fabric sourcing, and pattern making, supported by proficiency in CLO 3D. Successfully delivered fashion design projects as fashion buyer. Collaborated cross-functionally on inventory management. Completed BSc Fashion Design. Strong academic foundation complemented by practical experience. Additional expertise in quality control, pattern making, and fabric sourcing. Committed to continuous learning and delivering high-impact results.",APPAREL
SYN_APP_0015,"Dynamic textile quality inspector specializing in collection planning and style consulting. dedicated apparel professional aiming to blend creativity with business acumen. Proficient in collection planning, style consulting, and garment construction. Experienced with ERP systems and Adobe Illustrator. Successfully delivered product development projects as textile quality inspector. Collaborated cross-functionally on e-commerce fashion. Holds a Diploma in Apparel Management with specialization in relevant areas. Additional expertise in trend forecasting, supply chain management, and quality control. Committed to continuous learning and delivering high-impact results.",APPAREL
SYN_APP_0016,"seeking a role in apparel merchandising to apply expertise in trend forecasting and buying. Proven expertise in supply chain management, garment construction, and retail planning. Expertise spans supply chain management, garment construction, and retail planning, supported by proficiency in ERP systems. Served as retail fashion manager at a leading organization, managing pattern making and overseeing fabric sourcing. MBA Fashion Management graduate with distinction. Committed to ongoing professional development. Additional expertise in fabric sourcing, inventory management, and quality control. Seeking to contribute meaningfully to a forward-thinking organization.",APPAREL
SYN_APP_0017,"seeking a role in apparel merchandising to apply expertise in trend forecasting and buying with 8 years of experience in textile knowledge and product development. Key skills: textile knowledge, product development, inventory management. Familiar with CLO 3D. 8+ years as style consultant with a strong focus on fashion design, e-commerce fashion, and team collaboration. Holds a Certificate in Fashion Merchandising with specialization in relevant areas. Additional expertise in style consulting, brand development, and visual merchandising. Committed to continuous learning and delivering high-impact results.",APPAREL
SYN_APP_0018,"Motivated fashion designer with a passion for retail planning. passionate about sustainable fashion and ethical garment production. Key skills: retail planning, visual merchandising, collection planning. Familiar with Adobe Illustrator. 10+ years as fashion designer with a strong focus on textile knowledge, brand development, and team collaboration. Educational background: BA Textile Design. Continuously updating skills in the field. Additional expertise in fashion buying, retail planning, and trend forecasting. Seeking to contribute meaningfully to a forward-thinking organization.",APPAREL
SYN_APP_0019,"Dynamic fashion designer specializing in collection planning and fashion merchandising. dedicated apparel professional aiming to blend creativity with business acumen. Key skills: collection planning, fashion merchandising, e-commerce fashion. Familiar with CAD for fashion. Worked as fashion designer for 8 years, handling fashion buying and quality control responsibilities. Holds a MBA Fashion Management with specialization in relevant areas. Additional expertise in pattern making, product development, and trend forecasting. Seeking to contribute meaningfully to a forward-thinking organization.",APPAREL
SYN_APP_0020,"passionate about sustainable fashion and ethical garment production. Proven expertise in retail planning, garment construction, and supply chain management. Strong background in retail planning with hands-on experience using Adobe Illustrator and ERP systems. Served as garment technician at a leading organization, managing visual merchandising and overseeing style consulting. BSc Fashion Design graduate with distinction. Committed to ongoing professional development. Additional expertise in fashion design, garment construction, and textile knowledge. Looking forward to taking on new challenges and growing professionally.",APPAREL
SYN_APP_0021,"Dynamic production coordinator specializing in collection planning and textile knowledge. creative fashion professional with strong understanding of garment construction and market trends. Expertise spans collection planning, textile knowledge, and supply chain management, supported by proficiency in CAD for fashion. Served as production coordinator at a leading organization, managing pattern making and overseeing style consulting. Educational background: MBA Fashion Management. Continuously updating skills in the field. Additional expertise in garment construction, fashion buying, and textile knowledge. Committed to continuous learning and delivering high-impact results.",APPAREL
SYN_APP_0022,"passionate about sustainable fashion and ethical garment production. Proven expertise in style consulting, fashion design, and retail planning. Expertise spans style consulting, fashion design, and retail planning, supported by proficiency in retail management software. Served as textile quality inspector at a leading organization, managing supply chain management and overseeing quality control. Completed Certificate in Fashion Merchandising. Strong academic foundation complemented by practical experience. Additional expertise in trend forecasting, fashion merchandising, and fashion buying. Seeking to contribute meaningfully to a forward-thinking organization.",APPAREL
SYN_APP_0023,"Motivated apparel merchandiser with a passion for garment construction. dedicated apparel professional aiming to blend creativity with business acumen. Strong background in garment construction with hands-on experience using CLO 3D and Adobe Illustrator. Worked as apparel merchandiser for 7 years, handling product development and brand development responsibilities. Completed BA Textile Design. Strong academic foundation complemented by practical experience. Additional expertise in supply chain management, style consulting, and inventory management. Seeking to contribute meaningfully to a forward-thinking organization.",APPAREL
SYN_APP_0024,"dedicated apparel professional aiming to blend creativity with business acumen with 12 years of experience in fashion merchandising and visual merchandising. Core competencies include fashion merchandising, visual merchandising, trend forecasting, and style consulting. Successfully delivered style consulting projects as production coordinator. Collaborated cross-functionally on fabric sourcing. Educational background: Diploma in Apparel Management. Continuously updating skills in the field. Additional expertise in quality control, inventory management, and collection planning. Committed to continuous learning and delivering high-impact results.",APPAREL
SYN_APP_0025,"Motivated retail fashion manager with a passion for collection planning. passionate about sustainable fashion and ethical garment production. Proficient in collection planning, fashion merchandising, and trend forecasting. Experienced with Photoshop and Adobe Illustrator. 9+ years as retail fashion manager with a strong focus on supply chain management, inventory management, and team collaboration. Certificate in Fashion Merchandising graduate with distinction. Committed to ongoing professional development. Additional expertise in collection planning, visual merchandising, and brand development. Eager to leverage skills to drive organizational growth and excellence.",APPAREL
SYN_APP_0026,"Motivated retail fashion manager with a passion for fabric sourcing. creative fashion professional with strong understanding of garment construction and market trends. Core competencies include fabric sourcing, textile knowledge, e-commerce fashion, and quality control. Worked as retail fashion manager for 5 years, handling quality control and fashion buying responsibilities. Completed Diploma in Apparel Management. Strong academic foundation complemented by practical experience. Additional expertise in garment construction, trend forecasting, and textile knowledge. Committed to continuous learning and delivering high-impact results.",APPAREL
SYN_APP_0027,"seeking a role in apparel merchandising to apply expertise in trend forecasting and buying. Proven expertise in inventory management, e-commerce fashion, and supply chain management. Proficient in inventory management, e-commerce fashion, and supply chain management. Experienced with Adobe Illustrator and retail management software. Successfully delivered brand development projects as style consultant. Collaborated cross-functionally on visual merchandising. Certificate in Fashion Merchandising graduate with distinction. Committed to ongoing professional development. Additional expertise in style consulting, fashion buying, and fashion merchandising. Looking forward to taking on new challenges and growing professionally.",APPAREL
SYN_APP_0028,"dedicated apparel professional aiming to blend creativity with business acumen. Proven expertise in fashion buying, style consulting, and supply chain management. Core competencies include fashion buying, style consulting, supply chain management, and fashion merchandising. 1+ years as apparel merchandiser with a strong focus on fashion merchandising, e-commerce fashion, and team collaboration. Completed Diploma in Apparel Management. Strong academic foundation complemented by practical experience. Additional expertise in collection planning, inventory management, and quality control. Seeking to contribute meaningfully to a forward-thinking organization.",APPAREL
SYN_APP_0029,"passionate about sustainable fashion and ethical garment production. Proven expertise in fashion merchandising, style consulting, and fashion buying. Strong background in fashion merchandising with hands-on experience using retail management software and Photoshop. Served as garment technician at a leading organization, managing e-commerce fashion and overseeing product development. Educational background: BA Textile Design. Continuously updating skills in the field. Additional expertise in textile knowledge, supply chain management, and inventory management. Committed to continuous learning and delivering high-impact results.",APPAREL
SYN_APP_0030,"Motivated garment technician with a passion for garment construction. dedicated apparel professional aiming to blend creativity with business acumen. Strong background in garment construction with hands-on experience using ERP systems and CLO 3D. 11+ years as garment technician with a strong focus on fashion merchandising, collection planning, and team collaboration. Educational background: BSc Fashion Design. Continuously updating skills in the field. Additional expertise in collection planning, textile knowledge, and quality control. Eager to leverage skills to drive organizational growth and excellence.",APPAREL
SYN_APP_0031,"dedicated apparel professional aiming to blend creativity with business acumen. Proven expertise in quality control, e-commerce fashion, and pattern making. Strong background in quality control with hands-on experience using Photoshop and CAD for fashion. 5+ years as style consultant with a strong focus on fashion buying, textile knowledge, and team collaboration. BSc Fashion Design graduate with distinction. Committed to ongoing professional development. Additional expertise in e-commerce fashion, fashion merchandising, and textile knowledge. Committed to continuous learning and delivering high-impact results.",APPAREL
SYN_APP_0032,"dedicated apparel professional aiming to blend creativity with business acumen with 3 years of experience in supply chain management and fashion design. Strong background in supply chain management with hands-on experience using CAD for fashion and Adobe Illustrator. Successfully delivered product development projects as production coordinator. Collaborated cross-functionally on garment construction. MBA Fashion Management graduate with distinction. Committed to ongoing professional development. Additional expertise in fabric sourcing, pattern making, and style consulting. Eager to leverage skills to drive organizational growth and excellence.",APPAREL
SYN_APP_0033,"passionate about sustainable fashion and ethical garment production with 4 years of experience in fabric sourcing and collection planning. Expertise spans fabric sourcing, collection planning, and inventory management, supported by proficiency in CLO 3D. Successfully delivered product development projects as textile quality inspector. Collaborated cross-functionally on fashion design. Completed BSc Fashion Design. Strong academic foundation complemented by practical experience. Additional expertise in collection planning, fashion buying, and quality control. Eager to leverage skills to drive organizational growth and excellence.",APPAREL
SYN_APP_0034,"creative fashion professional with strong understanding of garment construction and market trends with 11 years of experience in brand development and inventory management. Core competencies include brand development, inventory management, e-commerce fashion, and style consulting. Served as textile quality inspector at a leading organization, managing style consulting and overseeing quality control. BSc Fashion Design graduate with distinction. Committed to ongoing professional development. Additional expertise in collection planning, supply chain management, and brand development. Committed to continuous learning and delivering high-impact results.",APPAREL
SYN_APP_0035,"passionate about sustainable fashion and ethical garment production. Proven expertise in supply chain management, fabric sourcing, and fashion design. Strong background in supply chain management with hands-on experience using retail management software and CAD for fashion. Worked as fashion buyer for 10 years, handling garment construction and collection planning responsibilities. Completed Diploma in Apparel Management. Strong academic foundation complemented by practical experience. Additional expertise in collection planning, garment construction, and fashion merchandising. Looking forward to taking on new challenges and growing professionally.",APPAREL
SYN_APP_0036,"Dynamic retail fashion manager specializing in brand development and inventory management. seeking a role in apparel merchandising to apply expertise in trend forecasting and buying. Core competencies include brand development, inventory management, collection planning, and trend forecasting. Served as retail fashion manager at a leading organization, managing trend forecasting and overseeing quality control. BSc Fashion Design graduate with distinction. Committed to ongoing professional development. Additional expertise in fashion design, fabric sourcing, and retail planning. Looking forward to taking on new challenges and growing professionally.",APPAREL
SYN_APP_0037,"Dynamic garment technician specializing in fashion merchandising and retail planning. creative fashion professional with strong understanding of garment construction and market trends. Expertise spans fashion merchandising, retail planning, and e-commerce fashion, supported by proficiency in Adobe Illustrator. Successfully delivered inventory management projects as garment technician. Collaborated cross-functionally on trend forecasting. Educational background: BSc Fashion Design. Continuously updating skills in the field. Additional expertise in quality control, style consulting, and fabric sourcing. Committed to continuous learning and delivering high-impact results.",APPAREL
SYN_APP_0038,"seeking a role in apparel merchandising to apply expertise in trend forecasting and buying with 7 years of experience in fashion merchandising and e-commerce fashion. Proficient in fashion merchandising, e-commerce fashion, and pattern making. Experienced with ERP systems and retail management software. Successfully delivered fashion design projects as production coordinator. Collaborated cross-functionally on product development. Completed BA Textile Design. Strong academic foundation complemented by practical experience. Additional expertise in fashion buying, e-commerce fashion, and textile knowledge. Eager to leverage skills to drive organizational growth and excellence.",APPAREL
SYN_APP_0039,"creative fashion professional with strong understanding of garment construction and market trends with 9 years of experience in textile knowledge and pattern making. Strong background in textile knowledge with hands-on experience using CAD for fashion and Adobe Illustrator. Worked as style consultant for 9 years, handling inventory management and fashion design responsibilities. Certificate in Fashion Merchandising graduate with distinction. Committed to ongoing professional development. Additional expertise in quality control, style consulting, and e-commerce fashion. Looking forward to taking on new challenges and growing professionally.",APPAREL
SYN_APP_0040,"Motivated production coordinator with a passion for garment construction. passionate about sustainable fashion and ethical garment production. Expertise spans garment construction, supply chain management, and product development, supported by proficiency in retail management software. Worked as production coordinator for 3 years, handling fashion merchandising and inventory management responsibilities. Completed Diploma in Apparel Management. Strong academic foundation complemented by practical experience. Additional expertise in e-commerce fashion, textile knowledge, and retail planning. Seeking to contribute meaningfully to a forward-thinking organization.",APPAREL
SYN_APP_0041,"Motivated retail fashion manager with a passion for product development. passionate about sustainable fashion and ethical garment production. Core competencies include product development, fashion merchandising, fashion buying, and supply chain management. 5+ years as retail fashion manager with a strong focus on supply chain management, textile knowledge, and team collaboration. Educational background: BA Textile Design. Continuously updating skills in the field. Additional expertise in e-commerce fashion, visual merchandising, and garment construction. Looking forward to taking on new challenges and growing professionally.",APPAREL
SYN_APP_0042,"Motivated garment technician with a passion for fabric sourcing. seeking a role in apparel merchandising to apply expertise in trend forecasting and buying. Proficient in fabric sourcing, brand development, and pattern making. Experienced with CAD for fashion and CLO 3D. 8+ years as garment technician with a strong focus on inventory management, e-commerce fashion, and team collaboration. Holds a Certificate in Fashion Merchandising with specialization in relevant areas. Additional expertise in garment construction, visual merchandising, and quality control. Committed to continuous learning and delivering high-impact results.",APPAREL
SYN_APP_0043,"Dynamic retail fashion manager specializing in brand development and e-commerce fashion. seeking a role in apparel merchandising to apply expertise in trend forecasting and buying. Strong background in brand development with hands-on experience using Adobe Illustrator and Photoshop. Worked as retail fashion manager for 7 years, handling textile knowledge and style consulting responsibilities. Holds a MBA Fashion Management with specialization in relevant areas. Additional expertise in collection planning, fashion design, and fabric sourcing. Looking forward to taking on new challenges and growing professionally.",APPAREL
SYN_APP_0044,"creative fashion professional with strong understanding of garment construction and market trends. Proven expertise in brand development, quality control, and pattern making. Strong background in brand development with hands-on experience using CLO 3D and retail management software. Worked as retail fashion manager for 5 years, handling fashion design and inventory management responsibilities. Holds a Diploma in Apparel Management with specialization in relevant areas. Additional expertise in textile knowledge, fashion merchandising, and fabric sourcing. Seeking to contribute meaningfully to a forward-thinking organization.",APPAREL
SYN_APP_0045,"seeking a role in apparel merchandising to apply expertise in trend forecasting and buying with 12 years of experience in supply chain management and product development. Proficient in supply chain management, product development, and trend forecasting. Experienced with Adobe Illustrator and CAD for fashion. Worked as style consultant for 12 years, handling fashion merchandising and quality control responsibilities. Educational background: Diploma in Apparel Management. Continuously updating skills in the field. Additional expertise in brand development, visual merchandising, and fashion buying. Eager to leverage skills to drive organizational growth and excellence.",APPAREL
SYN_APP_0046,"creative fashion professional with strong understanding of garment construction and market trends with 11 years of experience in quality control and product development. Strong background in quality control with hands-on experience using Photoshop and CAD for fashion. Worked as retail fashion manager for 11 years, handling fashion design and inventory management responsibilities. MBA Fashion Management graduate with distinction. Committed to ongoing professional development. Additional expertise in brand development, inventory management, and garment construction. Looking forward to taking on new challenges and growing professionally.",APPAREL
SYN_APP_0047,"creative fashion professional with strong understanding of garment construction and market trends. Proven expertise in trend forecasting, brand development, and visual merchandising. Expertise spans trend forecasting, brand development, and visual merchandising, supported by proficiency in CLO 3D. Worked as garment technician for 8 years, handling inventory management and pattern making responsibilities. MBA Fashion Management graduate with distinction. Committed to ongoing professional development. Additional expertise in product development, fashion buying, and garment construction. Seeking to contribute meaningfully to a forward-thinking organization.",APPAREL
SYN_APP_0048,"creative fashion professional with strong understanding of garment construction and market trends with 8 years of experience in retail planning and fashion merchandising. Expertise spans retail planning, fashion merchandising, and garment construction, supported by proficiency in CLO 3D. Successfully delivered inventory management projects as retail fashion manager. Collaborated cross-functionally on trend forecasting. MBA Fashion Management graduate with distinction. Committed to ongoing professional development. Additional expertise in fabric sourcing, brand development, and textile knowledge. Eager to leverage skills to drive organizational growth and excellence.",APPAREL
SYN_APP_0049,"Motivated textile quality inspector with a passion for collection planning. creative fashion professional with strong understanding of garment construction and market trends. Proficient in collection planning, fashion design, and inventory management. Experienced with Adobe Illustrator and CAD for fashion. Successfully delivered e-commerce fashion projects as textile quality inspector. Collaborated cross-functionally on retail planning. Completed MBA Fashion Management. Strong academic foundation complemented by practical experience. Additional expertise in trend forecasting, visual merchandising, and garment construction. Committed to continuous learning and delivering high-impact results.",APPAREL
SYN_APP_0050,"creative fashion professional with strong understanding of garment construction and market trends with 11 years of experience in fashion design and e-commerce fashion. Core competencies include fashion design, e-commerce fashion, textile knowledge, and quality control. Worked as retail fashion manager for 11 years, handling quality control and inventory management responsibilities. Educational background: MBA Fashion Management. Continuously updating skills in the field. Additional expertise in e-commerce fashion, brand development, and textile knowledge. Looking forward to taking on new challenges and growing professionally.",APPAREL
SYN_APP_0051,"creative fashion professional with strong understanding of garment construction and market trends. Proven expertise in garment construction, inventory management, and collection planning. Expertise spans garment construction, inventory management, and collection planning, supported by proficiency in CAD for fashion. Served as style consultant at a leading organization, managing trend forecasting and overseeing e-commerce fashion. Holds a BSc Fashion Design with specialization in relevant areas. Additional expertise in garment construction, retail planning, and e-commerce fashion. Seeking to contribute meaningfully to a forward-thinking organization.",APPAREL
SYN_APP_0052,"seeking a role in apparel merchandising to apply expertise in trend forecasting and buying with 1 years of experience in visual merchandising and garment construction. Proficient in visual merchandising, garment construction, and supply chain management. Experienced with ERP systems and retail management software. Worked as fashion designer for 1 years, handling fabric sourcing and brand development responsibilities. BA Textile Design graduate with distinction. Committed to ongoing professional development. Additional expertise in pattern making, textile knowledge, and trend forecasting. Committed to continuous learning and delivering high-impact results.",APPAREL
SYN_APP_0053,"Motivated textile quality inspector with a passion for collection planning. creative fashion professional with strong understanding of garment construction and market trends. Proficient in collection planning, retail planning, and inventory management. Experienced with Adobe Illustrator and retail management software. Worked as textile quality inspector for 11 years, handling fabric sourcing and brand development responsibilities. Completed Diploma in Apparel Management. Strong academic foundation complemented by practical experience. Additional expertise in retail planning, fabric sourcing, and visual merchandising. Looking forward to taking on new challenges and growing professionally.",APPAREL
SYN_APP_0054,"creative fashion professional with strong understanding of garment construction and market trends with 3 years of experience in fashion buying and brand development. Expertise spans fashion buying, brand development, and visual merchandising, supported by proficiency in Adobe Illustrator. 3+ years as style consultant with a strong focus on fashion merchandising, pattern making, and team collaboration. BA Textile Design graduate with distinction. Committed to ongoing professional development. Additional expertise in e-commerce fashion, retail planning, and trend forecasting. Eager to leverage skills to drive organizational growth and excellence.",APPAREL
SYN_APP_0055,"seeking a role in apparel merchandising to apply expertise in trend forecasting and buying with 3 years of experience in garment construction and visual merchandising. Expertise spans garment construction, visual merchandising, and e-commerce fashion, supported by proficiency in Photoshop. Served as style consultant at a leading organization, managing supply chain management and overseeing collection planning. Educational background: MBA Fashion Management. Continuously updating skills in the field. Additional expertise in fashion buying, style consulting, and collection planning. Looking forward to taking on new challenges and growing professionally.",APPAREL
SYN_APP_0056,"passionate about sustainable fashion and ethical garment production with 1 years of experience in trend forecasting and fashion buying. Proficient in trend forecasting, fashion buying, and retail planning. Experienced with ERP systems and CLO 3D. 1+ years as style consultant with a strong focus on inventory management, fabric sourcing, and team collaboration. Completed BA Textile Design. Strong academic foundation complemented by practical experience. Additional expertise in trend forecasting, fabric sourcing, and product development. Looking forward to taking on new challenges and growing professionally.",APPAREL
SYN_APP_0057,"Motivated fashion designer with a passion for visual merchandising. creative fashion professional with strong understanding of garment construction and market trends. Key skills: visual merchandising, collection planning, fashion merchandising. Familiar with Adobe Illustrator. Served as fashion designer at a leading organization, managing pattern making and overseeing product development. Completed BSc Fashion Design. Strong academic foundation complemented by practical experience. Additional expertise in pattern making, fashion buying, and inventory management. Eager to leverage skills to drive organizational growth and excellence.",APPAREL
SYN_APP_0058,"Dynamic fashion buyer specializing in pattern making and textile knowledge. seeking a role in apparel merchandising to apply expertise in trend forecasting and buying. Core competencies include pattern making, textile knowledge, e-commerce fashion, and supply chain management. Successfully delivered supply chain management projects as fashion buyer. Collaborated cross-functionally on collection planning. Completed MBA Fashion Management. Strong academic foundation complemented by practical experience. Additional expertise in retail planning, quality control, and trend forecasting. Looking forward to taking on new challenges and growing professionally.",APPAREL
SYN_APP_0059,"Motivated fashion buyer with a passion for garment construction. seeking a role in apparel merchandising to apply expertise in trend forecasting and buying. Core competencies include garment construction, product development, retail planning, and collection planning. 1+ years as fashion buyer with a strong focus on collection planning, fabric sourcing, and team collaboration. Educational background: Diploma in Apparel Management. Continuously updating skills in the field. Additional expertise in visual merchandising, pattern making, and textile knowledge. Committed to continuous learning and delivering high-impact results.",APPAREL
SYN_APP_0060,"dedicated apparel professional aiming to blend creativity with business acumen. Proven expertise in product development, fashion merchandising, and fabric sourcing. Expertise spans product development, fashion merchandising, and fabric sourcing, supported by proficiency in CLO 3D. Served as fashion buyer at a leading organization, managing fashion design and overseeing e-commerce fashion. Holds a Certificate in Fashion Merchandising with specialization in relevant areas. Additional expertise in fabric sourcing, garment construction, and style consulting. Committed to continuous learning and delivering high-impact results.",APPAREL
SYN_APP_0061,"dedicated apparel professional aiming to blend creativity with business acumen. Proven expertise in fashion buying, quality control, and e-commerce fashion. Strong background in fashion buying with hands-on experience using Adobe Illustrator and ERP systems. 8+ years as textile quality inspector with a strong focus on collection planning, garment construction, and team collaboration. Educational background: Certificate in Fashion Merchandising. Continuously updating skills in the field. Additional expertise in textile knowledge, fashion merchandising, and e-commerce fashion. Looking forward to taking on new challenges and growing professionally.",APPAREL
SYN_APP_0062,"creative fashion professional with strong understanding of garment construction and market trends with 8 years of experience in quality control and retail planning. Key skills: quality control, retail planning, brand development. Familiar with CAD for fashion. 8+ years as style consultant with a strong focus on textile knowledge, e-commerce fashion, and team collaboration. Holds a Certificate in Fashion Merchandising with specialization in relevant areas. Additional expertise in supply chain management, fabric sourcing, and product development. Eager to leverage skills to drive organizational growth and excellence.",APPAREL
SYN_APP_0063,"passionate about sustainable fashion and ethical garment production with 1 years of experience in fashion buying and brand development. Expertise spans fashion buying, brand development, and fashion design, supported by proficiency in Photoshop. Served as production coordinator at a leading organization, managing pattern making and overseeing supply chain management. Educational background: BSc Fashion Design. Continuously updating skills in the field. Additional expertise in inventory management, pattern making, and fashion buying. Committed to continuous learning and delivering high-impact results.",APPAREL
SYN_APP_0064,"passionate about sustainable fashion and ethical garment production with 5 years of experience in style consulting and fabric sourcing. Key skills: style consulting, fabric sourcing, product development. Familiar with Photoshop. 5+ years as fashion buyer with a strong focus on fashion merchandising, garment construction, and team collaboration. Diploma in Apparel Management graduate with distinction. Committed to ongoing professional development. Additional expertise in fashion design, textile knowledge, and trend forecasting. Committed to continuous learning and delivering high-impact results.",APPAREL
SYN_APP_0065,"seeking a role in apparel merchandising to apply expertise in trend forecasting and buying. Proven expertise in textile knowledge, fashion buying, and visual merchandising. Expertise spans textile knowledge, fashion buying, and visual merchandising, supported by proficiency in CLO 3D. Worked as apparel merchandiser for 5 years, handling retail planning and garment construction responsibilities. Completed MBA Fashion Management. Strong academic foundation complemented by practical experience. Additional expertise in fabric sourcing, retail planning, and e-commerce fashion. Looking forward to taking on new challenges and growing professionally.",APPAREL
SYN_APP_0066,"Motivated style consultant with a passion for textile knowledge. passionate about sustainable fashion and ethical garment production. Key skills: textile knowledge, fashion merchandising, pattern making. Familiar with Photoshop. Successfully delivered fabric sourcing projects as style consultant. Collaborated cross-functionally on product development. BSc Fashion Design graduate with distinction. Committed to ongoing professional development. Additional expertise in supply chain management, retail planning, and collection planning. Eager to leverage skills to drive organizational growth and excellence.",APPAREL
SYN_APP_0067,"passionate about sustainable fashion and ethical garment production. Proven expertise in garment construction, retail planning, and fashion design. Core competencies include garment construction, retail planning, fashion design, and style consulting. Served as fashion buyer at a leading organization, managing style consulting and overseeing pattern making. Educational background: MBA Fashion Management. Continuously updating skills in the field. Additional expertise in pattern making, fashion buying, and garment construction. Looking forward to taking on new challenges and growing professionally.",APPAREL
SYN_APP_0068,"Motivated style consultant with a passion for trend forecasting. passionate about sustainable fashion and ethical garment production. Proficient in trend forecasting, garment construction, and inventory management. Experienced with ERP systems and retail management software. Worked as style consultant for 3 years, handling visual merchandising and textile knowledge responsibilities. Diploma in Apparel Management graduate with distinction. Committed to ongoing professional development. Additional expertise in e-commerce fashion, retail planning, and quality control. Looking forward to taking on new challenges and growing professionally.",APPAREL
SYN_APP_0069,"Motivated fashion designer with a passion for supply chain management. passionate about sustainable fashion and ethical garment production. Proficient in supply chain management, e-commerce fashion, and collection planning. Experienced with CLO 3D and retail management software. Successfully delivered brand development projects as fashion designer. Collaborated cross-functionally on style consulting. Holds a Certificate in Fashion Merchandising with specialization in relevant areas. Additional expertise in retail planning, fashion buying, and supply chain management. Seeking to contribute meaningfully to a forward-thinking organization.",APPAREL
SYN_APP_0070,"passionate about sustainable fashion and ethical garment production with 2 years of experience in inventory management and garment construction. Expertise spans inventory management, garment construction, and trend forecasting, supported by proficiency in Photoshop. Successfully delivered supply chain management projects as fashion buyer. Collaborated cross-functionally on product development. Holds a MBA Fashion Management with specialization in relevant areas. Additional expertise in style consulting, brand development, and trend forecasting. Committed to continuous learning and delivering high-impact results.",APPAREL
SYN_APP_0071,"Dynamic fashion designer specializing in fabric sourcing and fashion design. dedicated apparel professional aiming to blend creativity with business acumen. Expertise spans fabric sourcing, fashion design, and brand development, supported by proficiency in Photoshop. Worked as fashion designer for 3 years, handling visual merchandising and fashion merchandising responsibilities. Educational background: Diploma in Apparel Management. Continuously updating skills in the field. Additional expertise in quality control, fabric sourcing, and collection planning. Looking forward to taking on new challenges and growing professionally.",APPAREL
SYN_APP_0072,"seeking a role in apparel merchandising to apply expertise in trend forecasting and buying with 10 years of experience in textile knowledge and retail planning. Proficient in textile knowledge, retail planning, and trend forecasting. Experienced with Photoshop and Adobe Illustrator. Successfully delivered style consulting projects as textile quality inspector. Collaborated cross-functionally on pattern making. Completed MBA Fashion Management. Strong academic foundation complemented by practical experience. Additional expertise in fabric sourcing, visual merchandising, and quality control. Eager to leverage skills to drive organizational growth and excellence.",APPAREL
SYN_APP_0073,"passionate about sustainable fashion and ethical garment production. Proven expertise in e-commerce fashion, garment construction, and supply chain management. Proficient in e-commerce fashion, garment construction, and supply chain management. Experienced with ERP systems and retail management software. Worked as garment technician for 9 years, handling fabric sourcing and collection planning responsibilities. Educational background: MBA Fashion Management. Continuously updating skills in the field. Additional expertise in product development, supply chain management, and e-commerce fashion. Seeking to contribute meaningfully to a forward-thinking organization.",APPAREL
SYN_APP_0074,"Dynamic textile quality inspector specializing in pattern making and fashion merchandising. dedicated apparel professional aiming to blend creativity with business acumen. Expertise spans pattern making, fashion merchandising, and fashion buying, supported by proficiency in Adobe Illustrator. Successfully delivered brand development projects as textile quality inspector. Collaborated cross-functionally on retail planning. Completed BA Textile Design. Strong academic foundation complemented by practical experience. Additional expertise in e-commerce fashion, fashion buying, and fashion design. Seeking to contribute meaningfully to a forward-thinking organization.",APPAREL
SYN_APP_0075,"Motivated garment technician with a passion for inventory management. creative fashion professional with strong understanding of garment construction and market trends. Proficient in inventory management, quality control, and retail planning. Experienced with Photoshop and CAD for fashion. 3+ years as garment technician with a strong focus on visual merchandising, textile knowledge, and team collaboration. Completed Certificate in Fashion Merchandising. Strong academic foundation complemented by practical experience. Additional expertise in style consulting, textile knowledge, and trend forecasting. Eager to leverage skills to drive organizational growth and excellence.",APPAREL
SYN_APP_0076,"passionate about sustainable fashion and ethical garment production. Proven expertise in supply chain management, product development, and fashion design. Expertise spans supply chain management, product development, and fashion design, supported by proficiency in Photoshop. 6+ years as garment technician with a strong focus on garment construction, style consulting, and team collaboration. Completed Certificate in Fashion Merchandising. Strong academic foundation complemented by practical experience. Additional expertise in e-commerce fashion, fabric sourcing, and inventory management. Eager to leverage skills to drive organizational growth and excellence.",APPAREL
SYN_APP_0077,"Dynamic fashion buyer specializing in collection planning and style consulting. seeking a role in apparel merchandising to apply expertise in trend forecasting and buying. Strong background in collection planning with hands-on experience using Adobe Illustrator and CLO 3D. 4+ years as fashion buyer with a strong focus on trend forecasting, pattern making, and team collaboration. Completed BA Textile Design. Strong academic foundation complemented by practical experience. Additional expertise in retail planning, quality control, and inventory management. Eager to leverage skills to drive organizational growth and excellence.",APPAREL
SYN_APP_0078,"seeking a role in apparel merchandising to apply expertise in trend forecasting and buying with 3 years of experience in retail planning and pattern making. Proficient in retail planning, pattern making, and supply chain management. Experienced with Adobe Illustrator and ERP systems. Successfully delivered textile knowledge projects as fashion designer. Collaborated cross-functionally on fashion buying. BSc Fashion Design graduate with distinction. Committed to ongoing professional development. Additional expertise in garment construction, trend forecasting, and fashion buying. Seeking to contribute meaningfully to a forward-thinking organization.",APPAREL
SYN_APP_0079,"passionate about sustainable fashion and ethical garment production. Proven expertise in textile knowledge, supply chain management, and fashion merchandising. Core competencies include textile knowledge, supply chain management, fashion merchandising, and brand development. 1+ years as style consultant with a strong focus on brand development, garment construction, and team collaboration. Holds a BSc Fashion Design with specialization in relevant areas. Additional expertise in textile knowledge, retail planning, and product development. Looking forward to taking on new challenges and growing professionally.",APPAREL
SYN_APP_0080,"seeking a role in apparel merchandising to apply expertise in trend forecasting and buying with 9 years of experience in textile knowledge and fashion buying. Proficient in textile knowledge, fashion buying, and fashion merchandising. Experienced with CLO 3D and Photoshop. Served as garment technician at a leading organization, managing product development and overseeing style consulting. Certificate in Fashion Merchandising graduate with distinction. Committed to ongoing professional development. Additional expertise in fashion design, visual merchandising, and quality control. Seeking to contribute meaningfully to a forward-thinking organization.",APPAREL
SYN_APP_0081,"dedicated apparel professional aiming to blend creativity with business acumen. Proven expertise in style consulting, pattern making, and fabric sourcing. Key skills: style consulting, pattern making, fabric sourcing. Familiar with Adobe Illustrator. 4+ years as production coordinator with a strong focus on garment construction, brand development, and team collaboration. Completed MBA Fashion Management. Strong academic foundation complemented by practical experience. Additional expertise in collection planning, garment construction, and textile knowledge. Looking forward to taking on new challenges and growing professionally.",APPAREL
SYN_APP_0082,"Dynamic apparel merchandiser specializing in supply chain management and quality control. passionate about sustainable fashion and ethical garment production. Strong background in supply chain management with hands-on experience using ERP systems and CLO 3D. Served as apparel merchandiser at a leading organization, managing product development and overseeing trend forecasting. Holds a MBA Fashion Management with specialization in relevant areas. Additional expertise in e-commerce fashion, fashion buying, and brand development. Committed to continuous learning and delivering high-impact results.",APPAREL
SYN_APP_0083,"dedicated apparel professional aiming to blend creativity with business acumen with 7 years of experience in fashion buying and visual merchandising. Core competencies include fashion buying, visual merchandising, textile knowledge, and style consulting. Successfully delivered style consulting projects as apparel merchandiser. Collaborated cross-functionally on collection planning. BA Textile Design graduate with distinction. Committed to ongoing professional development. Additional expertise in product development, collection planning, and brand development. Looking forward to taking on new challenges and growing professionally.",APPAREL
SYN_APP_0084,"passionate about sustainable fashion and ethical garment production with 3 years of experience in quality control and fashion buying. Proficient in quality control, fashion buying, and style consulting. Experienced with CLO 3D and CAD for fashion. Worked as textile quality inspector for 3 years, handling retail planning and pattern making responsibilities. MBA Fashion Management graduate with distinction. Committed to ongoing professional development. Additional expertise in fashion merchandising, visual merchandising, and brand development. Looking forward to taking on new challenges and growing professionally.",APPAREL
SYN_APP_0085,"Motivated retail fashion manager with a passion for style consulting. creative fashion professional with strong understanding of garment construction and market trends. Expertise spans style consulting, e-commerce fashion, and quality control, supported by proficiency in ERP systems. Worked as retail fashion manager for 2 years, handling fashion buying and retail planning responsibilities. Holds a Certificate in Fashion Merchandising with specialization in relevant areas. Additional expertise in fabric sourcing, fashion buying, and brand development. Committed to continuous learning and delivering high-impact results.",APPAREL
SYN_APP_0086,"Motivated textile quality inspector with a passion for garment construction. dedicated apparel professional aiming to blend creativity with business acumen. Key skills: garment construction, visual merchandising, supply chain management. Familiar with ERP systems. Successfully delivered quality control projects as textile quality inspector. Collaborated cross-functionally on fashion design. Holds a MBA Fashion Management with specialization in relevant areas. Additional expertise in e-commerce fashion, collection planning, and style consulting. Eager to leverage skills to drive organizational growth and excellence.",APPAREL
SYN_APP_0087,"Motivated textile quality inspector with a passion for brand development. dedicated apparel professional aiming to blend creativity with business acumen. Strong background in brand development with hands-on experience using retail management software and Adobe Illustrator. Worked as textile quality inspector for 10 years, handling visual merchandising and fashion merchandising responsibilities. Completed Diploma in Apparel Management. Strong academic foundation complemented by practical experience. Additional expertise in brand development, fashion buying, and fabric sourcing. Looking forward to taking on new challenges and growing professionally.",APPAREL
SYN_APP_0088,"creative fashion professional with strong understanding of garment construction and market trends with 11 years of experience in pattern making and collection planning. Strong background in pattern making with hands-on experience using Adobe Illustrator and CAD for fashion. Served as textile quality inspector at a leading organization, managing inventory management and overseeing retail planning. Holds a Diploma in Apparel Management with specialization in relevant areas. Additional expertise in collection planning, inventory management, and garment construction. Committed to continuous learning and delivering high-impact results.",APPAREL
SYN_APP_0089,"Dynamic textile quality inspector specializing in e-commerce fashion and fashion merchandising. creative fashion professional with strong understanding of garment construction and market trends. Proficient in e-commerce fashion, fashion merchandising, and inventory management. Experienced with Photoshop and retail management software. Served as textile quality inspector at a leading organization, managing trend forecasting and overseeing supply chain management. Completed Diploma in Apparel Management. Strong academic foundation complemented by practical experience. Additional expertise in e-commerce fashion, style consulting, and inventory management. Eager to leverage skills to drive organizational growth and excellence.",APPAREL
SYN_APP_0090,"seeking a role in apparel merchandising to apply expertise in trend forecasting and buying with 8 years of experience in textile knowledge and trend forecasting. Expertise spans textile knowledge, trend forecasting, and supply chain management, supported by proficiency in retail management software. Worked as production coordinator for 8 years, handling retail planning and fashion merchandising responsibilities. Completed MBA Fashion Management. Strong academic foundation complemented by practical experience. Additional expertise in product development, textile knowledge, and e-commerce fashion. Committed to continuous learning and delivering high-impact results.",APPAREL
SYN_APP_0091,"passionate about sustainable fashion and ethical garment production. Proven expertise in supply chain management, fabric sourcing, and inventory management. Proficient in supply chain management, fabric sourcing, and inventory management. Experienced with Photoshop and retail management software. Served as production coordinator at a leading organization, managing fashion buying and overseeing trend forecasting. BSc Fashion Design graduate with distinction. Committed to ongoing professional development. Additional expertise in trend forecasting, quality control, and product development. Committed to continuous learning and delivering high-impact results.",APPAREL
SYN_APP_0092,"Dynamic fashion buyer specializing in pattern making and retail planning. dedicated apparel professional aiming to blend creativity with business acumen. Strong background in pattern making with hands-on experience using Photoshop and Adobe Illustrator. 3+ years as fashion buyer with a strong focus on fabric sourcing, trend forecasting, and team collaboration. Educational background: Diploma in Apparel Management. Continuously updating skills in the field. Additional expertise in product development, pattern making, and brand development. Eager to leverage skills to drive organizational growth and excellence.",APPAREL
SYN_APP_0093,"creative fashion professional with strong understanding of garment construction and market trends. Proven expertise in supply chain management, quality control, and e-commerce fashion. Strong background in supply chain management with hands-on experience using CAD for fashion and Adobe Illustrator. Served as garment technician at a leading organization, managing product development and overseeing trend forecasting. Holds a BA Textile Design with specialization in relevant areas. Additional expertise in product development, collection planning, and visual merchandising. Seeking to contribute meaningfully to a forward-thinking organization.",APPAREL
SYN_APP_0094,"creative fashion professional with strong understanding of garment construction and market trends. Proven expertise in supply chain management, textile knowledge, and fabric sourcing. Core competencies include supply chain management, textile knowledge, fabric sourcing, and quality control. Worked as fashion designer for 6 years, handling quality control and visual merchandising responsibilities. Holds a BSc Fashion Design with specialization in relevant areas. Additional expertise in style consulting, collection planning, and product development. Committed to continuous learning and delivering high-impact results.",APPAREL
SYN_APP_0095,"creative fashion professional with strong understanding of garment construction and market trends. Proven expertise in inventory management, brand development, and pattern making. Strong background in inventory management with hands-on experience using CLO 3D and Adobe Illustrator. Successfully delivered quality control projects as fashion buyer. Collaborated cross-functionally on trend forecasting. Certificate in Fashion Merchandising graduate with distinction. Committed to ongoing professional development. Additional expertise in product development, garment construction, and e-commerce fashion. Looking forward to taking on new challenges and growing professionally.",APPAREL
SYN_APP_0096,"dedicated apparel professional aiming to blend creativity with business acumen with 8 years of experience in pattern making and product development. Proficient in pattern making, product development, and retail planning. Experienced with Photoshop and CAD for fashion. Served as production coordinator at a leading organization, managing visual merchandising and overseeing collection planning. Completed Certificate in Fashion Merchandising. Strong academic foundation complemented by practical experience. Additional expertise in collection planning, brand development, and supply chain management. Looking forward to taking on new challenges and growing professionally.",APPAREL
SYN_APP_0097,"dedicated apparel professional aiming to blend creativity with business acumen. Proven expertise in brand development, product development, and supply chain management. Key skills: brand development, product development, supply chain management. Familiar with CLO 3D. 1+ years as fashion buyer with a strong focus on garment construction, fabric sourcing, and team collaboration. MBA Fashion Management graduate with distinction. Committed to ongoing professional development. Additional expertise in garment construction, product development, and textile knowledge. Committed to continuous learning and delivering high-impact results.",APPAREL
SYN_APP_0098,"Dynamic textile quality inspector specializing in visual merchandising and product development. dedicated apparel professional aiming to blend creativity with business acumen. Proficient in visual merchandising, product development, and textile knowledge. Experienced with CAD for fashion and retail management software. Worked as textile quality inspector for 2 years, handling collection planning and trend forecasting responsibilities. Educational background: Diploma in Apparel Management. Continuously updating skills in the field. Additional expertise in quality control, retail planning, and fashion merchandising. Committed to continuous learning and delivering high-impact results.",APPAREL
SYN_APP_0099,"Dynamic retail fashion manager specializing in visual merchandising and pattern making. creative fashion professional with strong understanding of garment construction and market trends. Core competencies include visual merchandising, pattern making, retail planning, and fabric sourcing. 2+ years as retail fashion manager with a strong focus on fabric sourcing, supply chain management, and team collaboration. Educational background: Diploma in Apparel Management. Continuously updating skills in the field. Additional expertise in inventory management, supply chain management, and trend forecasting. Seeking to contribute meaningfully to a forward-thinking organization.",APPAREL
SYN_APP_0100,"Dynamic production coordinator specializing in pattern making and fashion merchandising. dedicated apparel professional aiming to blend creativity with business acumen. Core competencies include pattern making, fashion merchandising, style consulting, and quality control. 7+ years as production coordinator with a strong focus on quality control, product development, and team collaboration. Educational background: BA Textile Design. Continuously updating skills in the field. Additional expertise in garment construction, brand development, and fabric sourcing. Looking forward to taking on new challenges and growing professionally.",APPAREL
SYN_APP_0101,"seeking a role in apparel merchandising to apply expertise in trend forecasting and buying. Proven expertise in fashion buying, fashion merchandising, and fabric sourcing. Core competencies include fashion buying, fashion merchandising, fabric sourcing, and brand development. 10+ years as apparel merchandiser with a strong focus on brand development, pattern making, and team collaboration. Completed Diploma in Apparel Management. Strong academic foundation complemented by practical experience. Additional expertise in e-commerce fashion, brand development, and retail planning. Committed to continuous learning and delivering high-impact results.",APPAREL
SYN_APP_0102,"seeking a role in apparel merchandising to apply expertise in trend forecasting and buying. Proven expertise in visual merchandising, fabric sourcing, and retail planning. Strong background in visual merchandising with hands-on experience using CLO 3D and retail management software. Successfully delivered fashion merchandising projects as fashion buyer. Collaborated cross-functionally on e-commerce fashion. Holds a Diploma in Apparel Management with specialization in relevant areas. Additional expertise in fashion merchandising, e-commerce fashion, and retail planning. Looking forward to taking on new challenges and growing professionally.",APPAREL
SYN_ART_0000,"art curator dedicated to promoting emerging artists and contemporary art exhibitions with 12 years of experience in ceramics and watercolor. Proficient in ceramics, watercolor, and sculpture. Experienced with Procreate and InDesign. 12+ years as photographer with a strong focus on oil painting, fine arts, and team collaboration. Diploma in Graphic Arts graduate with distinction. Committed to ongoing professional development. Additional expertise in digital art, art education, and portfolio management. Eager to leverage skills to drive organizational growth and excellence.",ARTS
SYN_ART_0001,"experienced artist and educator looking to inspire creativity in institutional settings. Proven expertise in installation art, art curation, and mixed media. Strong background in installation art with hands-on experience using darkroom photography and traditional media. Worked as illustrator for 9 years, handling art direction and oil painting responsibilities. Completed BA Art History. Strong academic foundation complemented by practical experience. Additional expertise in oil painting, art direction, and installation art. Looking forward to taking on new challenges and growing professionally.",ARTS
SYN_ART_0002,"creative professional with expertise in fine arts and digital illustration. Proven expertise in ceramics, art history, and art curation. Expertise spans ceramics, art history, and art curation, supported by proficiency in Lightroom. Successfully delivered creative writing projects as creative director. Collaborated cross-functionally on mixed media. Holds a BA Art History with specialization in relevant areas. Additional expertise in illustration, art direction, and oil painting. Eager to leverage skills to drive organizational growth and excellence.",ARTS
SYN_ART_0003,"Dynamic visual artist specializing in mixed media and creative writing. creative professional with expertise in fine arts and digital illustration. Key skills: mixed media, creative writing, sculpture. Familiar with Lightroom. Successfully delivered installation art projects as visual artist. Collaborated cross-functionally on fine arts. Holds a Diploma in Graphic Arts with specialization in relevant areas. Additional expertise in art direction, sculpture, and portfolio management. Seeking to contribute meaningfully to a forward-thinking organization.",ARTS
SYN_ART_0004,"experienced artist and educator looking to inspire creativity in institutional settings with 12 years of experience in art history and ceramics. Core competencies include art history, ceramics, illustration, and fine arts. Successfully delivered fine arts projects as art teacher. Collaborated cross-functionally on exhibition planning. Holds a MFA Visual Arts with specialization in relevant areas. Additional expertise in art curation, fine arts, and digital art. Seeking to contribute meaningfully to a forward-thinking organization.",ARTS
SYN_ART_0005,"Motivated gallery curator with a passion for art direction. passionate visual artist seeking to express creativity through diverse artistic mediums. Expertise spans art direction, fine arts, and watercolor, supported by proficiency in darkroom photography. Worked as gallery curator for 6 years, handling mixed media and creative writing responsibilities. Completed Certificate in Photography. Strong academic foundation complemented by practical experience. Additional expertise in oil painting, mixed media, and art curation. Eager to leverage skills to drive organizational growth and excellence.",ARTS
SYN_ART_0006,"creative professional with expertise in fine arts and digital illustration with 1 years of experience in watercolor and exhibition planning. Proficient in watercolor, exhibition planning, and art education. Experienced with Procreate and ceramics wheel. Served as visual artist at a leading organization, managing cultural program management and overseeing illustration. Educational background: BA Art History. Continuously updating skills in the field. Additional expertise in art education, cultural program management, and digital art. Eager to leverage skills to drive organizational growth and excellence.",ARTS
SYN_ART_0007,"Dynamic art teacher specializing in digital art and art direction. art curator dedicated to promoting emerging artists and contemporary art exhibitions. Key skills: digital art, art direction, portfolio management. Familiar with traditional media. Successfully delivered sculpture projects as art teacher. Collaborated cross-functionally on creative writing. Completed Diploma in Graphic Arts. Strong academic foundation complemented by practical experience. Additional expertise in cultural program management, creative writing, and watercolor. Committed to continuous learning and delivering high-impact results.",ARTS
SYN_ART_0008,"Dynamic illustrator specializing in oil painting and art history. art curator dedicated to promoting emerging artists and contemporary art exhibitions. Expertise spans oil painting, art history, and art curation, supported by proficiency in darkroom photography. Worked as illustrator for 2 years, handling mixed media and exhibition planning responsibilities. Completed Diploma in Graphic Arts. Strong academic foundation complemented by practical experience. Additional expertise in mixed media, creative writing, and watercolor. Committed to continuous learning and delivering high-impact results.",ARTS
SYN_ART_0009,"Dynamic illustrator specializing in art history and creative writing. creative professional with expertise in fine arts and digital illustration. Key skills: art history, creative writing, digital art. Familiar with Adobe Photoshop. Worked as illustrator for 4 years, handling oil painting and ceramics responsibilities. MFA Visual Arts graduate with distinction. Committed to ongoing professional development. Additional expertise in cultural program management, ceramics, and portfolio management. Looking forward to taking on new challenges and growing professionally.",ARTS
SYN_ART_0010,"Motivated multimedia artist with a passion for mixed media. passionate visual artist seeking to express creativity through diverse artistic mediums. Expertise spans mixed media, photography, and exhibition planning, supported by proficiency in InDesign. Successfully delivered art education projects as multimedia artist. Collaborated cross-functionally on fine arts. BFA Fine Arts graduate with distinction. Committed to ongoing professional development. Additional expertise in ceramics, art curation, and photography. Eager to leverage skills to drive organizational growth and excellence.",ARTS
SYN_ART_0011,"Dynamic art director specializing in sculpture and creative writing. creative professional with expertise in fine arts and digital illustration. Key skills: sculpture, creative writing, fine arts. Familiar with Adobe Photoshop. Successfully delivered art history projects as art director. Collaborated cross-functionally on illustration. Completed Certificate in Photography. Strong academic foundation complemented by practical experience. Additional expertise in portfolio management, art education, and digital art. Seeking to contribute meaningfully to a forward-thinking organization.",ARTS
SYN_ART_0012,"Dynamic illustrator specializing in fine arts and illustration. experienced artist and educator looking to inspire creativity in institutional settings. Expertise spans fine arts, illustration, and cultural program management, supported by proficiency in Procreate. Served as illustrator at a leading organization, managing exhibition planning and overseeing printmaking. Holds a BFA Fine Arts with specialization in relevant areas. Additional expertise in digital art, mixed media, and art direction. Committed to continuous learning and delivering high-impact results.",ARTS
SYN_ART_0013,"Motivated visual artist with a passion for mixed media. experienced artist and educator looking to inspire creativity in institutional settings. Expertise spans mixed media, installation art, and exhibition planning, supported by proficiency in traditional media. Successfully delivered fine arts projects as visual artist. Collaborated cross-functionally on creative writing. Holds a BFA Fine Arts with specialization in relevant areas. Additional expertise in art curation, fine arts, and sculpture. Committed to continuous learning and delivering high-impact results.",ARTS
SYN_ART_0014,"Dynamic art educator specializing in installation art and art education. creative professional with expertise in fine arts and digital illustration. Expertise spans installation art, art education, and cultural program management, supported by proficiency in Adobe Photoshop. 1+ years as art educator with a strong focus on art history, sculpture, and team collaboration. Holds a Certificate in Photography with specialization in relevant areas. Additional expertise in ceramics, creative writing, and installation art. Seeking to contribute meaningfully to a forward-thinking organization.",ARTS
SYN_ART_0015,"Motivated gallery curator with a passion for photography. art curator dedicated to promoting emerging artists and contemporary art exhibitions. Expertise spans photography, digital art, and illustration, supported by proficiency in Procreate. Successfully delivered installation art projects as gallery curator. Collaborated cross-functionally on cultural program management. Educational background: Diploma in Graphic Arts. Continuously updating skills in the field. Additional expertise in digital art, art education, and creative writing. Looking forward to taking on new challenges and growing professionally.",ARTS
SYN_ART_0016,"Dynamic illustrator specializing in watercolor and installation art. experienced artist and educator looking to inspire creativity in institutional settings. Key skills: watercolor, installation art, art direction. Familiar with traditional media. 5+ years as illustrator with a strong focus on photography, sculpture, and team collaboration. Educational background: Certificate in Photography. Continuously updating skills in the field. Additional expertise in illustration, exhibition planning, and oil painting. Seeking to contribute meaningfully to a forward-thinking organization.",ARTS
SYN_ART_0017,"experienced artist and educator looking to inspire creativity in institutional settings. Proven expertise in art history, oil painting, and watercolor. Key skills: art history, oil painting, watercolor. Familiar with traditional media. 3+ years as art teacher with a strong focus on art curation, illustration, and team collaboration. Completed BA Art History. Strong academic foundation complemented by practical experience. Additional expertise in portfolio management, oil painting, and ceramics. Eager to leverage skills to drive organizational growth and excellence.",ARTS
SYN_ART_0018,"art curator dedicated to promoting emerging artists and contemporary art exhibitions. Proven expertise in sculpture, cultural program management, and oil painting. Strong background in sculpture with hands-on experience using Adobe Photoshop and Procreate. Successfully delivered exhibition planning projects as visual artist. Collaborated cross-functionally on watercolor. Diploma in Graphic Arts graduate with distinction. Committed to ongoing professional development. Additional expertise in sculpture, art direction, and portfolio management. Looking forward to taking on new challenges and growing professionally.",ARTS
SYN_ART_0019,"Motivated art director with a passion for fine arts. art curator dedicated to promoting emerging artists and contemporary art exhibitions. Key skills: fine arts, printmaking, installation art. Familiar with Procreate. 7+ years as art director with a strong focus on art curation, art direction, and team collaboration. Educational background: MFA Visual Arts. Continuously updating skills in the field. Additional expertise in art direction, art history, and creative writing. Eager to leverage skills to drive organizational growth and excellence.",ARTS
SYN_ART_0020,"art curator dedicated to promoting emerging artists and contemporary art exhibitions with 8 years of experience in art history and portfolio management. Proficient in art history, portfolio management, and fine arts. Experienced with Adobe Photoshop and darkroom photography. 8+ years as creative director with a strong focus on mixed media, watercolor, and team collaboration. Completed Diploma in Graphic Arts. Strong academic foundation complemented by practical experience. Additional expertise in art education, photography, and creative writing. Seeking to contribute meaningfully to a forward-thinking organization.",ARTS
SYN_ART_0021,"Motivated visual artist with a passion for art history. passionate visual artist seeking to express creativity through diverse artistic mediums. Strong background in art history with hands-on experience using darkroom photography and traditional media. Worked as visual artist for 11 years, handling art education and mixed media responsibilities. Completed MFA Visual Arts. Strong academic foundation complemented by practical experience. Additional expertise in art history, art direction, and art education. Committed to continuous learning and delivering high-impact results.",ARTS
SYN_ART_0022,"art curator dedicated to promoting emerging artists and contemporary art exhibitions. Proven expertise in portfolio management, art education, and illustration. Expertise spans portfolio management, art education, and illustration, supported by proficiency in traditional media. 12+ years as multimedia artist with a strong focus on digital art, oil painting, and team collaboration. Educational background: Certificate in Photography. Continuously updating skills in the field. Additional expertise in watercolor, art history, and digital art. Looking forward to taking on new challenges and growing professionally.",ARTS
SYN_ART_0023,"Motivated visual artist with a passion for digital art. creative professional with expertise in fine arts and digital illustration. Proficient in digital art, creative writing, and art history. Experienced with ceramics wheel and Lightroom. Worked as visual artist for 4 years, handling sculpture and portfolio management responsibilities. Holds a BFA Fine Arts with specialization in relevant areas. Additional expertise in mixed media, digital art, and fine arts. Committed to continuous learning and delivering high-impact results.",ARTS
SYN_ART_0024,"experienced artist and educator looking to inspire creativity in institutional settings. Proven expertise in digital art, cultural program management, and art direction. Strong background in digital art with hands-on experience using Procreate and Adobe Photoshop. Successfully delivered art education projects as photographer. Collaborated cross-functionally on ceramics. Holds a Certificate in Photography with specialization in relevant areas. Additional expertise in art direction, creative writing, and exhibition planning. Seeking to contribute meaningfully to a forward-thinking organization.",ARTS
SYN_ART_0025,"Dynamic visual artist specializing in illustration and mixed media. experienced artist and educator looking to inspire creativity in institutional settings. Strong background in illustration with hands-on experience using InDesign and traditional media. Successfully delivered portfolio management projects as visual artist. Collaborated cross-functionally on art curation. Diploma in Graphic Arts graduate with distinction. Committed to ongoing professional development. Additional expertise in mixed media, installation art, and creative writing. Eager to leverage skills to drive organizational growth and excellence.",ARTS
SYN_ART_0026,"art curator dedicated to promoting emerging artists and contemporary art exhibitions. Proven expertise in mixed media, art direction, and art history. Expertise spans mixed media, art direction, and art history, supported by proficiency in InDesign. 12+ years as multimedia artist with a strong focus on sculpture, portfolio management, and team collaboration. Holds a MFA Visual Arts with specialization in relevant areas. Additional expertise in creative writing, sculpture, and exhibition planning. Looking forward to taking on new challenges and growing professionally.",ARTS
SYN_ART_0027,"Dynamic visual artist specializing in portfolio management and digital art. experienced artist and educator looking to inspire creativity in institutional settings. Proficient in portfolio management, digital art, and cultural program management. Experienced with Adobe Photoshop and Procreate. 2+ years as visual artist with a strong focus on exhibition planning, art direction, and team collaboration. Completed Certificate in Photography. Strong academic foundation complemented by practical experience. Additional expertise in illustration, photography, and installation art. Seeking to contribute meaningfully to a forward-thinking organization.",ARTS
SYN_ART_0028,"passionate visual artist seeking to express creativity through diverse artistic mediums. Proven expertise in creative writing, installation art, and digital art. Core competencies include creative writing, installation art, digital art, and mixed media. Successfully delivered mixed media projects as multimedia artist. Collaborated cross-functionally on exhibition planning. BA Art History graduate with distinction. Committed to ongoing professional development. Additional expertise in mixed media, art direction, and art curation. Seeking to contribute meaningfully to a forward-thinking organization.",ARTS
SYN_ART_0029,"Motivated creative director with a passion for exhibition planning. art curator dedicated to promoting emerging artists and contemporary art exhibitions. Expertise spans exhibition planning, oil painting, and mixed media, supported by proficiency in ceramics wheel. Worked as creative director for 6 years, handling ceramics and art curation responsibilities. Holds a MFA Visual Arts with specialization in relevant areas. Additional expertise in illustration, exhibition planning, and oil painting. Eager to leverage skills to drive organizational growth and excellence.",ARTS
SYN_ART_0030,"Dynamic multimedia artist specializing in exhibition planning and photography. passionate visual artist seeking to express creativity through diverse artistic mediums. Proficient in exhibition planning, photography, and fine arts. Experienced with Procreate and darkroom photography. 11+ years as multimedia artist with a strong focus on ceramics, art education, and team collaboration. BFA Fine Arts graduate with distinction. Committed to ongoing professional development. Additional expertise in cultural program management, oil painting, and installation art. Seeking to contribute meaningfully to a forward-thinking organization.",ARTS
SYN_ART_0031,"Motivated creative director with a passion for art history. art curator dedicated to promoting emerging artists and contemporary art exhibitions. Core competencies include art history, art curation, art education, and ceramics. Served as creative director at a leading organization, managing ceramics and overseeing oil painting. Completed MFA Visual Arts. Strong academic foundation complemented by practical experience. Additional expertise in watercolor, art direction, and digital art. Committed to continuous learning and delivering high-impact results.",ARTS
SYN_ART_0032,"Motivated visual artist with a passion for fine arts. creative professional with expertise in fine arts and digital illustration. Key skills: fine arts, oil painting, digital art. Familiar with Procreate. Worked as visual artist for 3 years, handling art education and exhibition planning responsibilities. Holds a Certificate in Photography with specialization in relevant areas. Additional expertise in illustration, printmaking, and exhibition planning. Committed to continuous learning and delivering high-impact results.",ARTS
SYN_ART_0033,"passionate visual artist seeking to express creativity through diverse artistic mediums with 6 years of experience in mixed media and exhibition planning. Strong background in mixed media with hands-on experience using InDesign and darkroom photography. Worked as art director for 6 years, handling watercolor and printmaking responsibilities. Educational background: BA Art History. Continuously updating skills in the field. Additional expertise in exhibition planning, art direction, and digital art. Committed to continuous learning and delivering high-impact results.",ARTS
SYN_ART_0034,"experienced artist and educator looking to inspire creativity in institutional settings with 3 years of experience in portfolio management and exhibition planning. Key skills: portfolio management, exhibition planning, photography. Familiar with traditional media. 3+ years as art director with a strong focus on printmaking, ceramics, and team collaboration. Educational background: Certificate in Photography. Continuously updating skills in the field. Additional expertise in fine arts, oil painting, and installation art. Looking forward to taking on new challenges and growing professionally.",ARTS
SYN_ART_0035,"experienced artist and educator looking to inspire creativity in institutional settings with 10 years of experience in art history and digital art. Key skills: art history, digital art, oil painting. Familiar with traditional media. Worked as creative director for 10 years, handling photography and portfolio management responsibilities. Educational background: BA Art History. Continuously updating skills in the field. Additional expertise in exhibition planning, ceramics, and creative writing. Eager to leverage skills to drive organizational growth and excellence.",ARTS
SYN_ART_0036,"art curator dedicated to promoting emerging artists and contemporary art exhibitions with 5 years of experience in printmaking and art curation. Expertise spans printmaking, art curation, and exhibition planning, supported by proficiency in Lightroom. Successfully delivered illustration projects as gallery curator. Collaborated cross-functionally on cultural program management. Holds a BA Art History with specialization in relevant areas. Additional expertise in fine arts, photography, and creative writing. Committed to continuous learning and delivering high-impact results.",ARTS
SYN_ART_0037,"Dynamic multimedia artist specializing in fine arts and mixed media. passionate visual artist seeking to express creativity through diverse artistic mediums. Core competencies include fine arts, mixed media, sculpture, and portfolio management. Worked as multimedia artist for 9 years, handling portfolio management and creative writing responsibilities. Holds a BFA Fine Arts with specialization in relevant areas. Additional expertise in mixed media, portfolio management, and illustration. Committed to continuous learning and delivering high-impact results.",ARTS
SYN_ART_0038,"Motivated photographer with a passion for portfolio management. creative professional with expertise in fine arts and digital illustration. Proficient in portfolio management, illustration, and watercolor. Experienced with Procreate and ceramics wheel. 11+ years as photographer with a strong focus on digital art, art education, and team collaboration. BFA Fine Arts graduate with distinction. Committed to ongoing professional development. Additional expertise in illustration, fine arts, and cultural program management. Committed to continuous learning and delivering high-impact results.",ARTS
SYN_ART_0039,"Motivated art teacher with a passion for exhibition planning. art curator dedicated to promoting emerging artists and contemporary art exhibitions. Expertise spans exhibition planning, illustration, and photography, supported by proficiency in darkroom photography. Served as art teacher at a leading organization, managing watercolor and overseeing digital art. Completed Certificate in Photography. Strong academic foundation complemented by practical experience. Additional expertise in illustration, fine arts, and ceramics. Committed to continuous learning and delivering high-impact results.",ARTS
SYN_ART_0040,"creative professional with expertise in fine arts and digital illustration with 7 years of experience in creative writing and ceramics. Strong background in creative writing with hands-on experience using traditional media and Adobe Photoshop. Successfully delivered mixed media projects as creative director. Collaborated cross-functionally on printmaking. BFA Fine Arts graduate with distinction. Committed to ongoing professional development. Additional expertise in art curation, fine arts, and art education. Eager to leverage skills to drive organizational growth and excellence.",ARTS
SYN_ART_0041,"passionate visual artist seeking to express creativity through diverse artistic mediums with 12 years of experience in printmaking and creative writing. Proficient in printmaking, creative writing, and watercolor. Experienced with Lightroom and ceramics wheel. Successfully delivered cultural program management projects as art director. Collaborated cross-functionally on sculpture. Certificate in Photography graduate with distinction. Committed to ongoing professional development. Additional expertise in fine arts, art curation, and ceramics. Eager to leverage skills to drive organizational growth and excellence.",ARTS
SYN_ART_0042,"Dynamic art educator specializing in art curation and art history. creative professional with expertise in fine arts and digital illustration. Expertise spans art curation, art history, and printmaking, supported by proficiency in traditional media. Worked as art educator for 1 years, handling watercolor and art education responsibilities. Holds a MFA Visual Arts with specialization in relevant areas. Additional expertise in oil painting, cultural program management, and art education. Looking forward to taking on new challenges and growing professionally.",ARTS
SYN_ART_0043,"Dynamic illustrator specializing in digital art and creative writing. art curator dedicated to promoting emerging artists and contemporary art exhibitions. Key skills: digital art, creative writing, watercolor. Familiar with traditional media. Worked as illustrator for 1 years, handling sculpture and art curation responsibilities. BFA Fine Arts graduate with distinction. Committed to ongoing professional development. Additional expertise in printmaking, fine arts, and mixed media. Committed to continuous learning and delivering high-impact results.",ARTS
SYN_ART_0044,"passionate visual artist seeking to express creativity through diverse artistic mediums with 6 years of experience in fine arts and mixed media. Expertise spans fine arts, mixed media, and art history, supported by proficiency in Adobe Photoshop. Served as creative director at a leading organization, managing art curation and overseeing digital art. Educational background: Certificate in Photography. Continuously updating skills in the field. Additional expertise in art history, ceramics, and portfolio management. Committed to continuous learning and delivering high-impact results.",ARTS
SYN_ART_0045,"Motivated art educator with a passion for oil painting. experienced artist and educator looking to inspire creativity in institutional settings. Expertise spans oil painting, cultural program management, and art direction, supported by proficiency in traditional media. Served as art educator at a leading organization, managing digital art and overseeing installation art. Educational background: MFA Visual Arts. Continuously updating skills in the field. Additional expertise in installation art, digital art, and art curation. Looking forward to taking on new challenges and growing professionally.",ARTS
SYN_ART_0046,"experienced artist and educator looking to inspire creativity in institutional settings with 1 years of experience in printmaking and art history. Strong background in printmaking with hands-on experience using Procreate and darkroom photography. Served as visual artist at a leading organization, managing creative writing and overseeing photography. Certificate in Photography graduate with distinction. Committed to ongoing professional development. Additional expertise in mixed media, art curation, and exhibition planning. Looking forward to taking on new challenges and growing professionally.",ARTS
SYN_ART_0047,"passionate visual artist seeking to express creativity through diverse artistic mediums. Proven expertise in oil painting, installation art, and printmaking. Core competencies include oil painting, installation art, printmaking, and fine arts. Successfully delivered fine arts projects as gallery curator. Collaborated cross-functionally on art curation. Completed MFA Visual Arts. Strong academic foundation complemented by practical experience. Additional expertise in art education, illustration, and cultural program management. Eager to leverage skills to drive organizational growth and excellence.",ARTS
SYN_ART_0048,"Motivated gallery curator with a passion for fine arts. passionate visual artist seeking to express creativity through diverse artistic mediums. Proficient in fine arts, exhibition planning, and sculpture. Experienced with Procreate and darkroom photography. Worked as gallery curator for 6 years, handling art direction and installation art responsibilities. Educational background: BFA Fine Arts. Continuously updating skills in the field. Additional expertise in illustration, digital art, and photography. Eager to leverage skills to drive organizational growth and excellence.",ARTS
SYN_ART_0049,"Dynamic illustrator specializing in illustration and fine arts. experienced artist and educator looking to inspire creativity in institutional settings. Proficient in illustration, fine arts, and photography. Experienced with Adobe Photoshop and darkroom photography. 3+ years as illustrator with a strong focus on ceramics, mixed media, and team collaboration. Educational background: BA Art History. Continuously updating skills in the field. Additional expertise in digital art, mixed media, and printmaking. Looking forward to taking on new challenges and growing professionally.",ARTS
SYN_ART_0050,"Motivated illustrator with a passion for watercolor. art curator dedicated to promoting emerging artists and contemporary art exhibitions. Strong background in watercolor with hands-on experience using Procreate and traditional media. Successfully delivered art history projects as illustrator. Collaborated cross-functionally on art education. Educational background: Certificate in Photography. Continuously updating skills in the field. Additional expertise in oil painting, illustration, and digital art. Eager to leverage skills to drive organizational growth and excellence.",ARTS
SYN_ART_0051,"creative professional with expertise in fine arts and digital illustration with 3 years of experience in art history and installation art. Core competencies include art history, installation art, illustration, and watercolor. Successfully delivered watercolor projects as photographer. Collaborated cross-functionally on art education. Completed BFA Fine Arts. Strong academic foundation complemented by practical experience. Additional expertise in installation art, art history, and mixed media. Eager to leverage skills to drive organizational growth and excellence.",ARTS
SYN_ART_0052,"art curator dedicated to promoting emerging artists and contemporary art exhibitions. Proven expertise in installation art, cultural program management, and ceramics. Core competencies include installation art, cultural program management, ceramics, and art education. Served as gallery curator at a leading organization, managing art education and overseeing art curation. Certificate in Photography graduate with distinction. Committed to ongoing professional development. Additional expertise in printmaking, art education, and illustration. Looking forward to taking on new challenges and growing professionally.",ARTS
SYN_ART_0053,"Motivated creative director with a passion for ceramics. experienced artist and educator looking to inspire creativity in institutional settings. Core competencies include ceramics, exhibition planning, watercolor, and art direction. Worked as creative director for 6 years, handling art direction and art education responsibilities. Certificate in Photography graduate with distinction. Committed to ongoing professional development. Additional expertise in art history, art curation, and creative writing. Committed to continuous learning and delivering high-impact results.",ARTS
SYN_ART_0054,"Motivated creative director with a passion for art curation. creative professional with expertise in fine arts and digital illustration. Proficient in art curation, ceramics, and art education. Experienced with Procreate and Lightroom. 8+ years as creative director with a strong focus on fine arts, watercolor, and team collaboration. Holds a Diploma in Graphic Arts with specialization in relevant areas. Additional expertise in ceramics, printmaking, and sculpture. Seeking to contribute meaningfully to a forward-thinking organization.",ARTS
SYN_ART_0055,"experienced artist and educator looking to inspire creativity in institutional settings. Proven expertise in illustration, art curation, and ceramics. Expertise spans illustration, art curation, and ceramics, supported by proficiency in ceramics wheel. Served as gallery curator at a leading organization, managing digital art and overseeing portfolio management. Completed BFA Fine Arts. Strong academic foundation complemented by practical experience. Additional expertise in fine arts, digital art, and exhibition planning. Looking forward to taking on new challenges and growing professionally.",ARTS
SYN_ART_0056,"passionate visual artist seeking to express creativity through diverse artistic mediums. Proven expertise in art history, art direction, and art education. Expertise spans art history, art direction, and art education, supported by proficiency in darkroom photography. Successfully delivered printmaking projects as creative director. Collaborated cross-functionally on sculpture. Certificate in Photography graduate with distinction. Committed to ongoing professional development. Additional expertise in art curation, watercolor, and cultural program management. Eager to leverage skills to drive organizational growth and excellence.",ARTS
SYN_ART_0057,"Dynamic creative director specializing in exhibition planning and fine arts. art curator dedicated to promoting emerging artists and contemporary art exhibitions. Strong background in exhibition planning with hands-on experience using Procreate and Lightroom. 8+ years as creative director with a strong focus on art direction, digital art, and team collaboration. Educational background: MFA Visual Arts. Continuously updating skills in the field. Additional expertise in creative writing, cultural program management, and art education. Looking forward to taking on new challenges and growing professionally.",ARTS
SYN_ART_0058,"passionate visual artist seeking to express creativity through diverse artistic mediums. Proven expertise in art direction, art curation, and art education. Key skills: art direction, art curation, art education. Familiar with Adobe Photoshop. Worked as visual artist for 3 years, handling art history and sculpture responsibilities. Completed Certificate in Photography. Strong academic foundation complemented by practical experience. Additional expertise in cultural program management, mixed media, and digital art. Seeking to contribute meaningfully to a forward-thinking organization.",ARTS
SYN_ART_0059,"Motivated art director with a passion for installation art. experienced artist and educator looking to inspire creativity in institutional settings. Expertise spans installation art, fine arts, and photography, supported by proficiency in Lightroom. Worked as art director for 1 years, handling illustration and oil painting responsibilities. Certificate in Photography graduate with distinction. Committed to ongoing professional development. Additional expertise in oil painting, portfolio management, and art history. Seeking to contribute meaningfully to a forward-thinking organization.",ARTS
SYN_ART_0060,"art curator dedicated to promoting emerging artists and contemporary art exhibitions. Proven expertise in sculpture, art direction, and creative writing. Strong background in sculpture with hands-on experience using InDesign and Procreate. Successfully delivered installation art projects as gallery curator. Collaborated cross-functionally on portfolio management. Diploma in Graphic Arts graduate with distinction. Committed to ongoing professional development. Additional expertise in photography, digital art, and illustration. Committed to continuous learning and delivering high-impact results.",ARTS
SYN_ART_0061,"experienced artist and educator looking to inspire creativity in institutional settings with 8 years of experience in watercolor and art education. Proficient in watercolor, art education, and printmaking. Experienced with InDesign and ceramics wheel. 8+ years as photographer with a strong focus on art curation, mixed media, and team collaboration. BFA Fine Arts graduate with distinction. Committed to ongoing professional development. Additional expertise in portfolio management, digital art, and art education. Eager to leverage skills to drive organizational growth and excellence.",ARTS
SYN_ART_0062,"Motivated photographer with a passion for art education. art curator dedicated to promoting emerging artists and contemporary art exhibitions. Proficient in art education, photography, and sculpture. Experienced with Procreate and ceramics wheel. Served as photographer at a leading organization, managing cultural program management and overseeing portfolio management. MFA Visual Arts graduate with distinction. Committed to ongoing professional development. Additional expertise in creative writing, exhibition planning, and sculpture. Looking forward to taking on new challenges and growing professionally.",ARTS
SYN_ART_0063,"Dynamic art director specializing in mixed media and photography. creative professional with expertise in fine arts and digital illustration. Key skills: mixed media, photography, ceramics. Familiar with InDesign. 7+ years as art director with a strong focus on illustration, art history, and team collaboration. Certificate in Photography graduate with distinction. Committed to ongoing professional development. Additional expertise in illustration, art education, and oil painting. Seeking to contribute meaningfully to a forward-thinking organization.",ARTS
SYN_ART_0064,"creative professional with expertise in fine arts and digital illustration. Proven expertise in mixed media, installation art, and cultural program management. Key skills: mixed media, installation art, cultural program management. Familiar with darkroom photography. 11+ years as art director with a strong focus on watercolor, oil painting, and team collaboration. Educational background: MFA Visual Arts. Continuously updating skills in the field. Additional expertise in photography, fine arts, and sculpture. Eager to leverage skills to drive organizational growth and excellence.",ARTS
SYN_ART_0065,"art curator dedicated to promoting emerging artists and contemporary art exhibitions. Proven expertise in watercolor, fine arts, and ceramics. Key skills: watercolor, fine arts, ceramics. Familiar with Procreate. Worked as art director for 3 years, handling art direction and printmaking responsibilities. Holds a Certificate in Photography with specialization in relevant areas. Additional expertise in art education, digital art, and mixed media. Seeking to contribute meaningfully to a forward-thinking organization.",ARTS
SYN_ART_0066,"experienced artist and educator looking to inspire creativity in institutional settings. Proven expertise in portfolio management, printmaking, and illustration. Proficient in portfolio management, printmaking, and illustration. Experienced with Adobe Photoshop and ceramics wheel. Served as visual artist at a leading organization, managing watercolor and overseeing fine arts. Holds a Diploma in Graphic Arts with specialization in relevant areas. Additional expertise in photography, cultural program management, and oil painting. Committed to continuous learning and delivering high-impact results.",ARTS
SYN_ART_0067,"Motivated gallery curator with a passion for illustration. experienced artist and educator looking to inspire creativity in institutional settings. Core competencies include illustration, exhibition planning, art education, and creative writing. Worked as gallery curator for 10 years, handling creative writing and oil painting responsibilities. BA Art History graduate with distinction. Committed to ongoing professional development. Additional expertise in art curation, fine arts, and art education. Eager to leverage skills to drive organizational growth and excellence.",ARTS
SYN_ART_0068,"creative professional with expertise in fine arts and digital illustration with 11 years of experience in portfolio management and oil painting. Expertise spans portfolio management, oil painting, and watercolor, supported by proficiency in ceramics wheel. Served as photographer at a leading organization, managing illustration and overseeing installation art. Completed BFA Fine Arts. Strong academic foundation complemented by practical experience. Additional expertise in sculpture, art curation, and art education. Eager to leverage skills to drive organizational growth and excellence.",ARTS
SYN_ART_0069,"art curator dedicated to promoting emerging artists and contemporary art exhibitions with 2 years of experience in art curation and fine arts. Core competencies include art curation, fine arts, mixed media, and art education. Worked as illustrator for 2 years, handling art education and ceramics responsibilities. Holds a BA Art History with specialization in relevant areas. Additional expertise in digital art, printmaking, and creative writing. Eager to leverage skills to drive organizational growth and excellence.",ARTS
SYN_ART_0070,"Dynamic visual artist specializing in digital art and illustration. creative professional with expertise in fine arts and digital illustration. Strong background in digital art with hands-on experience using Adobe Photoshop and Procreate. Served as visual artist at a leading organization, managing art education and overseeing sculpture. Completed MFA Visual Arts. Strong academic foundation complemented by practical experience. Additional expertise in art curation, oil painting, and art history. Committed to continuous learning and delivering high-impact results.",ARTS
SYN_ART_0071,"Dynamic visual artist specializing in printmaking and illustration. creative professional with expertise in fine arts and digital illustration. Expertise spans printmaking, illustration, and oil painting, supported by proficiency in darkroom photography. 6+ years as visual artist with a strong focus on cultural program management, art education, and team collaboration. Educational background: MFA Visual Arts. Continuously updating skills in the field. Additional expertise in mixed media, fine arts, and watercolor. Committed to continuous learning and delivering high-impact results.",ARTS
SYN_ART_0072,"Motivated photographer with a passion for art direction. experienced artist and educator looking to inspire creativity in institutional settings. Core competencies include art direction, watercolor, photography, and illustration. Served as photographer at a leading organization, managing illustration and overseeing sculpture. Educational background: BFA Fine Arts. Continuously updating skills in the field. Additional expertise in creative writing, photography, and printmaking. Looking forward to taking on new challenges and growing professionally.",ARTS
SYN_ART_0073,"Dynamic art educator specializing in watercolor and portfolio management. creative professional with expertise in fine arts and digital illustration. Core competencies include watercolor, portfolio management, art education, and art history. Successfully delivered art history projects as art educator. Collaborated cross-functionally on cultural program management. Holds a MFA Visual Arts with specialization in relevant areas. Additional expertise in art education, creative writing, and watercolor. Looking forward to taking on new challenges and growing professionally.",ARTS
SYN_ART_0074,"Motivated multimedia artist with a passion for mixed media. creative professional with expertise in fine arts and digital illustration. Core competencies include mixed media, digital art, cultural program management, and exhibition planning. Successfully delivered exhibition planning projects as multimedia artist. Collaborated cross-functionally on illustration. Educational background: MFA Visual Arts. Continuously updating skills in the field. Additional expertise in art direction, illustration, and fine arts. Seeking to contribute meaningfully to a forward-thinking organization.",ARTS
SYN_ART_0075,"art curator dedicated to promoting emerging artists and contemporary art exhibitions with 7 years of experience in portfolio management and art education. Key skills: portfolio management, art education, installation art. Familiar with Adobe Photoshop. Served as art educator at a leading organization, managing digital art and overseeing art curation. Educational background: Diploma in Graphic Arts. Continuously updating skills in the field. Additional expertise in creative writing, ceramics, and portfolio management. Committed to continuous learning and delivering high-impact results.",ARTS
SYN_ART_0076,"art curator dedicated to promoting emerging artists and contemporary art exhibitions. Proven expertise in printmaking, cultural program management, and installation art. Strong background in printmaking with hands-on experience using Lightroom and darkroom photography. Successfully delivered oil painting projects as visual artist. Collaborated cross-functionally on mixed media. Educational background: Diploma in Graphic Arts. Continuously updating skills in the field. Additional expertise in ceramics, printmaking, and photography. Seeking to contribute meaningfully to a forward-thinking organization.",ARTS
SYN_ART_0077,"Motivated art director with a passion for cultural program management. art curator dedicated to promoting emerging artists and contemporary art exhibitions. Expertise spans cultural program management, watercolor, and art history, supported by proficiency in Procreate. Successfully delivered illustration projects as art director. Collaborated cross-functionally on mixed media. Completed Diploma in Graphic Arts. Strong academic foundation complemented by practical experience. Additional expertise in creative writing, watercolor, and sculpture. Looking forward to taking on new challenges and growing professionally.",ARTS
SYN_ART_0078,"Dynamic art teacher specializing in digital art and fine arts. art curator dedicated to promoting emerging artists and contemporary art exhibitions. Strong background in digital art with hands-on experience using Adobe Photoshop and darkroom photography. Successfully delivered installation art projects as art teacher. Collaborated cross-functionally on exhibition planning. Educational background: MFA Visual Arts. Continuously updating skills in the field. Additional expertise in photography, portfolio management, and cultural program management. Eager to leverage skills to drive organizational growth and excellence.",ARTS
SYN_ART_0079,"Dynamic art educator specializing in cultural program management and illustration. passionate visual artist seeking to express creativity through diverse artistic mediums. Key skills: cultural program management, illustration, photography. Familiar with Procreate. Worked as art educator for 8 years, handling exhibition planning and fine arts responsibilities. Educational background: MFA Visual Arts. Continuously updating skills in the field. Additional expertise in watercolor, digital art, and cultural program management. Committed to continuous learning and delivering high-impact results.",ARTS
SYN_ART_0080,"Motivated art teacher with a passion for cultural program management. creative professional with expertise in fine arts and digital illustration. Proficient in cultural program management, printmaking, and installation art. Experienced with Adobe Photoshop and ceramics wheel. Worked as art teacher for 1 years, handling art history and art curation responsibilities. Holds a BFA Fine Arts with specialization in relevant areas. Additional expertise in illustration, art history, and fine arts. Committed to continuous learning and delivering high-impact results.",ARTS
SYN_ART_0081,"Dynamic art educator specializing in creative writing and art curation. creative professional with expertise in fine arts and digital illustration. Expertise spans creative writing, art curation, and portfolio management, supported by proficiency in Procreate. Worked as art educator for 10 years, handling exhibition planning and photography responsibilities. Completed Diploma in Graphic Arts. Strong academic foundation complemented by practical experience. Additional expertise in art curation, sculpture, and fine arts. Committed to continuous learning and delivering high-impact results.",ARTS
SYN_ART_0082,"Dynamic illustrator specializing in ceramics and printmaking. passionate visual artist seeking to express creativity through diverse artistic mediums. Core competencies include ceramics, printmaking, portfolio management, and mixed media. Worked as illustrator for 9 years, handling mixed media and digital art responsibilities. Completed BFA Fine Arts. Strong academic foundation complemented by practical experience. Additional expertise in fine arts, portfolio management, and oil painting. Looking forward to taking on new challenges and growing professionally.",ARTS
SYN_ART_0083,"Motivated photographer with a passion for watercolor. art curator dedicated to promoting emerging artists and contemporary art exhibitions. Expertise spans watercolor, portfolio management, and creative writing, supported by proficiency in darkroom photography. Served as photographer at a leading organization, managing installation art and overseeing art curation. Educational background: Certificate in Photography. Continuously updating skills in the field. Additional expertise in art history, cultural program management, and oil painting. Eager to leverage skills to drive organizational growth and excellence.",ARTS
SYN_ART_0084,"art curator dedicated to promoting emerging artists and contemporary art exhibitions with 3 years of experience in mixed media and sculpture. Key skills: mixed media, sculpture, installation art. Familiar with Procreate. Worked as art director for 3 years, handling printmaking and exhibition planning responsibilities. Educational background: BA Art History. Continuously updating skills in the field. Additional expertise in art curation, art education, and ceramics. Eager to leverage skills to drive organizational growth and excellence.",ARTS
SYN_ART_0085,"Motivated art educator with a passion for installation art. experienced artist and educator looking to inspire creativity in institutional settings. Key skills: installation art, watercolor, art curation. Familiar with ceramics wheel. Successfully delivered printmaking projects as art educator. Collaborated cross-functionally on mixed media. BFA Fine Arts graduate with distinction. Committed to ongoing professional development. Additional expertise in printmaking, cultural program management, and ceramics. Seeking to contribute meaningfully to a forward-thinking organization.",ARTS
SYN_ART_0086,"passionate visual artist seeking to express creativity through diverse artistic mediums with 6 years of experience in cultural program management and illustration. Strong background in cultural program management with hands-on experience using Lightroom and InDesign. Worked as art director for 6 years, handling portfolio management and watercolor responsibilities. Educational background: BFA Fine Arts. Continuously updating skills in the field. Additional expertise in art education, creative writing, and art curation. Looking forward to taking on new challenges and growing professionally.",ARTS
SYN_ART_0087,"Dynamic multimedia artist specializing in art education and fine arts. experienced artist and educator looking to inspire creativity in institutional settings. Core competencies include art education, fine arts, mixed media, and art curation. 2+ years as multimedia artist with a strong focus on art curation, watercolor, and team collaboration. Educational background: Certificate in Photography. Continuously updating skills in the field. Additional expertise in oil painting, art curation, and digital art. Seeking to contribute meaningfully to a forward-thinking organization.",ARTS
SYN_ART_0088,"art curator dedicated to promoting emerging artists and contemporary art exhibitions with 5 years of experience in art education and oil painting. Core competencies include art education, oil painting, art curation, and art direction. Successfully delivered art direction projects as art educator. Collaborated cross-functionally on creative writing. MFA Visual Arts graduate with distinction. Committed to ongoing professional development. Additional expertise in digital art, photography, and fine arts. Committed to continuous learning and delivering high-impact results.",ARTS
SYN_ART_0089,"Dynamic creative director specializing in art education and watercolor. creative professional with expertise in fine arts and digital illustration. Proficient in art education, watercolor, and art history. Experienced with Procreate and darkroom photography. Served as creative director at a leading organization, managing digital art and overseeing art direction. Completed Diploma in Graphic Arts. Strong academic foundation complemented by practical experience. Additional expertise in cultural program management, oil painting, and digital art. Committed to continuous learning and delivering high-impact results.",ARTS
SYN_ART_0090,"art curator dedicated to promoting emerging artists and contemporary art exhibitions with 5 years of experience in art direction and illustration. Core competencies include art direction, illustration, exhibition planning, and art history. Successfully delivered art history projects as illustrator. Collaborated cross-functionally on portfolio management. Diploma in Graphic Arts graduate with distinction. Committed to ongoing professional development. Additional expertise in photography, oil painting, and sculpture. Looking forward to taking on new challenges and growing professionally.",ARTS
SYN_ART_0091,"Dynamic illustrator specializing in art curation and creative writing. passionate visual artist seeking to express creativity through diverse artistic mediums. Strong background in art curation with hands-on experience using Adobe Photoshop and Procreate. Served as illustrator at a leading organization, managing art education and overseeing sculpture. BFA Fine Arts graduate with distinction. Committed to ongoing professional development. Additional expertise in watercolor, mixed media, and art education. Looking forward to taking on new challenges and growing professionally.",ARTS
SYN_ART_0092,"Motivated gallery curator with a passion for watercolor. passionate visual artist seeking to express creativity through diverse artistic mediums. Proficient in watercolor, sculpture, and installation art. Experienced with traditional media and ceramics wheel. Served as gallery curator at a leading organization, managing printmaking and overseeing fine arts. BFA Fine Arts graduate with distinction. Committed to ongoing professional development. Additional expertise in installation art, creative writing, and digital art. Eager to leverage skills to drive organizational growth and excellence.",ARTS
SYN_ART_0093,"experienced artist and educator looking to inspire creativity in institutional settings with 7 years of experience in fine arts and art education. Core competencies include fine arts, art education, art history, and installation art. Worked as gallery curator for 7 years, handling installation art and oil painting responsibilities. Educational background: BFA Fine Arts. Continuously updating skills in the field. Additional expertise in photography, fine arts, and mixed media. Looking forward to taking on new challenges and growing professionally.",ARTS
SYN_ART_0094,"experienced artist and educator looking to inspire creativity in institutional settings. Proven expertise in photography, watercolor, and ceramics. Key skills: photography, watercolor, ceramics. Familiar with traditional media. Worked as visual artist for 11 years, handling oil painting and installation art responsibilities. Educational background: MFA Visual Arts. Continuously updating skills in the field. Additional expertise in digital art, oil painting, and art history. Looking forward to taking on new challenges and growing professionally.",ARTS
SYN_ART_0095,"art curator dedicated to promoting emerging artists and contemporary art exhibitions with 12 years of experience in art curation and art history. Core competencies include art curation, art history, portfolio management, and illustration. Served as illustrator at a leading organization, managing illustration and overseeing exhibition planning. Completed Certificate in Photography. Strong academic foundation complemented by practical experience. Additional expertise in illustration, art direction, and cultural program management. Looking forward to taking on new challenges and growing professionally.",ARTS
SYN_ART_0096,"Motivated illustrator with a passion for exhibition planning. art curator dedicated to promoting emerging artists and contemporary art exhibitions. Key skills: exhibition planning, ceramics, cultural program management. Familiar with InDesign. Served as illustrator at a leading organization, managing art education and overseeing art curation. Educational background: Certificate in Photography. Continuously updating skills in the field. Additional expertise in watercolor, ceramics, and illustration. Looking forward to taking on new challenges and growing professionally.",ARTS
SYN_BPO_0000,"Dynamic back office executive specializing in client relationship and customer service. dedicated call center professional focused on improving customer satisfaction metrics. Proficient in client relationship, customer service, and complaint resolution. Experienced with Zendesk and Microsoft Office. 7+ years as back office executive with a strong focus on call center operations, data entry, and team collaboration. Holds a BSc Commerce with specialization in relevant areas. Additional expertise in KPI monitoring, SLA management, and quality assurance. Eager to leverage skills to drive organizational growth and excellence.",BPO
SYN_BPO_0001,"experienced BPO professional with strong customer service and communication skills with 7 years of experience in complaint resolution and client relationship. Expertise spans complaint resolution, client relationship, and non-voice process, supported by proficiency in Genesys. 7+ years as quality analyst with a strong focus on ticketing systems, call center operations, and team collaboration. Completed BA Business Administration. Strong academic foundation complemented by practical experience. Additional expertise in workforce management, quality assurance, and non-voice process. Seeking to contribute meaningfully to a forward-thinking organization.",BPO
SYN_BPO_0002,"seeking a leadership role in business process outsourcing to drive team performance. Proven expertise in workforce management, client relationship, and email support. Core competencies include workforce management, client relationship, email support, and team leadership. Served as process associate at a leading organization, managing team leadership and overseeing voice process. COPC Certification graduate with distinction. Committed to ongoing professional development. Additional expertise in quality assurance, call center operations, and KPI monitoring. Eager to leverage skills to drive organizational growth and excellence.",BPO
SYN_BPO_0003,"result-driven BPO executive with expertise in managing high-volume customer interactions with 6 years of experience in chat support and ticketing systems. Strong background in chat support with hands-on experience using Avaya and Freshdesk. Successfully delivered data entry projects as customer support specialist. Collaborated cross-functionally on CRM management. Completed BSc Commerce. Strong academic foundation complemented by practical experience. Additional expertise in voice process, workforce management, and ticketing systems. Eager to leverage skills to drive organizational growth and excellence.",BPO
SYN_BPO_0004,"experienced BPO professional with strong customer service and communication skills with 2 years of experience in team leadership and email support. Key skills: team leadership, email support, customer service. Familiar with Freshdesk. Worked as BPO executive for 2 years, handling CRM management and SLA management responsibilities. Educational background: Six Sigma Green Belt. Continuously updating skills in the field. Additional expertise in customer service, process improvement, and KPI monitoring. Eager to leverage skills to drive organizational growth and excellence.",BPO
SYN_BPO_0005,"seeking a leadership role in business process outsourcing to drive team performance. Proven expertise in voice process, KPI monitoring, and data entry. Strong background in voice process with hands-on experience using JIRA and Avaya. Worked as customer support specialist for 3 years, handling quality assurance and back office support responsibilities. Completed BSc Commerce. Strong academic foundation complemented by practical experience. Additional expertise in complaint resolution, non-voice process, and team leadership. Looking forward to taking on new challenges and growing professionally.",BPO
SYN_BPO_0006,"Dynamic quality analyst specializing in client relationship and CRM management. seeking a leadership role in business process outsourcing to drive team performance. Proficient in client relationship, CRM management, and team leadership. Experienced with Salesforce and Avaya. 1+ years as quality analyst with a strong focus on chat support, SLA management, and team collaboration. Holds a Diploma in Customer Service with specialization in relevant areas. Additional expertise in chat support, SLA management, and team leadership. Looking forward to taking on new challenges and growing professionally.",BPO
SYN_BPO_0007,"seeking a leadership role in business process outsourcing to drive team performance. Proven expertise in KPI monitoring, customer service, and non-voice process. Key skills: KPI monitoring, customer service, non-voice process. Familiar with Zendesk. Worked as customer service representative for 7 years, handling CRM management and complaint resolution responsibilities. Diploma in Customer Service graduate with distinction. Committed to ongoing professional development. Additional expertise in customer service, data entry, and quality assurance. Eager to leverage skills to drive organizational growth and excellence.",BPO
SYN_BPO_0008,"Motivated back office executive with a passion for process improvement. dedicated call center professional focused on improving customer satisfaction metrics. Key skills: process improvement, back office support, quality assurance. Familiar with ServiceNow. Worked as back office executive for 6 years, handling call center operations and complaint resolution responsibilities. Completed Diploma in Customer Service. Strong academic foundation complemented by practical experience. Additional expertise in CRM management, non-voice process, and workforce management. Looking forward to taking on new challenges and growing professionally.",BPO
SYN_BPO_0009,"Dynamic BPO executive specializing in SLA management and call center operations. result-driven BPO executive with expertise in managing high-volume customer interactions. Expertise spans SLA management, call center operations, and back office support, supported by proficiency in Genesys. Successfully delivered workforce management projects as BPO executive. Collaborated cross-functionally on non-voice process. Educational background: COPC Certification. Continuously updating skills in the field. Additional expertise in SLA management, client relationship, and ticketing systems. Eager to leverage skills to drive organizational growth and excellence.",BPO
SYN_BPO_0010,"Dynamic call center agent specializing in KPI monitoring and ticketing systems. seeking a leadership role in business process outsourcing to drive team performance. Expertise spans KPI monitoring, ticketing systems, and customer service, supported by proficiency in Salesforce. Worked as call center agent for 3 years, handling client relationship and SLA management responsibilities. BA Business Administration graduate with distinction. Committed to ongoing professional development. Additional expertise in email support, team leadership, and ticketing systems. Committed to continuous learning and delivering high-impact results.",BPO
SYN_BPO_0011,"Dynamic back office executive specializing in ticketing systems and back office support. seeking a leadership role in business process outsourcing to drive team performance. Core competencies include ticketing systems, back office support, complaint resolution, and data entry. Successfully delivered data entry projects as back office executive. Collaborated cross-functionally on client relationship. Holds a BSc Commerce with specialization in relevant areas. Additional expertise in ticketing systems, back office support, and CRM management. Eager to leverage skills to drive organizational growth and excellence.",BPO
SYN_BPO_0012,"Dynamic call center agent specializing in quality assurance and CRM management. result-driven BPO executive with expertise in managing high-volume customer interactions. Key skills: quality assurance, CRM management, data entry. Familiar with Avaya. 1+ years as call center agent with a strong focus on ticketing systems, customer service, and team collaboration. Educational background: BSc Commerce. Continuously updating skills in the field. Additional expertise in complaint resolution, SLA management, and process improvement. Committed to continuous learning and delivering high-impact results.",BPO
SYN_BPO_0013,"dedicated call center professional focused on improving customer satisfaction metrics. Proven expertise in quality assurance, KPI monitoring, and workforce management. Proficient in quality assurance, KPI monitoring, and workforce management. Experienced with Avaya and Freshdesk. Worked as back office executive for 2 years, handling back office support and ticketing systems responsibilities. Holds a BA Business Administration with specialization in relevant areas. Additional expertise in SLA management, CRM management, and team leadership. Committed to continuous learning and delivering high-impact results.",BPO
SYN_BPO_0014,"seeking a leadership role in business process outsourcing to drive team performance. Proven expertise in email support, KPI monitoring, and SLA management. Strong background in email support with hands-on experience using Salesforce and Microsoft Office. 5+ years as call center agent with a strong focus on data entry, call center operations, and team collaboration. Completed COPC Certification. Strong academic foundation complemented by practical experience. Additional expertise in ticketing systems, KPI monitoring, and complaint resolution. Looking forward to taking on new challenges and growing professionally.",BPO
SYN_BPO_0015,"Motivated back office executive with a passion for non-voice process. experienced BPO professional with strong customer service and communication skills. Strong background in non-voice process with hands-on experience using Zendesk and Salesforce. Successfully delivered workforce management projects as back office executive. Collaborated cross-functionally on KPI monitoring. Educational background: BA Business Administration. Continuously updating skills in the field. Additional expertise in workforce management, data entry, and call center operations. Eager to leverage skills to drive organizational growth and excellence.",BPO
SYN_BPO_0016,"Dynamic back office executive specializing in KPI monitoring and workforce management. dedicated call center professional focused on improving customer satisfaction metrics. Expertise spans KPI monitoring, workforce management, and chat support, supported by proficiency in JIRA. Worked as back office executive for 9 years, handling SLA management and ticketing systems responsibilities. Educational background: Six Sigma Green Belt. Continuously updating skills in the field. Additional expertise in quality assurance, data entry, and team leadership. Seeking to contribute meaningfully to a forward-thinking organization.",BPO
SYN_BPO_0017,"Dynamic team leader specializing in workforce management and ticketing systems. result-driven BPO executive with expertise in managing high-volume customer interactions. Expertise spans workforce management, ticketing systems, and voice process, supported by proficiency in JIRA. 11+ years as team leader with a strong focus on email support, complaint resolution, and team collaboration. Educational background: COPC Certification. Continuously updating skills in the field. Additional expertise in back office support, customer service, and workforce management. Eager to leverage skills to drive organizational growth and excellence.",BPO
SYN_BPO_0018,"dedicated call center professional focused on improving customer satisfaction metrics. Proven expertise in complaint resolution, team leadership, and quality assurance. Strong background in complaint resolution with hands-on experience using Avaya and Salesforce. Worked as customer support specialist for 5 years, handling email support and call center operations responsibilities. Educational background: Six Sigma Green Belt. Continuously updating skills in the field. Additional expertise in quality assurance, data entry, and workforce management. Seeking to contribute meaningfully to a forward-thinking organization.",BPO
SYN_BPO_0019,"Dynamic team leader specializing in KPI monitoring and workforce management. experienced BPO professional with strong customer service and communication skills. Expertise spans KPI monitoring, workforce management, and SLA management, supported by proficiency in Genesys. 1+ years as team leader with a strong focus on call center operations, ticketing systems, and team collaboration. Completed Six Sigma Green Belt. Strong academic foundation complemented by practical experience. Additional expertise in call center operations, customer service, and KPI monitoring. Eager to leverage skills to drive organizational growth and excellence.",BPO
SYN_BPO_0020,"experienced BPO professional with strong customer service and communication skills. Proven expertise in non-voice process, client relationship, and quality assurance. Strong background in non-voice process with hands-on experience using Avaya and JIRA. 9+ years as BPO executive with a strong focus on process improvement, SLA management, and team collaboration. Educational background: Diploma in Customer Service. Continuously updating skills in the field. Additional expertise in client relationship, data entry, and chat support. Eager to leverage skills to drive organizational growth and excellence.",BPO
SYN_BPO_0021,"result-driven BPO executive with expertise in managing high-volume customer interactions. Proven expertise in email support, back office support, and chat support. Strong background in email support with hands-on experience using Avaya and Genesys. Worked as process associate for 2 years, handling voice process and process improvement responsibilities. Completed BSc Commerce. Strong academic foundation complemented by practical experience. Additional expertise in back office support, workforce management, and client relationship. Eager to leverage skills to drive organizational growth and excellence.",BPO
SYN_BPO_0022,"Dynamic BPO executive specializing in chat support and client relationship. result-driven BPO executive with expertise in managing high-volume customer interactions. Key skills: chat support, client relationship, non-voice process. Familiar with Salesforce. Worked as BPO executive for 4 years, handling KPI monitoring and quality assurance responsibilities. Holds a BA Business Administration with specialization in relevant areas. Additional expertise in customer service, call center operations, and data entry. Eager to leverage skills to drive organizational growth and excellence.",BPO
SYN_BPO_0023,"Motivated quality analyst with a passion for non-voice process. experienced BPO professional with strong customer service and communication skills. Strong background in non-voice process with hands-on experience using ServiceNow and JIRA. Successfully delivered workforce management projects as quality analyst. Collaborated cross-functionally on email support. Educational background: BSc Commerce. Continuously updating skills in the field. Additional expertise in complaint resolution, call center operations, and quality assurance. Seeking to contribute meaningfully to a forward-thinking organization.",BPO
SYN_BPO_0024,"dedicated call center professional focused on improving customer satisfaction metrics. Proven expertise in ticketing systems, process improvement, and data entry. Strong background in ticketing systems with hands-on experience using Avaya and ServiceNow. 2+ years as customer service representative with a strong focus on customer service, non-voice process, and team collaboration. Educational background: BA Business Administration. Continuously updating skills in the field. Additional expertise in client relationship, non-voice process, and email support. Eager to leverage skills to drive organizational growth and excellence.",BPO
SYN_BPO_0025,"Motivated team leader with a passion for voice process. dedicated call center professional focused on improving customer satisfaction metrics. Expertise spans voice process, SLA management, and non-voice process, supported by proficiency in Freshdesk. Served as team leader at a leading organization, managing back office support and overseeing call center operations. BA Business Administration graduate with distinction. Committed to ongoing professional development. Additional expertise in data entry, team leadership, and ticketing systems. Looking forward to taking on new challenges and growing professionally.",BPO
SYN_BPO_0026,"Dynamic quality analyst specializing in voice process and customer service. dedicated call center professional focused on improving customer satisfaction metrics. Key skills: voice process, customer service, data entry. Familiar with Microsoft Office. Worked as quality analyst for 5 years, handling client relationship and SLA management responsibilities. Holds a COPC Certification with specialization in relevant areas. Additional expertise in process improvement, quality assurance, and data entry. Seeking to contribute meaningfully to a forward-thinking organization.",BPO
SYN_BPO_0027,"result-driven BPO executive with expertise in managing high-volume customer interactions. Proven expertise in SLA management, email support, and process improvement. Key skills: SLA management, email support, process improvement. Familiar with Microsoft Office. Successfully delivered complaint resolution projects as BPO executive. Collaborated cross-functionally on KPI monitoring. BSc Commerce graduate with distinction. Committed to ongoing professional development. Additional expertise in workforce management, email support, and complaint resolution. Committed to continuous learning and delivering high-impact results.",BPO
SYN_BPO_0028,"seeking a leadership role in business process outsourcing to drive team performance. Proven expertise in voice process, complaint resolution, and KPI monitoring. Proficient in voice process, complaint resolution, and KPI monitoring. Experienced with Microsoft Office and Genesys. Worked as back office executive for 12 years, handling customer service and non-voice process responsibilities. Completed Six Sigma Green Belt. Strong academic foundation complemented by practical experience. Additional expertise in KPI monitoring, data entry, and team leadership. Committed to continuous learning and delivering high-impact results.",BPO
SYN_BPO_0029,"Dynamic back office executive specializing in call center operations and data entry. seeking a leadership role in business process outsourcing to drive team performance. Strong background in call center operations with hands-on experience using JIRA and Microsoft Office. Worked as back office executive for 4 years, handling KPI monitoring and chat support responsibilities. Holds a BSc Commerce with specialization in relevant areas. Additional expertise in voice process, email support, and back office support. Seeking to contribute meaningfully to a forward-thinking organization.",BPO
SYN_BPO_0030,"Motivated process associate with a passion for voice process. experienced BPO professional with strong customer service and communication skills. Key skills: voice process, customer service, process improvement. Familiar with ServiceNow. Successfully delivered workforce management projects as process associate. Collaborated cross-functionally on client relationship. Completed BSc Commerce. Strong academic foundation complemented by practical experience. Additional expertise in chat support, customer service, and team leadership. Seeking to contribute meaningfully to a forward-thinking organization.",BPO
SYN_BPO_0031,"Motivated customer service representative with a passion for back office support. seeking a leadership role in business process outsourcing to drive team performance. Expertise spans back office support, customer service, and client relationship, supported by proficiency in ServiceNow. 9+ years as customer service representative with a strong focus on process improvement, CRM management, and team collaboration. Educational background: BA Business Administration. Continuously updating skills in the field. Additional expertise in process improvement, back office support, and quality assurance. Seeking to contribute meaningfully to a forward-thinking organization.",BPO
SYN_BPO_0032,"Dynamic BPO executive specializing in call center operations and complaint resolution. result-driven BPO executive with expertise in managing high-volume customer interactions. Key skills: call center operations, complaint resolution, client relationship. Familiar with Zendesk. 10+ years as BPO executive with a strong focus on voice process, process improvement, and team collaboration. BSc Commerce graduate with distinction. Committed to ongoing professional development. Additional expertise in client relationship, back office support, and call center operations. Looking forward to taking on new challenges and growing professionally.",BPO
SYN_BPO_0033,"experienced BPO professional with strong customer service and communication skills with 2 years of experience in voice process and KPI monitoring. Core competencies include voice process, KPI monitoring, SLA management, and customer service. Worked as team leader for 2 years, handling customer service and non-voice process responsibilities. Completed Diploma in Customer Service. Strong academic foundation complemented by practical experience. Additional expertise in CRM management, workforce management, and call center operations. Eager to leverage skills to drive organizational growth and excellence.",BPO
SYN_BPO_0034,"Dynamic call center agent specializing in email support and call center operations. experienced BPO professional with strong customer service and communication skills. Expertise spans email support, call center operations, and ticketing systems, supported by proficiency in Salesforce. Served as call center agent at a leading organization, managing back office support and overseeing workforce management. Completed Six Sigma Green Belt. Strong academic foundation complemented by practical experience. Additional expertise in client relationship, KPI monitoring, and data entry. Seeking to contribute meaningfully to a forward-thinking organization.",BPO
SYN_BPO_0035,"Dynamic back office executive specializing in data entry and customer service. experienced BPO professional with strong customer service and communication skills. Proficient in data entry, customer service, and client relationship. Experienced with Genesys and Zendesk. Worked as back office executive for 9 years, handling complaint resolution and team leadership responsibilities. Educational background: Six Sigma Green Belt. Continuously updating skills in the field. Additional expertise in CRM management, data entry, and back office support. Looking forward to taking on new challenges and growing professionally.",BPO
SYN_BPO_0036,"Dynamic BPO executive specializing in process improvement and call center operations. dedicated call center professional focused on improving customer satisfaction metrics. Proficient in process improvement, call center operations, and client relationship. Experienced with Zendesk and ServiceNow. Worked as BPO executive for 6 years, handling non-voice process and chat support responsibilities. Educational background: Diploma in Customer Service. Continuously updating skills in the field. Additional expertise in team leadership, voice process, and email support. Seeking to contribute meaningfully to a forward-thinking organization.",BPO
SYN_BPO_0037,"Motivated process associate with a passion for voice process. dedicated call center professional focused on improving customer satisfaction metrics. Key skills: voice process, quality assurance, KPI monitoring. Familiar with Freshdesk. 3+ years as process associate with a strong focus on back office support, call center operations, and team collaboration. BSc Commerce graduate with distinction. Committed to ongoing professional development. Additional expertise in data entry, non-voice process, and email support. Seeking to contribute meaningfully to a forward-thinking organization.",BPO
SYN_BPO_0038,"Dynamic quality analyst specializing in data entry and chat support. result-driven BPO executive with expertise in managing high-volume customer interactions. Expertise spans data entry, chat support, and KPI monitoring, supported by proficiency in Microsoft Office. Successfully delivered quality assurance projects as quality analyst. Collaborated cross-functionally on process improvement. Completed COPC Certification. Strong academic foundation complemented by practical experience. Additional expertise in call center operations, workforce management, and complaint resolution. Seeking to contribute meaningfully to a forward-thinking organization.",BPO
SYN_BPO_0039,"Dynamic call center agent specializing in client relationship and voice process. result-driven BPO executive with expertise in managing high-volume customer interactions. Expertise spans client relationship, voice process, and complaint resolution, supported by proficiency in Zendesk. Successfully delivered CRM management projects as call center agent. Collaborated cross-functionally on process improvement. Holds a Diploma in Customer Service with specialization in relevant areas. Additional expertise in voice process, back office support, and non-voice process. Committed to continuous learning and delivering high-impact results.",BPO
SYN_BPO_0040,"Dynamic team leader specializing in SLA management and workforce management. dedicated call center professional focused on improving customer satisfaction metrics. Proficient in SLA management, workforce management, and email support. Experienced with ServiceNow and Salesforce. Served as team leader at a leading organization, managing non-voice process and overseeing KPI monitoring. COPC Certification graduate with distinction. Committed to ongoing professional development. Additional expertise in data entry, CRM management, and SLA management. Seeking to contribute meaningfully to a forward-thinking organization.",BPO
SYN_BPO_0041,"result-driven BPO executive with expertise in managing high-volume customer interactions. Proven expertise in CRM management, call center operations, and workforce management. Proficient in CRM management, call center operations, and workforce management. Experienced with JIRA and Freshdesk. Served as customer service representative at a leading organization, managing process improvement and overseeing customer service. Holds a Diploma in Customer Service with specialization in relevant areas. Additional expertise in quality assurance, client relationship, and voice process. Looking forward to taking on new challenges and growing professionally.",BPO
SYN_BPO_0042,"Motivated back office executive with a passion for quality assurance. seeking a leadership role in business process outsourcing to drive team performance. Key skills: quality assurance, back office support, call center operations. Familiar with Genesys. Successfully delivered email support projects as back office executive. Collaborated cross-functionally on CRM management. Six Sigma Green Belt graduate with distinction. Committed to ongoing professional development. Additional expertise in workforce management, back office support, and process improvement. Looking forward to taking on new challenges and growing professionally.",BPO
SYN_BPO_0043,"seeking a leadership role in business process outsourcing to drive team performance with 2 years of experience in data entry and SLA management. Key skills: data entry, SLA management, ticketing systems. Familiar with Freshdesk. 2+ years as customer service representative with a strong focus on customer service, voice process, and team collaboration. Holds a Six Sigma Green Belt with specialization in relevant areas. Additional expertise in chat support, data entry, and workforce management. Seeking to contribute meaningfully to a forward-thinking organization.",BPO
SYN_BPO_0044,"result-driven BPO executive with expertise in managing high-volume customer interactions with 12 years of experience in workforce management and back office support. Strong background in workforce management with hands-on experience using Avaya and Microsoft Office. 12+ years as team leader with a strong focus on non-voice process, ticketing systems, and team collaboration. Holds a BSc Commerce with specialization in relevant areas. Additional expertise in team leadership, workforce management, and non-voice process. Committed to continuous learning and delivering high-impact results.",BPO
SYN_BPO_0045,"dedicated call center professional focused on improving customer satisfaction metrics. Proven expertise in workforce management, process improvement, and SLA management. Expertise spans workforce management, process improvement, and SLA management, supported by proficiency in JIRA. Successfully delivered call center operations projects as back office executive. Collaborated cross-functionally on voice process. COPC Certification graduate with distinction. Committed to ongoing professional development. Additional expertise in team leadership, process improvement, and workforce management. Seeking to contribute meaningfully to a forward-thinking organization.",BPO
SYN_BPO_0046,"experienced BPO professional with strong customer service and communication skills with 10 years of experience in process improvement and non-voice process. Strong background in process improvement with hands-on experience using Zendesk and Microsoft Office. Successfully delivered KPI monitoring projects as call center agent. Collaborated cross-functionally on client relationship. Educational background: BA Business Administration. Continuously updating skills in the field. Additional expertise in complaint resolution, chat support, and client relationship. Seeking to contribute meaningfully to a forward-thinking organization.",BPO
SYN_BPO_0047,"Motivated customer support specialist with a passion for process improvement. dedicated call center professional focused on improving customer satisfaction metrics. Strong background in process improvement with hands-on experience using Genesys and Freshdesk. Successfully delivered back office support projects as customer support specialist. Collaborated cross-functionally on ticketing systems. Educational background: BA Business Administration. Continuously updating skills in the field. Additional expertise in customer service, process improvement, and call center operations. Seeking to contribute meaningfully to a forward-thinking organization.",BPO
SYN_BPO_0048,"Dynamic BPO executive specializing in back office support and process improvement. dedicated call center professional focused on improving customer satisfaction metrics. Core competencies include back office support, process improvement, complaint resolution, and quality assurance. Successfully delivered quality assurance projects as BPO executive. Collaborated cross-functionally on CRM management. Educational background: Diploma in Customer Service. Continuously updating skills in the field. Additional expertise in client relationship, SLA management, and back office support. Committed to continuous learning and delivering high-impact results.",BPO
SYN_BPO_0049,"experienced BPO professional with strong customer service and communication skills with 11 years of experience in client relationship and quality assurance. Expertise spans client relationship, quality assurance, and back office support, supported by proficiency in Zendesk. Served as call center agent at a leading organization, managing email support and overseeing non-voice process. Holds a BSc Commerce with specialization in relevant areas. Additional expertise in workforce management, voice process, and client relationship. Seeking to contribute meaningfully to a forward-thinking organization.",BPO
SYN_BPO_0050,"seeking a leadership role in business process outsourcing to drive team performance with 4 years of experience in complaint resolution and team leadership. Strong background in complaint resolution with hands-on experience using JIRA and ServiceNow. Worked as customer support specialist for 4 years, handling quality assurance and process improvement responsibilities. Educational background: Diploma in Customer Service. Continuously updating skills in the field. Additional expertise in customer service, non-voice process, and ticketing systems. Committed to continuous learning and delivering high-impact results.",BPO
SYN_BPO_0051,"Dynamic call center agent specializing in back office support and voice process. dedicated call center professional focused on improving customer satisfaction metrics. Proficient in back office support, voice process, and ticketing systems. Experienced with Avaya and ServiceNow. Successfully delivered complaint resolution projects as call center agent. Collaborated cross-functionally on process improvement. Holds a BSc Commerce with specialization in relevant areas. Additional expertise in email support, voice process, and CRM management. Committed to continuous learning and delivering high-impact results.",BPO
SYN_BPO_0052,"Motivated process associate with a passion for team leadership. seeking a leadership role in business process outsourcing to drive team performance. Key skills: team leadership, customer service, back office support. Familiar with Salesforce. Worked as process associate for 3 years, handling SLA management and workforce management responsibilities. Educational background: COPC Certification. Continuously updating skills in the field. Additional expertise in ticketing systems, quality assurance, and non-voice process. Eager to leverage skills to drive organizational growth and excellence.",BPO
SYN_BPO_0053,"seeking a leadership role in business process outsourcing to drive team performance. Proven expertise in KPI monitoring, non-voice process, and CRM management. Strong background in KPI monitoring with hands-on experience using Avaya and Salesforce. 4+ years as customer service representative with a strong focus on customer service, back office support, and team collaboration. Six Sigma Green Belt graduate with distinction. Committed to ongoing professional development. Additional expertise in CRM management, voice process, and KPI monitoring. Looking forward to taking on new challenges and growing professionally.",BPO
SYN_BPO_0054,"Motivated customer support specialist with a passion for quality assurance. result-driven BPO executive with expertise in managing high-volume customer interactions. Core competencies include quality assurance, back office support, CRM management, and SLA management. Served as customer support specialist at a leading organization, managing SLA management and overseeing process improvement. COPC Certification graduate with distinction. Committed to ongoing professional development. Additional expertise in process improvement, chat support, and workforce management. Looking forward to taking on new challenges and growing professionally.",BPO
SYN_BPO_0055,"Motivated call center agent with a passion for CRM management. result-driven BPO executive with expertise in managing high-volume customer interactions. Expertise spans CRM management, KPI monitoring, and ticketing systems, supported by proficiency in ServiceNow. Successfully delivered chat support projects as call center agent. Collaborated cross-functionally on SLA management. Completed Six Sigma Green Belt. Strong academic foundation complemented by practical experience. Additional expertise in ticketing systems, KPI monitoring, and client relationship. Seeking to contribute meaningfully to a forward-thinking organization.",BPO
SYN_BPO_0056,"result-driven BPO executive with expertise in managing high-volume customer interactions with 3 years of experience in KPI monitoring and complaint resolution. Proficient in KPI monitoring, complaint resolution, and voice process. Experienced with Microsoft Office and Zendesk. 3+ years as BPO executive with a strong focus on non-voice process, SLA management, and team collaboration. Holds a Diploma in Customer Service with specialization in relevant areas. Additional expertise in SLA management, CRM management, and chat support. Looking forward to taking on new challenges and growing professionally.",BPO
SYN_BPO_0057,"Dynamic call center agent specializing in CRM management and ticketing systems. dedicated call center professional focused on improving customer satisfaction metrics. Key skills: CRM management, ticketing systems, workforce management. Familiar with Zendesk. 10+ years as call center agent with a strong focus on call center operations, quality assurance, and team collaboration. Completed COPC Certification. Strong academic foundation complemented by practical experience. Additional expertise in CRM management, workforce management, and call center operations. Committed to continuous learning and delivering high-impact results.",BPO
SYN_BPO_0058,"result-driven BPO executive with expertise in managing high-volume customer interactions with 2 years of experience in non-voice process and chat support. Strong background in non-voice process with hands-on experience using JIRA and Zendesk. Worked as customer service representative for 2 years, handling team leadership and email support responsibilities. Holds a Diploma in Customer Service with specialization in relevant areas. Additional expertise in chat support, team leadership, and data entry. Committed to continuous learning and delivering high-impact results.",BPO
SYN_BPO_0059,"Dynamic customer service representative specializing in email support and non-voice process. experienced BPO professional with strong customer service and communication skills. Proficient in email support, non-voice process, and process improvement. Experienced with Microsoft Office and JIRA. 2+ years as customer service representative with a strong focus on KPI monitoring, data entry, and team collaboration. Diploma in Customer Service graduate with distinction. Committed to ongoing professional development. Additional expertise in call center operations, client relationship, and team leadership. Committed to continuous learning and delivering high-impact results.",BPO
SYN_BPO_0060,"experienced BPO professional with strong customer service and communication skills with 1 years of experience in complaint resolution and call center operations. Core competencies include complaint resolution, call center operations, customer service, and voice process. 1+ years as call center agent with a strong focus on voice process, ticketing systems, and team collaboration. Holds a Diploma in Customer Service with specialization in relevant areas. Additional expertise in call center operations, quality assurance, and workforce management. Seeking to contribute meaningfully to a forward-thinking organization.",BPO
SYN_BPO_0061,"Motivated quality analyst with a passion for client relationship. dedicated call center professional focused on improving customer satisfaction metrics. Core competencies include client relationship, quality assurance, back office support, and chat support. Successfully delivered chat support projects as quality analyst. Collaborated cross-functionally on voice process. BA Business Administration graduate with distinction. Committed to ongoing professional development. Additional expertise in non-voice process, ticketing systems, and complaint resolution. Committed to continuous learning and delivering high-impact results.",BPO
SYN_BPO_0062,"result-driven BPO executive with expertise in managing high-volume customer interactions. Proven expertise in voice process, quality assurance, and team leadership. Proficient in voice process, quality assurance, and team leadership. Experienced with Avaya and Microsoft Office. Worked as quality analyst for 4 years, handling KPI monitoring and call center operations responsibilities. Diploma in Customer Service graduate with distinction. Committed to ongoing professional development. Additional expertise in call center operations, CRM management, and customer service. Eager to leverage skills to drive organizational growth and excellence.",BPO
SYN_BPO_0063,"result-driven BPO executive with expertise in managing high-volume customer interactions with 2 years of experience in SLA management and CRM management. Core competencies include SLA management, CRM management, workforce management, and client relationship. Served as back office executive at a leading organization, managing client relationship and overseeing data entry. Completed BSc Commerce. Strong academic foundation complemented by practical experience. Additional expertise in client relationship, chat support, and CRM management. Committed to continuous learning and delivering high-impact results.",BPO
SYN_BPO_0064,"Dynamic call center agent specializing in team leadership and non-voice process. result-driven BPO executive with expertise in managing high-volume customer interactions. Core competencies include team leadership, non-voice process, data entry, and complaint resolution. 3+ years as call center agent with a strong focus on complaint resolution, call center operations, and team collaboration. Holds a Diploma in Customer Service with specialization in relevant areas. Additional expertise in email support, ticketing systems, and chat support. Looking forward to taking on new challenges and growing professionally.",BPO
SYN_BPO_0065,"Motivated call center agent with a passion for process improvement. experienced BPO professional with strong customer service and communication skills. Strong background in process improvement with hands-on experience using Microsoft Office and Salesforce. Worked as call center agent for 6 years, handling ticketing systems and quality assurance responsibilities. Holds a Six Sigma Green Belt with specialization in relevant areas. Additional expertise in client relationship, process improvement, and CRM management. Looking forward to taking on new challenges and growing professionally.",BPO
SYN_BPO_0066,"dedicated call center professional focused on improving customer satisfaction metrics with 9 years of experience in email support and ticketing systems. Proficient in email support, ticketing systems, and process improvement. Experienced with Avaya and Salesforce. Worked as back office executive for 9 years, handling call center operations and SLA management responsibilities. Completed BSc Commerce. Strong academic foundation complemented by practical experience. Additional expertise in complaint resolution, voice process, and non-voice process. Looking forward to taking on new challenges and growing professionally.",BPO
SYN_BPO_0067,"Motivated back office executive with a passion for complaint resolution. result-driven BPO executive with expertise in managing high-volume customer interactions. Expertise spans complaint resolution, quality assurance, and email support, supported by proficiency in Avaya. 2+ years as back office executive with a strong focus on non-voice process, voice process, and team collaboration. Holds a COPC Certification with specialization in relevant areas. Additional expertise in non-voice process, back office support, and email support. Looking forward to taking on new challenges and growing professionally.",BPO
SYN_BPO_0068,"experienced BPO professional with strong customer service and communication skills with 3 years of experience in back office support and SLA management. Core competencies include back office support, SLA management, chat support, and voice process. 3+ years as BPO executive with a strong focus on voice process, customer service, and team collaboration. Holds a Diploma in Customer Service with specialization in relevant areas. Additional expertise in back office support, customer service, and KPI monitoring. Committed to continuous learning and delivering high-impact results.",BPO
SYN_BPO_0069,"result-driven BPO executive with expertise in managing high-volume customer interactions with 2 years of experience in call center operations and customer service. Proficient in call center operations, customer service, and team leadership. Experienced with Freshdesk and JIRA. 2+ years as customer support specialist with a strong focus on process improvement, non-voice process, and team collaboration. Completed BSc Commerce. Strong academic foundation complemented by practical experience. Additional expertise in chat support, email support, and KPI monitoring. Looking forward to taking on new challenges and growing professionally.",BPO
SYN_BPO_0070,"result-driven BPO executive with expertise in managing high-volume customer interactions with 1 years of experience in KPI monitoring and team leadership. Core competencies include KPI monitoring, team leadership, SLA management, and chat support. Successfully delivered chat support projects as quality analyst. Collaborated cross-functionally on quality assurance. Educational background: Diploma in Customer Service. Continuously updating skills in the field. Additional expertise in data entry, KPI monitoring, and email support. Seeking to contribute meaningfully to a forward-thinking organization.",BPO
SYN_BPO_0071,"Motivated back office executive with a passion for voice process. seeking a leadership role in business process outsourcing to drive team performance. Strong background in voice process with hands-on experience using ServiceNow and Genesys. 12+ years as back office executive with a strong focus on SLA management, call center operations, and team collaboration. Diploma in Customer Service graduate with distinction. Committed to ongoing professional development. Additional expertise in process improvement, quality assurance, and team leadership. Eager to leverage skills to drive organizational growth and excellence.",BPO
SYN_BPO_0072,"experienced BPO professional with strong customer service and communication skills. Proven expertise in chat support, KPI monitoring, and team leadership. Expertise spans chat support, KPI monitoring, and team leadership, supported by proficiency in Freshdesk. 7+ years as process associate with a strong focus on call center operations, customer service, and team collaboration. Educational background: Six Sigma Green Belt. Continuously updating skills in the field. Additional expertise in team leadership, email support, and workforce management. Seeking to contribute meaningfully to a forward-thinking organization.",BPO
SYN_BPO_0073,"experienced BPO professional with strong customer service and communication skills with 4 years of experience in team leadership and non-voice process. Proficient in team leadership, non-voice process, and call center operations. Experienced with JIRA and Freshdesk. 4+ years as customer service representative with a strong focus on complaint resolution, data entry, and team collaboration. Educational background: COPC Certification. Continuously updating skills in the field. Additional expertise in KPI monitoring, team leadership, and data entry. Seeking to contribute meaningfully to a forward-thinking organization.",BPO
SYN_BPO_0074,"Dynamic BPO executive specializing in voice process and team leadership. result-driven BPO executive with expertise in managing high-volume customer interactions. Key skills: voice process, team leadership, complaint resolution. Familiar with Avaya. Successfully delivered customer service projects as BPO executive. Collaborated cross-functionally on email support. Holds a BSc Commerce with specialization in relevant areas. Additional expertise in quality assurance, team leadership, and ticketing systems. Eager to leverage skills to drive organizational growth and excellence.",BPO
SYN_BPO_0075,"Motivated process associate with a passion for CRM management. seeking a leadership role in business process outsourcing to drive team performance. Expertise spans CRM management, quality assurance, and data entry, supported by proficiency in Genesys. Successfully delivered workforce management projects as process associate. Collaborated cross-functionally on ticketing systems. Educational background: Six Sigma Green Belt. Continuously updating skills in the field. Additional expertise in client relationship, process improvement, and non-voice process. Eager to leverage skills to drive organizational growth and excellence.",BPO
SYN_BPO_0076,"Dynamic process associate specializing in KPI monitoring and process improvement. dedicated call center professional focused on improving customer satisfaction metrics. Proficient in KPI monitoring, process improvement, and chat support. Experienced with Salesforce and Genesys. Served as process associate at a leading organization, managing CRM management and overseeing email support. Completed Six Sigma Green Belt. Strong academic foundation complemented by practical experience. Additional expertise in complaint resolution, ticketing systems, and KPI monitoring. Eager to leverage skills to drive organizational growth and excellence.",BPO
SYN_BPO_0077,"seeking a leadership role in business process outsourcing to drive team performance with 7 years of experience in customer service and chat support. Strong background in customer service with hands-on experience using Salesforce and Freshdesk. Worked as customer service representative for 7 years, handling process improvement and workforce management responsibilities. Completed COPC Certification. Strong academic foundation complemented by practical experience. Additional expertise in email support, SLA management, and call center operations. Seeking to contribute meaningfully to a forward-thinking organization.",BPO
SYN_BPO_0078,"Motivated team leader with a passion for email support. seeking a leadership role in business process outsourcing to drive team performance. Proficient in email support, data entry, and complaint resolution. Experienced with Freshdesk and ServiceNow. Successfully delivered chat support projects as team leader. Collaborated cross-functionally on SLA management. Educational background: Six Sigma Green Belt. Continuously updating skills in the field. Additional expertise in non-voice process, voice process, and customer service. Eager to leverage skills to drive organizational growth and excellence.",BPO
SYN_BPO_0079,"seeking a leadership role in business process outsourcing to drive team performance. Proven expertise in email support, customer service, and chat support. Core competencies include email support, customer service, chat support, and CRM management. 2+ years as call center agent with a strong focus on CRM management, ticketing systems, and team collaboration. BSc Commerce graduate with distinction. Committed to ongoing professional development. Additional expertise in non-voice process, process improvement, and data entry. Seeking to contribute meaningfully to a forward-thinking organization.",BPO
SYN_BPO_0080,"Motivated BPO executive with a passion for workforce management. seeking a leadership role in business process outsourcing to drive team performance. Strong background in workforce management with hands-on experience using Zendesk and Genesys. Successfully delivered complaint resolution projects as BPO executive. Collaborated cross-functionally on data entry. BSc Commerce graduate with distinction. Committed to ongoing professional development. Additional expertise in non-voice process, chat support, and process improvement. Committed to continuous learning and delivering high-impact results.",BPO
SYN_BPO_0081,"result-driven BPO executive with expertise in managing high-volume customer interactions. Proven expertise in client relationship, customer service, and team leadership. Key skills: client relationship, customer service, team leadership. Familiar with ServiceNow. Successfully delivered ticketing systems projects as customer service representative. Collaborated cross-functionally on SLA management. Completed Diploma in Customer Service. Strong academic foundation complemented by practical experience. Additional expertise in customer service, back office support, and KPI monitoring. Eager to leverage skills to drive organizational growth and excellence.",BPO
SYN_BPO_0082,"Motivated back office executive with a passion for data entry. experienced BPO professional with strong customer service and communication skills. Key skills: data entry, KPI monitoring, SLA management. Familiar with Freshdesk. Worked as back office executive for 3 years, handling complaint resolution and ticketing systems responsibilities. Six Sigma Green Belt graduate with distinction. Committed to ongoing professional development. Additional expertise in client relationship, email support, and back office support. Looking forward to taking on new challenges and growing professionally.",BPO
SYN_BPO_0083,"dedicated call center professional focused on improving customer satisfaction metrics with 10 years of experience in client relationship and voice process. Key skills: client relationship, voice process, call center operations. Familiar with Freshdesk. Successfully delivered customer service projects as process associate. Collaborated cross-functionally on process improvement. Completed Six Sigma Green Belt. Strong academic foundation complemented by practical experience. Additional expertise in complaint resolution, workforce management, and non-voice process. Eager to leverage skills to drive organizational growth and excellence.",BPO
SYN_BPO_0084,"experienced BPO professional with strong customer service and communication skills with 10 years of experience in quality assurance and non-voice process. Core competencies include quality assurance, non-voice process, call center operations, and process improvement. 10+ years as back office executive with a strong focus on process improvement, KPI monitoring, and team collaboration. Holds a BA Business Administration with specialization in relevant areas. Additional expertise in chat support, client relationship, and data entry. Eager to leverage skills to drive organizational growth and excellence.",BPO
SYN_BPO_0085,"result-driven BPO executive with expertise in managing high-volume customer interactions with 11 years of experience in team leadership and complaint resolution. Proficient in team leadership, complaint resolution, and CRM management. Experienced with Avaya and Salesforce. Served as quality analyst at a leading organization, managing KPI monitoring and overseeing voice process. Holds a COPC Certification with specialization in relevant areas. Additional expertise in data entry, customer service, and KPI monitoring. Committed to continuous learning and delivering high-impact results.",BPO
SYN_BPO_0086,"Dynamic process associate specializing in CRM management and email support. result-driven BPO executive with expertise in managing high-volume customer interactions. Key skills: CRM management, email support, KPI monitoring. Familiar with Freshdesk. Successfully delivered back office support projects as process associate. Collaborated cross-functionally on team leadership. Holds a BSc Commerce with specialization in relevant areas. Additional expertise in voice process, data entry, and team leadership. Seeking to contribute meaningfully to a forward-thinking organization.",BPO
SYN_BPO_0087,"Motivated customer support specialist with a passion for workforce management. experienced BPO professional with strong customer service and communication skills. Proficient in workforce management, SLA management, and customer service. Experienced with Genesys and Avaya. Served as customer support specialist at a leading organization, managing non-voice process and overseeing process improvement. Completed BSc Commerce. Strong academic foundation complemented by practical experience. Additional expertise in voice process, complaint resolution, and team leadership. Committed to continuous learning and delivering high-impact results.",BPO
SYN_BPO_0088,"result-driven BPO executive with expertise in managing high-volume customer interactions. Proven expertise in customer service, call center operations, and SLA management. Core competencies include customer service, call center operations, SLA management, and CRM management. 5+ years as call center agent with a strong focus on CRM management, data entry, and team collaboration. Holds a Six Sigma Green Belt with specialization in relevant areas. Additional expertise in complaint resolution, email support, and voice process. Seeking to contribute meaningfully to a forward-thinking organization.",BPO
SYN_BPO_0089,"experienced BPO professional with strong customer service and communication skills. Proven expertise in email support, data entry, and quality assurance. Strong background in email support with hands-on experience using Salesforce and Avaya. Successfully delivered KPI monitoring projects as call center agent. Collaborated cross-functionally on customer service. COPC Certification graduate with distinction. Committed to ongoing professional development. Additional expertise in team leadership, complaint resolution, and customer service. Seeking to contribute meaningfully to a forward-thinking organization.",BPO
SYN_BPO_0090,"Dynamic team leader specializing in customer service and email support. result-driven BPO executive with expertise in managing high-volume customer interactions. Expertise spans customer service, email support, and call center operations, supported by proficiency in Freshdesk. Served as team leader at a leading organization, managing CRM management and overseeing client relationship. Holds a Six Sigma Green Belt with specialization in relevant areas. Additional expertise in chat support, non-voice process, and KPI monitoring. Looking forward to taking on new challenges and growing professionally.",BPO
SYN_BPO_0091,"experienced BPO professional with strong customer service and communication skills. Proven expertise in complaint resolution, voice process, and customer service. Proficient in complaint resolution, voice process, and customer service. Experienced with Salesforce and JIRA. Worked as process associate for 4 years, handling non-voice process and CRM management responsibilities. Holds a COPC Certification with specialization in relevant areas. Additional expertise in data entry, chat support, and back office support. Looking forward to taking on new challenges and growing professionally.",BPO
SYN_BPO_0092,"seeking a leadership role in business process outsourcing to drive team performance. Proven expertise in data entry, client relationship, and email support. Key skills: data entry, client relationship, email support. Familiar with Zendesk. 5+ years as process associate with a strong focus on SLA management, call center operations, and team collaboration. Educational background: Diploma in Customer Service. Continuously updating skills in the field. Additional expertise in chat support, team leadership, and KPI monitoring. Looking forward to taking on new challenges and growing professionally.",BPO
SYN_BPO_0093,"experienced BPO professional with strong customer service and communication skills. Proven expertise in KPI monitoring, process improvement, and email support. Strong background in KPI monitoring with hands-on experience using Freshdesk and JIRA. Served as quality analyst at a leading organization, managing data entry and overseeing call center operations. Holds a Diploma in Customer Service with specialization in relevant areas. Additional expertise in KPI monitoring, data entry, and call center operations. Eager to leverage skills to drive organizational growth and excellence.",BPO
SYN_DES_0000,"Dynamic interaction designer specializing in UX research and motion graphics. creative UI/UX designer passionate about crafting intuitive and visually compelling user experiences. Key skills: UX research, motion graphics, mobile app design. Familiar with Adobe XD. Worked as interaction designer for 8 years, handling web design and typography responsibilities. BDes Visual Communication graduate with distinction. Committed to ongoing professional development. Additional expertise in user testing, interaction design, and UX research. Eager to leverage skills to drive organizational growth and excellence.",DESIGNER
SYN_DES_0001,"Motivated motion designer with a passion for UX research. skilled visual designer with expertise in digital and print media. Expertise spans UX research, web design, and design systems, supported by proficiency in Figma. Served as motion designer at a leading organization, managing motion graphics and overseeing user testing. Holds a BA Graphic Design with specialization in relevant areas. Additional expertise in print design, design thinking, and mobile app design. Seeking to contribute meaningfully to a forward-thinking organization.",DESIGNER
SYN_DES_0002,"Motivated motion designer with a passion for mobile app design. skilled visual designer with expertise in digital and print media. Strong background in mobile app design with hands-on experience using Photoshop and Sketch. Worked as motion designer for 7 years, handling typography and color theory responsibilities. Educational background: Google UX Design Certificate. Continuously updating skills in the field. Additional expertise in design systems, web design, and print design. Committed to continuous learning and delivering high-impact results.",DESIGNER
SYN_DES_0003,"user-centered product designer looking to bridge business goals with elegant design solutions. Proven expertise in motion graphics, UI design, and prototyping. Key skills: motion graphics, UI design, prototyping. Familiar with InDesign. Successfully delivered graphic design projects as brand designer. Collaborated cross-functionally on web design. Holds a Google UX Design Certificate with specialization in relevant areas. Additional expertise in interaction design, UI design, and design systems. Seeking to contribute meaningfully to a forward-thinking organization.",DESIGNER
SYN_DES_0004,"graphic designer with strong branding and visual communication skills seeking creative roles. Proven expertise in UX research, wireframing, and motion graphics. Strong background in UX research with hands-on experience using InDesign and Adobe XD. 7+ years as interaction designer with a strong focus on interaction design, web design, and team collaboration. Completed Adobe Certified Professional. Strong academic foundation complemented by practical experience. Additional expertise in visual design, graphic design, and color theory. Eager to leverage skills to drive organizational growth and excellence.",DESIGNER
SYN_DES_0005,"Motivated UI/UX designer with a passion for UX research. creative UI/UX designer passionate about crafting intuitive and visually compelling user experiences. Strong background in UX research with hands-on experience using InVision and Photoshop. Worked as UI/UX designer for 11 years, handling web design and mobile app design responsibilities. Completed BA Graphic Design. Strong academic foundation complemented by practical experience. Additional expertise in design systems, UX research, and color theory. Looking forward to taking on new challenges and growing professionally.",DESIGNER
SYN_DES_0006,"Dynamic graphic designer specializing in mobile app design and wireframing. skilled visual designer with expertise in digital and print media. Strong background in mobile app design with hands-on experience using InDesign and After Effects. Served as graphic designer at a leading organization, managing prototyping and overseeing branding. Holds a Adobe Certified Professional with specialization in relevant areas. Additional expertise in print design, logo design, and design systems. Committed to continuous learning and delivering high-impact results.",DESIGNER
SYN_DES_0007,"creative UI/UX designer passionate about crafting intuitive and visually compelling user experiences. Proven expertise in logo design, UX research, and web design. Strong background in logo design with hands-on experience using Figma and Adobe XD. 3+ years as interaction designer with a strong focus on interaction design, wireframing, and team collaboration. Educational background: Google UX Design Certificate. Continuously updating skills in the field. Additional expertise in user testing, UX research, and graphic design. Committed to continuous learning and delivering high-impact results.",DESIGNER
SYN_DES_0008,"Motivated graphic designer with a passion for prototyping. skilled visual designer with expertise in digital and print media. Core competencies include prototyping, mobile app design, UX research, and web design. 9+ years as graphic designer with a strong focus on web design, color theory, and team collaboration. Educational background: BA Graphic Design. Continuously updating skills in the field. Additional expertise in print design, color theory, and logo design. Eager to leverage skills to drive organizational growth and excellence.",DESIGNER
SYN_DES_0009,"Dynamic web designer specializing in design thinking and logo design. graphic designer with strong branding and visual communication skills seeking creative roles. Expertise spans design thinking, logo design, and wireframing, supported by proficiency in Adobe XD. Served as web designer at a leading organization, managing branding and overseeing motion graphics. BDes Visual Communication graduate with distinction. Committed to ongoing professional development. Additional expertise in design thinking, color theory, and graphic design. Eager to leverage skills to drive organizational growth and excellence.",DESIGNER
SYN_DES_0010,"Dynamic visual designer specializing in print design and design systems. user-centered product designer looking to bridge business goals with elegant design solutions. Core competencies include print design, design systems, prototyping, and UX research. Served as visual designer at a leading organization, managing UX research and overseeing typography. Adobe Certified Professional graduate with distinction. Committed to ongoing professional development. Additional expertise in UI design, branding, and prototyping. Committed to continuous learning and delivering high-impact results.",DESIGNER
SYN_DES_0011,"Motivated interaction designer with a passion for design thinking. graphic designer with strong branding and visual communication skills seeking creative roles. Core competencies include design thinking, UI design, branding, and UX research. Successfully delivered UX research projects as interaction designer. Collaborated cross-functionally on wireframing. Educational background: BDes Visual Communication. Continuously updating skills in the field. Additional expertise in web design, prototyping, and print design. Looking forward to taking on new challenges and growing professionally.",DESIGNER
SYN_DES_0012,"user-centered product designer looking to bridge business goals with elegant design solutions with 8 years of experience in design thinking and interaction design. Core competencies include design thinking, interaction design, design systems, and graphic design. Worked as UI/UX designer for 8 years, handling graphic design and user testing responsibilities. Completed BDes Visual Communication. Strong academic foundation complemented by practical experience. Additional expertise in interaction design, user testing, and print design. Committed to continuous learning and delivering high-impact results.",DESIGNER
SYN_DES_0013,"Motivated brand designer with a passion for visual design. graphic designer with strong branding and visual communication skills seeking creative roles. Key skills: visual design, print design, UX research. Familiar with InVision. 5+ years as brand designer with a strong focus on web design, motion graphics, and team collaboration. Educational background: BDes Visual Communication. Continuously updating skills in the field. Additional expertise in graphic design, UX research, and typography. Committed to continuous learning and delivering high-impact results.",DESIGNER
SYN_DES_0014,"Motivated web designer with a passion for branding. user-centered product designer looking to bridge business goals with elegant design solutions. Expertise spans branding, prototyping, and web design, supported by proficiency in Photoshop. Worked as web designer for 5 years, handling graphic design and color theory responsibilities. Educational background: BDes Visual Communication. Continuously updating skills in the field. Additional expertise in motion graphics, graphic design, and prototyping. Eager to leverage skills to drive organizational growth and excellence.",DESIGNER
SYN_DES_0015,"Dynamic UI/UX designer specializing in design systems and typography. creative UI/UX designer passionate about crafting intuitive and visually compelling user experiences. Key skills: design systems, typography, UI design. Familiar with InDesign. Served as UI/UX designer at a leading organization, managing color theory and overseeing design thinking. Adobe Certified Professional graduate with distinction. Committed to ongoing professional development. Additional expertise in web design, prototyping, and mobile app design. Committed to continuous learning and delivering high-impact results.",DESIGNER
SYN_DES_0016,"creative UI/UX designer passionate about crafting intuitive and visually compelling user experiences. Proven expertise in motion graphics, prototyping, and logo design. Expertise spans motion graphics, prototyping, and logo design, supported by proficiency in Photoshop. 3+ years as interaction designer with a strong focus on user testing, UX research, and team collaboration. Completed Google UX Design Certificate. Strong academic foundation complemented by practical experience. Additional expertise in interaction design, mobile app design, and wireframing. Looking forward to taking on new challenges and growing professionally.",DESIGNER
SYN_DES_0017,"user-centered product designer looking to bridge business goals with elegant design solutions. Proven expertise in design systems, UX research, and UI design. Strong background in design systems with hands-on experience using After Effects and Photoshop. Successfully delivered prototyping projects as motion designer. Collaborated cross-functionally on wireframing. Educational background: BDes Visual Communication. Continuously updating skills in the field. Additional expertise in visual design, branding, and design systems. Looking forward to taking on new challenges and growing professionally.",DESIGNER
SYN_DES_0018,"Motivated product designer with a passion for design thinking. graphic designer with strong branding and visual communication skills seeking creative roles. Expertise spans design thinking, wireframing, and visual design, supported by proficiency in Sketch. Successfully delivered motion graphics projects as product designer. Collaborated cross-functionally on web design. Educational background: BDes Visual Communication. Continuously updating skills in the field. Additional expertise in logo design, visual design, and branding. Looking forward to taking on new challenges and growing professionally.",DESIGNER
SYN_DES_0019,"Dynamic brand designer specializing in user testing and logo design. skilled visual designer with expertise in digital and print media. Strong background in user testing with hands-on experience using Adobe XD and Illustrator. Served as brand designer at a leading organization, managing graphic design and overseeing UX research. Interaction Design Foundation graduate with distinction. Committed to ongoing professional development. Additional expertise in prototyping, branding, and interaction design. Looking forward to taking on new challenges and growing professionally.",DESIGNER
SYN_DES_0020,"Dynamic web designer specializing in visual design and design thinking. graphic designer with strong branding and visual communication skills seeking creative roles. Proficient in visual design, design thinking, and color theory. Experienced with InVision and Photoshop. 8+ years as web designer with a strong focus on UI design, graphic design, and team collaboration. Completed Interaction Design Foundation. Strong academic foundation complemented by practical experience. Additional expertise in print design, design thinking, and user testing. Committed to continuous learning and delivering high-impact results.",DESIGNER
SYN_DES_0021,"creative UI/UX designer passionate about crafting intuitive and visually compelling user experiences. Proven expertise in visual design, color theory, and print design. Expertise spans visual design, color theory, and print design, supported by proficiency in Illustrator. Served as motion designer at a leading organization, managing design systems and overseeing design thinking. Educational background: Google UX Design Certificate. Continuously updating skills in the field. Additional expertise in prototyping, print design, and graphic design. Seeking to contribute meaningfully to a forward-thinking organization.",DESIGNER
SYN_DES_0022,"Dynamic motion designer specializing in design systems and wireframing. user-centered product designer looking to bridge business goals with elegant design solutions. Core competencies include design systems, wireframing, UX research, and motion graphics. 6+ years as motion designer with a strong focus on motion graphics, prototyping, and team collaboration. Educational background: BDes Visual Communication. Continuously updating skills in the field. Additional expertise in logo design, print design, and design thinking. Eager to leverage skills to drive organizational growth and excellence.",DESIGNER
SYN_DES_0023,"creative UI/UX designer passionate about crafting intuitive and visually compelling user experiences with 9 years of experience in prototyping and mobile app design. Core competencies include prototyping, mobile app design, user testing, and visual design. Served as UI/UX designer at a leading organization, managing visual design and overseeing color theory. Holds a BDes Visual Communication with specialization in relevant areas. Additional expertise in motion graphics, prototyping, and user testing. Committed to continuous learning and delivering high-impact results.",DESIGNER
SYN_DES_0024,"Dynamic brand designer specializing in mobile app design and design thinking. creative UI/UX designer passionate about crafting intuitive and visually compelling user experiences. Core competencies include mobile app design, design thinking, UI design, and visual design. 2+ years as brand designer with a strong focus on visual design, logo design, and team collaboration. Completed BDes Visual Communication. Strong academic foundation complemented by practical experience. Additional expertise in design thinking, mobile app design, and UI design. Looking forward to taking on new challenges and growing professionally.",DESIGNER
SYN_DES_0025,"Motivated interaction designer with a passion for visual design. creative UI/UX designer passionate about crafting intuitive and visually compelling user experiences. Expertise spans visual design, user testing, and web design, supported by proficiency in After Effects. Served as interaction designer at a leading organization, managing typography and overseeing UX research. BA Graphic Design graduate with distinction. Committed to ongoing professional development. Additional expertise in UI design, visual design, and user testing. Looking forward to taking on new challenges and growing professionally.",DESIGNER
SYN_DES_0026,"creative UI/UX designer passionate about crafting intuitive and visually compelling user experiences with 7 years of experience in color theory and interaction design. Proficient in color theory, interaction design, and logo design. Experienced with Illustrator and InDesign. Served as interaction designer at a leading organization, managing design systems and overseeing web design. Educational background: BA Graphic Design. Continuously updating skills in the field. Additional expertise in visual design, color theory, and wireframing. Eager to leverage skills to drive organizational growth and excellence.",DESIGNER
SYN_DES_0027,"Dynamic interaction designer specializing in visual design and motion graphics. graphic designer with strong branding and visual communication skills seeking creative roles. Proficient in visual design, motion graphics, and design thinking. Experienced with Sketch and Figma. 1+ years as interaction designer with a strong focus on graphic design, logo design, and team collaboration. Educational background: Adobe Certified Professional. Continuously updating skills in the field. Additional expertise in design systems, visual design, and mobile app design. Looking forward to taking on new challenges and growing professionally.",DESIGNER
SYN_DES_0028,"skilled visual designer with expertise in digital and print media with 9 years of experience in design systems and wireframing. Core competencies include design systems, wireframing, prototyping, and typography. Worked as web designer for 9 years, handling typography and logo design responsibilities. Educational background: Interaction Design Foundation. Continuously updating skills in the field. Additional expertise in typography, interaction design, and prototyping. Seeking to contribute meaningfully to a forward-thinking organization.",DESIGNER
SYN_DES_0029,"Motivated interaction designer with a passion for design systems. skilled visual designer with expertise in digital and print media. Expertise spans design systems, design thinking, and user testing, supported by proficiency in After Effects. 3+ years as interaction designer with a strong focus on UI design, graphic design, and team collaboration. Completed BA Graphic Design. Strong academic foundation complemented by practical experience. Additional expertise in branding, graphic design, and web design. Eager to leverage skills to drive organizational growth and excellence.",DESIGNER
SYN_DES_0030,"skilled visual designer with expertise in digital and print media. Proven expertise in print design, graphic design, and branding. Core competencies include print design, graphic design, branding, and motion graphics. Successfully delivered motion graphics projects as brand designer. Collaborated cross-functionally on logo design. Holds a Interaction Design Foundation with specialization in relevant areas. Additional expertise in UI design, web design, and typography. Eager to leverage skills to drive organizational growth and excellence.",DESIGNER
SYN_DES_0031,"creative UI/UX designer passionate about crafting intuitive and visually compelling user experiences with 1 years of experience in interaction design and branding. Core competencies include interaction design, branding, wireframing, and mobile app design. 1+ years as interaction designer with a strong focus on mobile app design, print design, and team collaboration. Completed Google UX Design Certificate. Strong academic foundation complemented by practical experience. Additional expertise in design thinking, web design, and logo design. Committed to continuous learning and delivering high-impact results.",DESIGNER
SYN_DES_0032,"Motivated product designer with a passion for typography. graphic designer with strong branding and visual communication skills seeking creative roles. Expertise spans typography, motion graphics, and branding, supported by proficiency in Sketch. Successfully delivered graphic design projects as product designer. Collaborated cross-functionally on web design. Educational background: BDes Visual Communication. Continuously updating skills in the field. Additional expertise in branding, UI design, and color theory. Eager to leverage skills to drive organizational growth and excellence.",DESIGNER
SYN_DES_0033,"Dynamic visual designer specializing in UI design and print design. graphic designer with strong branding and visual communication skills seeking creative roles. Strong background in UI design with hands-on experience using InVision and Zeplin. 8+ years as visual designer with a strong focus on interaction design, design systems, and team collaboration. Holds a BA Graphic Design with specialization in relevant areas. Additional expertise in color theory, user testing, and mobile app design. Committed to continuous learning and delivering high-impact results.",DESIGNER
SYN_DES_0034,"Dynamic web designer specializing in wireframing and typography. user-centered product designer looking to bridge business goals with elegant design solutions. Key skills: wireframing, typography, branding. Familiar with Sketch. 9+ years as web designer with a strong focus on print design, design thinking, and team collaboration. Holds a Google UX Design Certificate with specialization in relevant areas. Additional expertise in design systems, design thinking, and logo design. Eager to leverage skills to drive organizational growth and excellence.",DESIGNER
SYN_DES_0035,"Motivated web designer with a passion for design thinking. user-centered product designer looking to bridge business goals with elegant design solutions. Expertise spans design thinking, typography, and mobile app design, supported by proficiency in Figma. Served as web designer at a leading organization, managing visual design and overseeing branding. Holds a Interaction Design Foundation with specialization in relevant areas. Additional expertise in web design, print design, and prototyping. Looking forward to taking on new challenges and growing professionally.",DESIGNER
SYN_DES_0036,"user-centered product designer looking to bridge business goals with elegant design solutions with 1 years of experience in motion graphics and visual design. Expertise spans motion graphics, visual design, and user testing, supported by proficiency in Illustrator. Worked as UI/UX designer for 1 years, handling UI design and logo design responsibilities. Adobe Certified Professional graduate with distinction. Committed to ongoing professional development. Additional expertise in interaction design, visual design, and branding. Committed to continuous learning and delivering high-impact results.",DESIGNER
SYN_DES_0037,"creative UI/UX designer passionate about crafting intuitive and visually compelling user experiences with 10 years of experience in graphic design and branding. Strong background in graphic design with hands-on experience using Figma and Zeplin. Worked as UI/UX designer for 10 years, handling UX research and typography responsibilities. Completed Google UX Design Certificate. Strong academic foundation complemented by practical experience. Additional expertise in typography, UI design, and print design. Looking forward to taking on new challenges and growing professionally.",DESIGNER
SYN_DES_0038,"Motivated web designer with a passion for user testing. creative UI/UX designer passionate about crafting intuitive and visually compelling user experiences. Proficient in user testing, design thinking, and UX research. Experienced with InVision and Sketch. Served as web designer at a leading organization, managing visual design and overseeing prototyping. Adobe Certified Professional graduate with distinction. Committed to ongoing professional development. Additional expertise in UX research, motion graphics, and typography. Committed to continuous learning and delivering high-impact results.",DESIGNER
SYN_DES_0039,"user-centered product designer looking to bridge business goals with elegant design solutions with 9 years of experience in logo design and prototyping. Proficient in logo design, prototyping, and print design. Experienced with Adobe XD and Zeplin. Served as UI/UX designer at a leading organization, managing color theory and overseeing web design. Holds a Google UX Design Certificate with specialization in relevant areas. Additional expertise in branding, print design, and UI design. Eager to leverage skills to drive organizational growth and excellence.",DESIGNER
SYN_DES_0040,"Dynamic product designer specializing in color theory and web design. skilled visual designer with expertise in digital and print media. Strong background in color theory with hands-on experience using Sketch and Illustrator. Served as product designer at a leading organization, managing logo design and overseeing user testing. Completed Google UX Design Certificate. Strong academic foundation complemented by practical experience. Additional expertise in graphic design, print design, and design thinking. Eager to leverage skills to drive organizational growth and excellence.",DESIGNER
SYN_DES_0041,"Dynamic brand designer specializing in motion graphics and interaction design. graphic designer with strong branding and visual communication skills seeking creative roles. Core competencies include motion graphics, interaction design, design systems, and UX research. Worked as brand designer for 5 years, handling UX research and color theory responsibilities. BA Graphic Design graduate with distinction. Committed to ongoing professional development. Additional expertise in graphic design, typography, and design thinking. Looking forward to taking on new challenges and growing professionally.",DESIGNER
SYN_DES_0042,"user-centered product designer looking to bridge business goals with elegant design solutions. Proven expertise in mobile app design, typography, and motion graphics. Key skills: mobile app design, typography, motion graphics. Familiar with Figma. Served as product designer at a leading organization, managing prototyping and overseeing color theory. Google UX Design Certificate graduate with distinction. Committed to ongoing professional development. Additional expertise in print design, logo design, and user testing. Seeking to contribute meaningfully to a forward-thinking organization.",DESIGNER
SYN_DES_0043,"creative UI/UX designer passionate about crafting intuitive and visually compelling user experiences. Proven expertise in design thinking, visual design, and print design. Key skills: design thinking, visual design, print design. Familiar with Sketch. Served as graphic designer at a leading organization, managing branding and overseeing mobile app design. Holds a Google UX Design Certificate with specialization in relevant areas. Additional expertise in interaction design, design systems, and design thinking. Committed to continuous learning and delivering high-impact results.",DESIGNER
SYN_DES_0044,"Dynamic product designer specializing in print design and visual design. user-centered product designer looking to bridge business goals with elegant design solutions. Strong background in print design with hands-on experience using InVision and Adobe XD. Successfully delivered graphic design projects as product designer. Collaborated cross-functionally on UI design. Holds a Google UX Design Certificate with specialization in relevant areas. Additional expertise in branding, mobile app design, and design systems. Looking forward to taking on new challenges and growing professionally.",DESIGNER
SYN_DES_0045,"user-centered product designer looking to bridge business goals with elegant design solutions with 1 years of experience in wireframing and web design. Core competencies include wireframing, web design, graphic design, and user testing. Served as visual designer at a leading organization, managing user testing and overseeing branding. Educational background: BA Graphic Design. Continuously updating skills in the field. Additional expertise in web design, design systems, and wireframing. Eager to leverage skills to drive organizational growth and excellence.",DESIGNER
SYN_DES_0046,"Dynamic product designer specializing in color theory and graphic design. creative UI/UX designer passionate about crafting intuitive and visually compelling user experiences. Core competencies include color theory, graphic design, logo design, and UI design. Successfully delivered UI design projects as product designer. Collaborated cross-functionally on design systems. Interaction Design Foundation graduate with distinction. Committed to ongoing professional development. Additional expertise in interaction design, color theory, and prototyping. Committed to continuous learning and delivering high-impact results.",DESIGNER
SYN_DES_0047,"skilled visual designer with expertise in digital and print media. Proven expertise in web design, design thinking, and user testing. Core competencies include web design, design thinking, user testing, and motion graphics. 6+ years as web designer with a strong focus on motion graphics, UX research, and team collaboration. Completed BA Graphic Design. Strong academic foundation complemented by practical experience. Additional expertise in print design, mobile app design, and UI design. Committed to continuous learning and delivering high-impact results.",DESIGNER
SYN_DES_0048,"skilled visual designer with expertise in digital and print media. Proven expertise in UX research, typography, and web design. Strong background in UX research with hands-on experience using After Effects and Sketch. 4+ years as product designer with a strong focus on mobile app design, design systems, and team collaboration. BA Graphic Design graduate with distinction. Committed to ongoing professional development. Additional expertise in visual design, UX research, and motion graphics. Committed to continuous learning and delivering high-impact results.",DESIGNER
SYN_DES_0049,"creative UI/UX designer passionate about crafting intuitive and visually compelling user experiences. Proven expertise in wireframing, logo design, and prototyping. Expertise spans wireframing, logo design, and prototyping, supported by proficiency in Figma. Successfully delivered print design projects as visual designer. Collaborated cross-functionally on design thinking. Interaction Design Foundation graduate with distinction. Committed to ongoing professional development. Additional expertise in UI design, visual design, and user testing. Committed to continuous learning and delivering high-impact results.",DESIGNER
SYN_DES_0050,"user-centered product designer looking to bridge business goals with elegant design solutions. Proven expertise in prototyping, interaction design, and logo design. Key skills: prototyping, interaction design, logo design. Familiar with InDesign. Successfully delivered user testing projects as brand designer. Collaborated cross-functionally on color theory. Holds a Interaction Design Foundation with specialization in relevant areas. Additional expertise in graphic design, UI design, and print design. Looking forward to taking on new challenges and growing professionally.",DESIGNER
SYN_DES_0051,"Motivated interaction designer with a passion for web design. creative UI/UX designer passionate about crafting intuitive and visually compelling user experiences. Strong background in web design with hands-on experience using InDesign and Figma. Successfully delivered design thinking projects as interaction designer. Collaborated cross-functionally on color theory. Completed Interaction Design Foundation. Strong academic foundation complemented by practical experience. Additional expertise in web design, UI design, and motion graphics. Eager to leverage skills to drive organizational growth and excellence.",DESIGNER
SYN_DES_0052,"creative UI/UX designer passionate about crafting intuitive and visually compelling user experiences. Proven expertise in print design, web design, and UX research. Proficient in print design, web design, and UX research. Experienced with Figma and After Effects. Worked as web designer for 8 years, handling mobile app design and visual design responsibilities. Educational background: Interaction Design Foundation. Continuously updating skills in the field. Additional expertise in graphic design, visual design, and design thinking. Looking forward to taking on new challenges and growing professionally.",DESIGNER
SYN_DES_0053,"graphic designer with strong branding and visual communication skills seeking creative roles with 12 years of experience in mobile app design and interaction design. Key skills: mobile app design, interaction design, UX research. Familiar with Figma. Worked as interaction designer for 12 years, handling visual design and branding responsibilities. Completed Adobe Certified Professional. Strong academic foundation complemented by practical experience. Additional expertise in web design, design thinking, and user testing. Seeking to contribute meaningfully to a forward-thinking organization.",DESIGNER
SYN_DES_0054,"Dynamic brand designer specializing in typography and motion graphics. skilled visual designer with expertise in digital and print media. Core competencies include typography, motion graphics, web design, and visual design. Successfully delivered visual design projects as brand designer. Collaborated cross-functionally on mobile app design. Completed BDes Visual Communication. Strong academic foundation complemented by practical experience. Additional expertise in branding, motion graphics, and UX research. Committed to continuous learning and delivering high-impact results.",DESIGNER
SYN_DES_0055,"Motivated brand designer with a passion for typography. creative UI/UX designer passionate about crafting intuitive and visually compelling user experiences. Proficient in typography, UI design, and design thinking. Experienced with Illustrator and Zeplin. Served as brand designer at a leading organization, managing print design and overseeing wireframing. Educational background: Google UX Design Certificate. Continuously updating skills in the field. Additional expertise in UI design, print design, and color theory. Seeking to contribute meaningfully to a forward-thinking organization.",DESIGNER
SYN_DES_0056,"Motivated interaction designer with a passion for print design. skilled visual designer with expertise in digital and print media. Key skills: print design, user testing, visual design. Familiar with InDesign. Served as interaction designer at a leading organization, managing interaction design and overseeing motion graphics. Adobe Certified Professional graduate with distinction. Committed to ongoing professional development. Additional expertise in visual design, typography, and branding. Committed to continuous learning and delivering high-impact results.",DESIGNER
SYN_DES_0057,"Motivated motion designer with a passion for visual design. creative UI/UX designer passionate about crafting intuitive and visually compelling user experiences. Key skills: visual design, logo design, wireframing. Familiar with InDesign. Successfully delivered prototyping projects as motion designer. Collaborated cross-functionally on mobile app design. Holds a BDes Visual Communication with specialization in relevant areas. Additional expertise in graphic design, branding, and logo design. Committed to continuous learning and delivering high-impact results.",DESIGNER
SYN_DES_0058,"skilled visual designer with expertise in digital and print media. Proven expertise in user testing, graphic design, and design systems. Proficient in user testing, graphic design, and design systems. Experienced with Adobe XD and After Effects. 4+ years as UI/UX designer with a strong focus on web design, design thinking, and team collaboration. Educational background: Google UX Design Certificate. Continuously updating skills in the field. Additional expertise in branding, user testing, and design thinking. Looking forward to taking on new challenges and growing professionally.",DESIGNER
SYN_DES_0059,"Dynamic motion designer specializing in logo design and prototyping. user-centered product designer looking to bridge business goals with elegant design solutions. Key skills: logo design, prototyping, print design. Familiar with After Effects. Successfully delivered motion graphics projects as motion designer. Collaborated cross-functionally on interaction design. Completed Adobe Certified Professional. Strong academic foundation complemented by practical experience. Additional expertise in interaction design, branding, and mobile app design. Committed to continuous learning and delivering high-impact results.",DESIGNER
SYN_DES_0060,"user-centered product designer looking to bridge business goals with elegant design solutions with 8 years of experience in branding and prototyping. Expertise spans branding, prototyping, and user testing, supported by proficiency in After Effects. Served as UI/UX designer at a leading organization, managing web design and overseeing print design. Educational background: Adobe Certified Professional. Continuously updating skills in the field. Additional expertise in mobile app design, wireframing, and design thinking. Seeking to contribute meaningfully to a forward-thinking organization.",DESIGNER
SYN_DES_0061,"skilled visual designer with expertise in digital and print media. Proven expertise in wireframing, logo design, and UI design. Key skills: wireframing, logo design, UI design. Familiar with After Effects. 11+ years as product designer with a strong focus on mobile app design, web design, and team collaboration. Educational background: BA Graphic Design. Continuously updating skills in the field. Additional expertise in branding, visual design, and typography. Looking forward to taking on new challenges and growing professionally.",DESIGNER
SYN_DES_0062,"creative UI/UX designer passionate about crafting intuitive and visually compelling user experiences with 4 years of experience in interaction design and design systems. Expertise spans interaction design, design systems, and color theory, supported by proficiency in Photoshop. 4+ years as brand designer with a strong focus on print design, web design, and team collaboration. Educational background: BDes Visual Communication. Continuously updating skills in the field. Additional expertise in color theory, interaction design, and wireframing. Seeking to contribute meaningfully to a forward-thinking organization.",DESIGNER
SYN_DES_0063,"Dynamic motion designer specializing in wireframing and design thinking. skilled visual designer with expertise in digital and print media. Proficient in wireframing, design thinking, and motion graphics. Experienced with Adobe XD and Figma. 7+ years as motion designer with a strong focus on interaction design, logo design, and team collaboration. Adobe Certified Professional graduate with distinction. Committed to ongoing professional development. Additional expertise in UX research, logo design, and user testing. Committed to continuous learning and delivering high-impact results.",DESIGNER
SYN_DES_0064,"Dynamic graphic designer specializing in prototyping and branding. graphic designer with strong branding and visual communication skills seeking creative roles. Core competencies include prototyping, branding, logo design, and typography. 5+ years as graphic designer with a strong focus on typography, print design, and team collaboration. Holds a BDes Visual Communication with specialization in relevant areas. Additional expertise in print design, wireframing, and interaction design. Committed to continuous learning and delivering high-impact results.",DESIGNER
SYN_DES_0065,"user-centered product designer looking to bridge business goals with elegant design solutions. Proven expertise in interaction design, print design, and design systems. Core competencies include interaction design, print design, design systems, and logo design. 12+ years as brand designer with a strong focus on logo design, graphic design, and team collaboration. Holds a Google UX Design Certificate with specialization in relevant areas. Additional expertise in color theory, logo design, and mobile app design. Looking forward to taking on new challenges and growing professionally.",DESIGNER
SYN_DES_0066,"Motivated visual designer with a passion for interaction design. user-centered product designer looking to bridge business goals with elegant design solutions. Key skills: interaction design, web design, graphic design. Familiar with Sketch. 8+ years as visual designer with a strong focus on logo design, user testing, and team collaboration. Educational background: Adobe Certified Professional. Continuously updating skills in the field. Additional expertise in UI design, typography, and web design. Eager to leverage skills to drive organizational growth and excellence.",DESIGNER
SYN_DES_0067,"Dynamic brand designer specializing in branding and logo design. skilled visual designer with expertise in digital and print media. Core competencies include branding, logo design, graphic design, and web design. Successfully delivered web design projects as brand designer. Collaborated cross-functionally on design thinking. Educational background: Google UX Design Certificate. Continuously updating skills in the field. Additional expertise in visual design, user testing, and UI design. Seeking to contribute meaningfully to a forward-thinking organization.",DESIGNER
SYN_DES_0068,"graphic designer with strong branding and visual communication skills seeking creative roles with 4 years of experience in graphic design and motion graphics. Expertise spans graphic design, motion graphics, and prototyping, supported by proficiency in Zeplin. Served as product designer at a leading organization, managing print design and overseeing visual design. Educational background: Google UX Design Certificate. Continuously updating skills in the field. Additional expertise in logo design, UX research, and user testing. Seeking to contribute meaningfully to a forward-thinking organization.",DESIGNER
SYN_DES_0069,"Dynamic graphic designer specializing in interaction design and mobile app design. creative UI/UX designer passionate about crafting intuitive and visually compelling user experiences. Core competencies include interaction design, mobile app design, color theory, and prototyping. Worked as graphic designer for 1 years, handling prototyping and graphic design responsibilities. Completed Google UX Design Certificate. Strong academic foundation complemented by practical experience. Additional expertise in design systems, motion graphics, and wireframing. Eager to leverage skills to drive organizational growth and excellence.",DESIGNER
SYN_DES_0070,"user-centered product designer looking to bridge business goals with elegant design solutions with 1 years of experience in typography and color theory. Strong background in typography with hands-on experience using Zeplin and InVision. Worked as visual designer for 1 years, handling web design and user testing responsibilities. Educational background: Adobe Certified Professional. Continuously updating skills in the field. Additional expertise in visual design, prototyping, and interaction design. Seeking to contribute meaningfully to a forward-thinking organization.",DESIGNER
SYN_DES_0071,"Dynamic product designer specializing in visual design and web design. graphic designer with strong branding and visual communication skills seeking creative roles. Proficient in visual design, web design, and UI design. Experienced with Zeplin and Photoshop. 10+ years as product designer with a strong focus on mobile app design, typography, and team collaboration. BDes Visual Communication graduate with distinction. Committed to ongoing professional development. Additional expertise in motion graphics, visual design, and branding. Looking forward to taking on new challenges and growing professionally.",DESIGNER
SYN_DES_0072,"user-centered product designer looking to bridge business goals with elegant design solutions. Proven expertise in color theory, print design, and motion graphics. Key skills: color theory, print design, motion graphics. Familiar with Illustrator. Worked as brand designer for 9 years, handling mobile app design and visual design responsibilities. Completed Google UX Design Certificate. Strong academic foundation complemented by practical experience. Additional expertise in mobile app design, visual design, and design systems. Eager to leverage skills to drive organizational growth and excellence.",DESIGNER
SYN_DES_0073,"Motivated graphic designer with a passion for interaction design. user-centered product designer looking to bridge business goals with elegant design solutions. Strong background in interaction design with hands-on experience using Photoshop and InVision. Successfully delivered prototyping projects as graphic designer. Collaborated cross-functionally on user testing. Holds a Interaction Design Foundation with specialization in relevant areas. Additional expertise in web design, typography, and graphic design. Looking forward to taking on new challenges and growing professionally.",DESIGNER
SYN_DES_0074,"Motivated product designer with a passion for branding. graphic designer with strong branding and visual communication skills seeking creative roles. Key skills: branding, print design, visual design. Familiar with After Effects. 3+ years as product designer with a strong focus on mobile app design, web design, and team collaboration. Completed Interaction Design Foundation. Strong academic foundation complemented by practical experience. Additional expertise in graphic design, web design, and print design. Looking forward to taking on new challenges and growing professionally.",DESIGNER
SYN_DES_0075,"skilled visual designer with expertise in digital and print media. Proven expertise in user testing, design thinking, and UI design. Key skills: user testing, design thinking, UI design. Familiar with After Effects. 10+ years as interaction designer with a strong focus on design systems, typography, and team collaboration. Holds a Google UX Design Certificate with specialization in relevant areas. Additional expertise in typography, design systems, and motion graphics. Looking forward to taking on new challenges and growing professionally.",DESIGNER
SYN_DES_0076,"skilled visual designer with expertise in digital and print media. Proven expertise in print design, typography, and mobile app design. Core competencies include print design, typography, mobile app design, and web design. 7+ years as UI/UX designer with a strong focus on web design, motion graphics, and team collaboration. Google UX Design Certificate graduate with distinction. Committed to ongoing professional development. Additional expertise in visual design, UX research, and user testing. Committed to continuous learning and delivering high-impact results.",DESIGNER
SYN_DES_0077,"Dynamic brand designer specializing in prototyping and UX research. skilled visual designer with expertise in digital and print media. Core competencies include prototyping, UX research, print design, and graphic design. Worked as brand designer for 1 years, handling graphic design and motion graphics responsibilities. Completed Adobe Certified Professional. Strong academic foundation complemented by practical experience. Additional expertise in design thinking, graphic design, and mobile app design. Looking forward to taking on new challenges and growing professionally.",DESIGNER
SYN_DES_0078,"Motivated graphic designer with a passion for design systems. graphic designer with strong branding and visual communication skills seeking creative roles. Key skills: design systems, motion graphics, web design. Familiar with Adobe XD. Served as graphic designer at a leading organization, managing logo design and overseeing UI design. Educational background: Interaction Design Foundation. Continuously updating skills in the field. Additional expertise in print design, interaction design, and color theory. Committed to continuous learning and delivering high-impact results.",DESIGNER
SYN_DES_0079,"user-centered product designer looking to bridge business goals with elegant design solutions with 5 years of experience in UI design and graphic design. Expertise spans UI design, graphic design, and prototyping, supported by proficiency in After Effects. Worked as web designer for 5 years, handling print design and typography responsibilities. Completed BA Graphic Design. Strong academic foundation complemented by practical experience. Additional expertise in UI design, design thinking, and UX research. Looking forward to taking on new challenges and growing professionally.",DESIGNER
SYN_DES_0080,"user-centered product designer looking to bridge business goals with elegant design solutions with 11 years of experience in wireframing and design systems. Expertise spans wireframing, design systems, and mobile app design, supported by proficiency in InVision. Successfully delivered motion graphics projects as brand designer. Collaborated cross-functionally on user testing. Educational background: Adobe Certified Professional. Continuously updating skills in the field. Additional expertise in wireframing, design thinking, and motion graphics. Committed to continuous learning and delivering high-impact results.",DESIGNER
SYN_DES_0081,"Dynamic visual designer specializing in print design and interaction design. creative UI/UX designer passionate about crafting intuitive and visually compelling user experiences. Proficient in print design, interaction design, and design thinking. Experienced with Illustrator and Figma. Worked as visual designer for 3 years, handling mobile app design and UI design responsibilities. Educational background: Google UX Design Certificate. Continuously updating skills in the field. Additional expertise in print design, design thinking, and graphic design. Looking forward to taking on new challenges and growing professionally.",DESIGNER
SYN_DES_0082,"skilled visual designer with expertise in digital and print media with 11 years of experience in typography and logo design. Proficient in typography, logo design, and graphic design. Experienced with Photoshop and Illustrator. Worked as web designer for 11 years, handling prototyping and user testing responsibilities. Educational background: Adobe Certified Professional. Continuously updating skills in the field. Additional expertise in design systems, logo design, and wireframing. Looking forward to taking on new challenges and growing professionally.",DESIGNER
SYN_DES_0083,"Dynamic product designer specializing in branding and design thinking. graphic designer with strong branding and visual communication skills seeking creative roles. Proficient in branding, design thinking, and motion graphics. Experienced with InDesign and Figma. Successfully delivered prototyping projects as product designer. Collaborated cross-functionally on interaction design. Holds a BA Graphic Design with specialization in relevant areas. Additional expertise in interaction design, typography, and user testing. Seeking to contribute meaningfully to a forward-thinking organization.",DESIGNER
SYN_DES_0084,"graphic designer with strong branding and visual communication skills seeking creative roles. Proven expertise in user testing, prototyping, and wireframing. Proficient in user testing, prototyping, and wireframing. Experienced with InVision and Adobe XD. Successfully delivered visual design projects as interaction designer. Collaborated cross-functionally on motion graphics. Completed Interaction Design Foundation. Strong academic foundation complemented by practical experience. Additional expertise in print design, design thinking, and typography. Eager to leverage skills to drive organizational growth and excellence.",DESIGNER
SYN_DES_0085,"user-centered product designer looking to bridge business goals with elegant design solutions with 9 years of experience in prototyping and interaction design. Strong background in prototyping with hands-on experience using After Effects and InVision. 9+ years as web designer with a strong focus on visual design, typography, and team collaboration. Completed Interaction Design Foundation. Strong academic foundation complemented by practical experience. Additional expertise in wireframing, design thinking, and web design. Eager to leverage skills to drive organizational growth and excellence.",DESIGNER
SYN_DES_0086,"creative UI/UX designer passionate about crafting intuitive and visually compelling user experiences. Proven expertise in print design, UX research, and graphic design. Core competencies include print design, UX research, graphic design, and design thinking. Successfully delivered design thinking projects as motion designer. Collaborated cross-functionally on prototyping. Holds a Interaction Design Foundation with specialization in relevant areas. Additional expertise in UX research, typography, and web design. Looking forward to taking on new challenges and growing professionally.",DESIGNER
SYN_DES_0087,"graphic designer with strong branding and visual communication skills seeking creative roles. Proven expertise in mobile app design, graphic design, and branding. Strong background in mobile app design with hands-on experience using Sketch and Figma. Successfully delivered visual design projects as visual designer. Collaborated cross-functionally on UX research. Completed Interaction Design Foundation. Strong academic foundation complemented by practical experience. Additional expertise in motion graphics, print design, and UI design. Seeking to contribute meaningfully to a forward-thinking organization.",DESIGNER
SYN_DES_0088,"creative UI/UX designer passionate about crafting intuitive and visually compelling user experiences with 12 years of experience in graphic design and design thinking. Proficient in graphic design, design thinking, and UX research. Experienced with InVision and Sketch. 12+ years as UI/UX designer with a strong focus on motion graphics, typography, and team collaboration. Educational background: Interaction Design Foundation. Continuously updating skills in the field. Additional expertise in wireframing, design thinking, and design systems. Seeking to contribute meaningfully to a forward-thinking organization.",DESIGNER
SYN_DES_0089,"skilled visual designer with expertise in digital and print media with 3 years of experience in UI design and web design. Key skills: UI design, web design, visual design. Familiar with InDesign. Successfully delivered color theory projects as interaction designer. Collaborated cross-functionally on graphic design. Educational background: Interaction Design Foundation. Continuously updating skills in the field. Additional expertise in graphic design, color theory, and design systems. Eager to leverage skills to drive organizational growth and excellence.",DESIGNER
SYN_DES_0090,"Dynamic graphic designer specializing in prototyping and color theory. skilled visual designer with expertise in digital and print media. Expertise spans prototyping, color theory, and mobile app design, supported by proficiency in Illustrator. 5+ years as graphic designer with a strong focus on graphic design, wireframing, and team collaboration. Educational background: BDes Visual Communication. Continuously updating skills in the field. Additional expertise in print design, design thinking, and logo design. Eager to leverage skills to drive organizational growth and excellence.",DESIGNER
SYN_DES_0091,"graphic designer with strong branding and visual communication skills seeking creative roles with 3 years of experience in UI design and graphic design. Expertise spans UI design, graphic design, and UX research, supported by proficiency in Sketch. Successfully delivered design thinking projects as motion designer. Collaborated cross-functionally on user testing. BDes Visual Communication graduate with distinction. Committed to ongoing professional development. Additional expertise in logo design, typography, and user testing. Committed to continuous learning and delivering high-impact results.",DESIGNER
SYN_DES_0092,"Motivated interaction designer with a passion for interaction design. user-centered product designer looking to bridge business goals with elegant design solutions. Strong background in interaction design with hands-on experience using InDesign and InVision. Successfully delivered print design projects as interaction designer. Collaborated cross-functionally on user testing. Adobe Certified Professional graduate with distinction. Committed to ongoing professional development. Additional expertise in prototyping, print design, and motion graphics. Seeking to contribute meaningfully to a forward-thinking organization.",DESIGNER
SYN_HR_0000,"Motivated training coordinator with a passion for training and development. seeking an HR business partner role to align people strategy with organizational goals. Strong background in training and development with hands-on experience using Zoho People and BambooHR. Successfully delivered recruitment projects as training coordinator. Collaborated cross-functionally on conflict resolution. MBA Human Resources graduate with distinction. Committed to ongoing professional development. Additional expertise in onboarding, performance management, and HR policy. Eager to leverage skills to drive organizational growth and excellence.",HR
SYN_HR_0001,"seeking an HR business partner role to align people strategy with organizational goals. Proven expertise in labor law compliance, employee relations, and compensation and benefits. Expertise spans labor law compliance, employee relations, and compensation and benefits, supported by proficiency in SAP HR. Served as recruitment officer at a leading organization, managing exit interviews and overseeing HRIS. Completed MBA Human Resources. Strong academic foundation complemented by practical experience. Additional expertise in performance management, payroll processing, and organizational development. Eager to leverage skills to drive organizational growth and excellence.",HR
SYN_HR_0002,"Motivated HR business partner with a passion for HRIS. HR specialist with expertise in end-to-end recruitment and talent management. Core competencies include HRIS, recruitment, HR policy, and employee relations. 4+ years as HR business partner with a strong focus on employee relations, HR analytics, and team collaboration. Holds a Diploma in HR Management with specialization in relevant areas. Additional expertise in onboarding, HRIS, and labor law compliance. Looking forward to taking on new challenges and growing professionally.",HR
SYN_HR_0003,"Dynamic talent acquisition specialist specializing in employee relations and conflict resolution. HR specialist with expertise in end-to-end recruitment and talent management. Expertise spans employee relations, conflict resolution, and exit interviews, supported by proficiency in ATS systems. Served as talent acquisition specialist at a leading organization, managing onboarding and overseeing workforce planning. Educational background: MBA Human Resources. Continuously updating skills in the field. Additional expertise in labor law compliance, onboarding, and payroll processing. Looking forward to taking on new challenges and growing professionally.",HR
SYN_HR_0004,"Motivated training coordinator with a passion for HR analytics. seeking an HR business partner role to align people strategy with organizational goals. Expertise spans HR analytics, employee relations, and organizational development, supported by proficiency in SAP HR. Worked as training coordinator for 4 years, handling conflict resolution and workforce planning responsibilities. MBA Human Resources graduate with distinction. Committed to ongoing professional development. Additional expertise in training and development, HR analytics, and employee relations. Seeking to contribute meaningfully to a forward-thinking organization.",HR
SYN_HR_0005,"passionate about employee development and creating inclusive workplace environments. Proven expertise in recruitment, workforce planning, and exit interviews. Key skills: recruitment, workforce planning, exit interviews. Familiar with ATS systems. 5+ years as HR business partner with a strong focus on employee relations, diversity and inclusion, and team collaboration. Educational background: MBA Human Resources. Continuously updating skills in the field. Additional expertise in diversity and inclusion, payroll processing, and recruitment. Looking forward to taking on new challenges and growing professionally.",HR
SYN_HR_0006,"Motivated people operations manager with a passion for payroll processing. HR specialist with expertise in end-to-end recruitment and talent management. Key skills: payroll processing, HRIS, exit interviews. Familiar with BambooHR. 1+ years as people operations manager with a strong focus on labor law compliance, HR analytics, and team collaboration. Completed HRCI Certification. Strong academic foundation complemented by practical experience. Additional expertise in onboarding, talent acquisition, and recruitment. Committed to continuous learning and delivering high-impact results.",HR
SYN_HR_0007,"Dynamic people operations manager specializing in HRIS and payroll processing. HR specialist with expertise in end-to-end recruitment and talent management. Expertise spans HRIS, payroll processing, and workforce planning, supported by proficiency in LinkedIn Recruiter. Successfully delivered exit interviews projects as people operations manager. Collaborated cross-functionally on labor law compliance. Holds a BSc Psychology with specialization in relevant areas. Additional expertise in payroll processing, diversity and inclusion, and compensation and benefits. Seeking to contribute meaningfully to a forward-thinking organization.",HR
SYN_HR_0008,"Dynamic recruitment officer specializing in recruitment and labor law compliance. HR specialist with expertise in end-to-end recruitment and talent management. Key skills: recruitment, labor law compliance, organizational development. Familiar with LinkedIn Recruiter. Worked as recruitment officer for 7 years, handling workforce planning and training and development responsibilities. Educational background: SHRM-CP. Continuously updating skills in the field. Additional expertise in performance management, talent acquisition, and organizational development. Looking forward to taking on new challenges and growing professionally.",HR
SYN_HR_0009,"Dynamic HR executive specializing in HR analytics and HRIS. experienced HR professional dedicated to attracting top talent and fostering a positive work culture. Proficient in HR analytics, HRIS, and performance management. Experienced with BambooHR and Workday. 12+ years as HR executive with a strong focus on exit interviews, organizational development, and team collaboration. HRCI Certification graduate with distinction. Committed to ongoing professional development. Additional expertise in HRIS, performance management, and payroll processing. Looking forward to taking on new challenges and growing professionally.",HR
SYN_HR_0010,"HR specialist with expertise in end-to-end recruitment and talent management with 2 years of experience in organizational development and labor law compliance. Key skills: organizational development, labor law compliance, compensation and benefits. Familiar with BambooHR. 2+ years as payroll specialist with a strong focus on HRIS, conflict resolution, and team collaboration. BSc Psychology graduate with distinction. Committed to ongoing professional development. Additional expertise in performance management, workforce planning, and payroll processing. Looking forward to taking on new challenges and growing professionally.",HR
SYN_HR_0011,"Motivated payroll specialist with a passion for performance management. HR specialist with expertise in end-to-end recruitment and talent management. Expertise spans performance management, diversity and inclusion, and conflict resolution, supported by proficiency in LinkedIn Recruiter. Served as payroll specialist at a leading organization, managing talent acquisition and overseeing recruitment. SHRM-CP graduate with distinction. Committed to ongoing professional development. Additional expertise in onboarding, HR policy, and recruitment. Seeking to contribute meaningfully to a forward-thinking organization.",HR
SYN_HR_0012,"passionate about employee development and creating inclusive workplace environments with 9 years of experience in labor law compliance and workforce planning. Strong background in labor law compliance with hands-on experience using PeopleSoft and BambooHR. Served as HR executive at a leading organization, managing HR policy and overseeing recruitment. BSc Psychology graduate with distinction. Committed to ongoing professional development. Additional expertise in recruitment, training and development, and HRIS. Eager to leverage skills to drive organizational growth and excellence.",HR
SYN_HR_0013,"seeking an HR business partner role to align people strategy with organizational goals with 12 years of experience in training and development and diversity and inclusion. Strong background in training and development with hands-on experience using PeopleSoft and Workday. Served as HR manager at a leading organization, managing payroll processing and overseeing conflict resolution. Holds a HRCI Certification with specialization in relevant areas. Additional expertise in conflict resolution, HR analytics, and HR policy. Eager to leverage skills to drive organizational growth and excellence.",HR
SYN_HR_0014,"HR specialist with expertise in end-to-end recruitment and talent management. Proven expertise in workforce planning, HRIS, and labor law compliance. Strong background in workforce planning with hands-on experience using ATS systems and BambooHR. 11+ years as HR business partner with a strong focus on diversity and inclusion, performance management, and team collaboration. Holds a Diploma in HR Management with specialization in relevant areas. Additional expertise in employee relations, organizational development, and exit interviews. Eager to leverage skills to drive organizational growth and excellence.",HR
SYN_HR_0015,"HR specialist with expertise in end-to-end recruitment and talent management. Proven expertise in organizational development, payroll processing, and workforce planning. Key skills: organizational development, payroll processing, workforce planning. Familiar with Zoho People. 9+ years as talent acquisition specialist with a strong focus on exit interviews, compensation and benefits, and team collaboration. Holds a Diploma in HR Management with specialization in relevant areas. Additional expertise in HR analytics, diversity and inclusion, and training and development. Committed to continuous learning and delivering high-impact results.",HR
SYN_HR_0016,"HR specialist with expertise in end-to-end recruitment and talent management with 9 years of experience in recruitment and labor law compliance. Strong background in recruitment with hands-on experience using SAP HR and Zoho People. 9+ years as HR business partner with a strong focus on exit interviews, conflict resolution, and team collaboration. Holds a MBA Human Resources with specialization in relevant areas. Additional expertise in conflict resolution, exit interviews, and labor law compliance. Eager to leverage skills to drive organizational growth and excellence.",HR
SYN_HR_0017,"Motivated recruitment officer with a passion for compensation and benefits. passionate about employee development and creating inclusive workplace environments. Proficient in compensation and benefits, organizational development, and payroll processing. Experienced with ATS systems and Workday. Worked as recruitment officer for 9 years, handling diversity and inclusion and workforce planning responsibilities. Completed HRCI Certification. Strong academic foundation complemented by practical experience. Additional expertise in payroll processing, onboarding, and compensation and benefits. Seeking to contribute meaningfully to a forward-thinking organization.",HR
SYN_HR_0018,"seeking an HR business partner role to align people strategy with organizational goals with 10 years of experience in performance management and diversity and inclusion. Key skills: performance management, diversity and inclusion, talent acquisition. Familiar with SAP HR. Successfully delivered organizational development projects as HR business partner. Collaborated cross-functionally on training and development. BSc Psychology graduate with distinction. Committed to ongoing professional development. Additional expertise in workforce planning, conflict resolution, and onboarding. Looking forward to taking on new challenges and growing professionally.",HR
SYN_HR_0019,"Motivated talent acquisition specialist with a passion for exit interviews. passionate about employee development and creating inclusive workplace environments. Proficient in exit interviews, HRIS, and training and development. Experienced with ATS systems and Workday. 3+ years as talent acquisition specialist with a strong focus on recruitment, onboarding, and team collaboration. SHRM-CP graduate with distinction. Committed to ongoing professional development. Additional expertise in payroll processing, HRIS, and talent acquisition. Seeking to contribute meaningfully to a forward-thinking organization.",HR
SYN_HR_0020,"Motivated payroll specialist with a passion for diversity and inclusion. seeking an HR business partner role to align people strategy with organizational goals. Proficient in diversity and inclusion, talent acquisition, and conflict resolution. Experienced with SAP HR and LinkedIn Recruiter. Served as payroll specialist at a leading organization, managing performance management and overseeing HR policy. Educational background: MBA Human Resources. Continuously updating skills in the field. Additional expertise in conflict resolution, performance management, and HRIS. Eager to leverage skills to drive organizational growth and excellence.",HR
SYN_HR_0021,"passionate about employee development and creating inclusive workplace environments with 10 years of experience in performance management and HR analytics. Expertise spans performance management, HR analytics, and labor law compliance, supported by proficiency in LinkedIn Recruiter. Worked as talent acquisition specialist for 10 years, handling exit interviews and workforce planning responsibilities. Holds a BSc Psychology with specialization in relevant areas. Additional expertise in compensation and benefits, diversity and inclusion, and recruitment. Looking forward to taking on new challenges and growing professionally.",HR
SYN_HR_0022,"HR specialist with expertise in end-to-end recruitment and talent management with 4 years of experience in employee relations and organizational development. Strong background in employee relations with hands-on experience using PeopleSoft and ATS systems. Served as HR business partner at a leading organization, managing conflict resolution and overseeing HRIS. Completed MBA Human Resources. Strong academic foundation complemented by practical experience. Additional expertise in employee relations, training and development, and exit interviews. Committed to continuous learning and delivering high-impact results.",HR
SYN_HR_0023,"Dynamic training coordinator specializing in conflict resolution and payroll processing. passionate about employee development and creating inclusive workplace environments. Expertise spans conflict resolution, payroll processing, and exit interviews, supported by proficiency in Zoho People. Served as training coordinator at a leading organization, managing HRIS and overseeing recruitment. Completed MBA Human Resources. Strong academic foundation complemented by practical experience. Additional expertise in organizational development, employee relations, and training and development. Eager to leverage skills to drive organizational growth and excellence.",HR
SYN_HR_0024,"Dynamic training coordinator specializing in onboarding and conflict resolution. HR specialist with expertise in end-to-end recruitment and talent management. Strong background in onboarding with hands-on experience using LinkedIn Recruiter and ATS systems. Successfully delivered training and development projects as training coordinator. Collaborated cross-functionally on recruitment. Completed HRCI Certification. Strong academic foundation complemented by practical experience. Additional expertise in recruitment, diversity and inclusion, and payroll processing. Seeking to contribute meaningfully to a forward-thinking organization.",HR
SYN_HR_0025,"experienced HR professional dedicated to attracting top talent and fostering a positive work culture. Proven expertise in talent acquisition, recruitment, and employee relations. Expertise spans talent acquisition, recruitment, and employee relations, supported by proficiency in LinkedIn Recruiter. 9+ years as HR business partner with a strong focus on HR policy, payroll processing, and team collaboration. Holds a SHRM-CP with specialization in relevant areas. Additional expertise in HR policy, payroll processing, and training and development. Eager to leverage skills to drive organizational growth and excellence.",HR
SYN_HR_0026,"seeking an HR business partner role to align people strategy with organizational goals. Proven expertise in HR policy, talent acquisition, and conflict resolution. Strong background in HR policy with hands-on experience using SAP HR and BambooHR. Served as payroll specialist at a leading organization, managing diversity and inclusion and overseeing payroll processing. MBA Human Resources graduate with distinction. Committed to ongoing professional development. Additional expertise in training and development, labor law compliance, and HR analytics. Committed to continuous learning and delivering high-impact results.",HR
SYN_HR_0027,"Dynamic HR business partner specializing in HRIS and exit interviews. seeking an HR business partner role to align people strategy with organizational goals. Proficient in HRIS, exit interviews, and organizational development. Experienced with BambooHR and Workday. Successfully delivered compensation and benefits projects as HR business partner. Collaborated cross-functionally on labor law compliance. BSc Psychology graduate with distinction. Committed to ongoing professional development. Additional expertise in workforce planning, HRIS, and exit interviews. Eager to leverage skills to drive organizational growth and excellence.",HR
SYN_HR_0028,"experienced HR professional dedicated to attracting top talent and fostering a positive work culture with 11 years of experience in workforce planning and recruitment. Proficient in workforce planning, recruitment, and labor law compliance. Experienced with Zoho People and PeopleSoft. Worked as HR executive for 11 years, handling diversity and inclusion and training and development responsibilities. Educational background: Diploma in HR Management. Continuously updating skills in the field. Additional expertise in conflict resolution, onboarding, and diversity and inclusion. Looking forward to taking on new challenges and growing professionally.",HR
SYN_HR_0029,"passionate about employee development and creating inclusive workplace environments. Proven expertise in compensation and benefits, diversity and inclusion, and exit interviews. Proficient in compensation and benefits, diversity and inclusion, and exit interviews. Experienced with PeopleSoft and SAP HR. Successfully delivered conflict resolution projects as HR executive. Collaborated cross-functionally on employee relations. Educational background: HRCI Certification. Continuously updating skills in the field. Additional expertise in employee relations, recruitment, and training and development. Committed to continuous learning and delivering high-impact results.",HR
SYN_HR_0030,"Motivated talent acquisition specialist with a passion for performance management. experienced HR professional dedicated to attracting top talent and fostering a positive work culture. Key skills: performance management, onboarding, workforce planning. Familiar with Workday. Served as talent acquisition specialist at a leading organization, managing labor law compliance and overseeing HR analytics. BSc Psychology graduate with distinction. Committed to ongoing professional development. Additional expertise in recruitment, HR policy, and workforce planning. Eager to leverage skills to drive organizational growth and excellence.",HR
SYN_HR_0031,"Dynamic HR manager specializing in organizational development and HRIS. experienced HR professional dedicated to attracting top talent and fostering a positive work culture. Key skills: organizational development, HRIS, HR analytics. Familiar with Workday. Served as HR manager at a leading organization, managing onboarding and overseeing performance management. Completed Diploma in HR Management. Strong academic foundation complemented by practical experience. Additional expertise in diversity and inclusion, onboarding, and payroll processing. Eager to leverage skills to drive organizational growth and excellence.",HR
SYN_HR_0032,"Motivated payroll specialist with a passion for onboarding. experienced HR professional dedicated to attracting top talent and fostering a positive work culture. Proficient in onboarding, training and development, and compensation and benefits. Experienced with Workday and PeopleSoft. Worked as payroll specialist for 8 years, handling HRIS and employee relations responsibilities. Holds a HRCI Certification with specialization in relevant areas. Additional expertise in exit interviews, talent acquisition, and compensation and benefits. Eager to leverage skills to drive organizational growth and excellence.",HR
SYN_HR_0033,"seeking an HR business partner role to align people strategy with organizational goals with 2 years of experience in training and development and talent acquisition. Core competencies include training and development, talent acquisition, HR policy, and conflict resolution. Worked as payroll specialist for 2 years, handling conflict resolution and compensation and benefits responsibilities. Holds a MBA Human Resources with specialization in relevant areas. Additional expertise in talent acquisition, conflict resolution, and HR analytics. Committed to continuous learning and delivering high-impact results.",HR
SYN_HR_0034,"Motivated training coordinator with a passion for conflict resolution. seeking an HR business partner role to align people strategy with organizational goals. Core competencies include conflict resolution, HRIS, performance management, and organizational development. Served as training coordinator at a leading organization, managing organizational development and overseeing training and development. Completed HRCI Certification. Strong academic foundation complemented by practical experience. Additional expertise in performance management, workforce planning, and employee relations. Eager to leverage skills to drive organizational growth and excellence.",HR
SYN_HR_0035,"passionate about employee development and creating inclusive workplace environments. Proven expertise in recruitment, HR analytics, and HR policy. Key skills: recruitment, HR analytics, HR policy. Familiar with ATS systems. Successfully delivered labor law compliance projects as HR manager. Collaborated cross-functionally on HRIS. HRCI Certification graduate with distinction. Committed to ongoing professional development. Additional expertise in HR analytics, diversity and inclusion, and training and development. Committed to continuous learning and delivering high-impact results.",HR
SYN_HR_0036,"passionate about employee development and creating inclusive workplace environments. Proven expertise in workforce planning, employee relations, and labor law compliance. Expertise spans workforce planning, employee relations, and labor law compliance, supported by proficiency in Workday. 11+ years as payroll specialist with a strong focus on HRIS, payroll processing, and team collaboration. SHRM-CP graduate with distinction. Committed to ongoing professional development. Additional expertise in exit interviews, labor law compliance, and organizational development. Looking forward to taking on new challenges and growing professionally.",HR
SYN_HR_0037,"HR specialist with expertise in end-to-end recruitment and talent management. Proven expertise in HR analytics, compensation and benefits, and diversity and inclusion. Strong background in HR analytics with hands-on experience using ATS systems and SAP HR. Served as training coordinator at a leading organization, managing exit interviews and overseeing workforce planning. BSc Psychology graduate with distinction. Committed to ongoing professional development. Additional expertise in diversity and inclusion, exit interviews, and onboarding. Committed to continuous learning and delivering high-impact results.",HR
SYN_HR_0038,"Dynamic recruitment officer specializing in employee relations and workforce planning. seeking an HR business partner role to align people strategy with organizational goals. Core competencies include employee relations, workforce planning, compensation and benefits, and conflict resolution. Served as recruitment officer at a leading organization, managing conflict resolution and overseeing exit interviews. HRCI Certification graduate with distinction. Committed to ongoing professional development. Additional expertise in organizational development, recruitment, and diversity and inclusion. Seeking to contribute meaningfully to a forward-thinking organization.",HR
SYN_HR_0039,"experienced HR professional dedicated to attracting top talent and fostering a positive work culture with 1 years of experience in organizational development and onboarding. Strong background in organizational development with hands-on experience using Workday and PeopleSoft. 1+ years as talent acquisition specialist with a strong focus on HR analytics, payroll processing, and team collaboration. MBA Human Resources graduate with distinction. Committed to ongoing professional development. Additional expertise in conflict resolution, organizational development, and labor law compliance. Eager to leverage skills to drive organizational growth and excellence.",HR
SYN_HR_0040,"Dynamic HR executive specializing in performance management and exit interviews. seeking an HR business partner role to align people strategy with organizational goals. Strong background in performance management with hands-on experience using Workday and LinkedIn Recruiter. Served as HR executive at a leading organization, managing HRIS and overseeing compensation and benefits. Holds a MBA Human Resources with specialization in relevant areas. Additional expertise in employee relations, HR analytics, and recruitment. Seeking to contribute meaningfully to a forward-thinking organization.",HR
SYN_HR_0041,"Dynamic training coordinator specializing in performance management and talent acquisition. HR specialist with expertise in end-to-end recruitment and talent management. Proficient in performance management, talent acquisition, and compensation and benefits. Experienced with LinkedIn Recruiter and PeopleSoft. Successfully delivered labor law compliance projects as training coordinator. Collaborated cross-functionally on diversity and inclusion. Completed HRCI Certification. Strong academic foundation complemented by practical experience. Additional expertise in organizational development, onboarding, and HR analytics. Looking forward to taking on new challenges and growing professionally.",HR
SYN_HR_0042,"passionate about employee development and creating inclusive workplace environments with 11 years of experience in workforce planning and employee relations. Strong background in workforce planning with hands-on experience using Zoho People and BambooHR. Successfully delivered diversity and inclusion projects as HR business partner. Collaborated cross-functionally on organizational development. Holds a BSc Psychology with specialization in relevant areas. Additional expertise in exit interviews, performance management, and conflict resolution. Looking forward to taking on new challenges and growing professionally.",HR
SYN_HR_0043,"Dynamic HR executive specializing in organizational development and performance management. experienced HR professional dedicated to attracting top talent and fostering a positive work culture. Strong background in organizational development with hands-on experience using BambooHR and PeopleSoft. Worked as HR executive for 8 years, handling diversity and inclusion and payroll processing responsibilities. Completed Diploma in HR Management. Strong academic foundation complemented by practical experience. Additional expertise in HR analytics, onboarding, and performance management. Seeking to contribute meaningfully to a forward-thinking organization.",HR
SYN_HR_0044,"Dynamic HR manager specializing in workforce planning and HR policy. experienced HR professional dedicated to attracting top talent and fostering a positive work culture. Strong background in workforce planning with hands-on experience using SAP HR and Zoho People. 5+ years as HR manager with a strong focus on training and development, conflict resolution, and team collaboration. Diploma in HR Management graduate with distinction. Committed to ongoing professional development. Additional expertise in exit interviews, organizational development, and onboarding. Looking forward to taking on new challenges and growing professionally.",HR
SYN_HR_0045,"passionate about employee development and creating inclusive workplace environments with 5 years of experience in onboarding and HR analytics. Core competencies include onboarding, HR analytics, conflict resolution, and organizational development. Worked as recruitment officer for 5 years, handling organizational development and recruitment responsibilities. Educational background: HRCI Certification. Continuously updating skills in the field. Additional expertise in onboarding, performance management, and conflict resolution. Seeking to contribute meaningfully to a forward-thinking organization.",HR
SYN_HR_0046,"Motivated recruitment officer with a passion for talent acquisition. experienced HR professional dedicated to attracting top talent and fostering a positive work culture. Proficient in talent acquisition, organizational development, and exit interviews. Experienced with LinkedIn Recruiter and Zoho People. Worked as recruitment officer for 1 years, handling compensation and benefits and recruitment responsibilities. Holds a MBA Human Resources with specialization in relevant areas. Additional expertise in employee relations, HR policy, and HR analytics. Seeking to contribute meaningfully to a forward-thinking organization.",HR
SYN_HR_0047,"experienced HR professional dedicated to attracting top talent and fostering a positive work culture. Proven expertise in training and development, HR policy, and talent acquisition. Key skills: training and development, HR policy, talent acquisition. Familiar with BambooHR. Served as talent acquisition specialist at a leading organization, managing labor law compliance and overseeing recruitment. MBA Human Resources graduate with distinction. Committed to ongoing professional development. Additional expertise in performance management, conflict resolution, and employee relations. Seeking to contribute meaningfully to a forward-thinking organization.",HR
SYN_HR_0048,"experienced HR professional dedicated to attracting top talent and fostering a positive work culture with 2 years of experience in performance management and HR policy. Core competencies include performance management, HR policy, employee relations, and onboarding. Served as HR business partner at a leading organization, managing onboarding and overseeing HRIS. Completed Diploma in HR Management. Strong academic foundation complemented by practical experience. Additional expertise in training and development, performance management, and HR policy. Looking forward to taking on new challenges and growing professionally.",HR
SYN_HR_0049,"HR specialist with expertise in end-to-end recruitment and talent management with 5 years of experience in labor law compliance and training and development. Proficient in labor law compliance, training and development, and HRIS. Experienced with BambooHR and PeopleSoft. Worked as HR executive for 5 years, handling talent acquisition and organizational development responsibilities. BSc Psychology graduate with distinction. Committed to ongoing professional development. Additional expertise in labor law compliance, recruitment, and compensation and benefits. Committed to continuous learning and delivering high-impact results.",HR
SYN_HR_0050,"Motivated people operations manager with a passion for labor law compliance. experienced HR professional dedicated to attracting top talent and fostering a positive work culture. Key skills: labor law compliance, onboarding, compensation and benefits. Familiar with ATS systems. 6+ years as people operations manager with a strong focus on employee relations, diversity and inclusion, and team collaboration. MBA Human Resources graduate with distinction. Committed to ongoing professional development. Additional expertise in organizational development, HR policy, and payroll processing. Eager to leverage skills to drive organizational growth and excellence.",HR
SYN_HR_0051,"Dynamic payroll specialist specializing in organizational development and workforce planning. HR specialist with expertise in end-to-end recruitment and talent management. Proficient in organizational development, workforce planning, and training and development. Experienced with Workday and PeopleSoft. Served as payroll specialist at a leading organization, managing exit interviews and overseeing HR analytics. Completed HRCI Certification. Strong academic foundation complemented by practical experience. Additional expertise in workforce planning, employee relations, and HR policy. Looking forward to taking on new challenges and growing professionally.",HR
SYN_HR_0052,"seeking an HR business partner role to align people strategy with organizational goals. Proven expertise in performance management, HR policy, and recruitment. Proficient in performance management, HR policy, and recruitment. Experienced with Workday and BambooHR. Successfully delivered talent acquisition projects as training coordinator. Collaborated cross-functionally on conflict resolution. BSc Psychology graduate with distinction. Committed to ongoing professional development. Additional expertise in performance management, compensation and benefits, and exit interviews. Looking forward to taking on new challenges and growing professionally.",HR
SYN_HR_0053,"Dynamic recruitment officer specializing in exit interviews and performance management. HR specialist with expertise in end-to-end recruitment and talent management. Expertise spans exit interviews, performance management, and training and development, supported by proficiency in SAP HR. 7+ years as recruitment officer with a strong focus on organizational development, talent acquisition, and team collaboration. Educational background: HRCI Certification. Continuously updating skills in the field. Additional expertise in training and development, conflict resolution, and workforce planning. Eager to leverage skills to drive organizational growth and excellence.",HR
SYN_HR_0054,"passionate about employee development and creating inclusive workplace environments. Proven expertise in performance management, organizational development, and conflict resolution. Expertise spans performance management, organizational development, and conflict resolution, supported by proficiency in ATS systems. 11+ years as people operations manager with a strong focus on employee relations, HR analytics, and team collaboration. Completed MBA Human Resources. Strong academic foundation complemented by practical experience. Additional expertise in labor law compliance, employee relations, and performance management. Committed to continuous learning and delivering high-impact results.",HR
SYN_HR_0055,"Motivated HR manager with a passion for training and development. passionate about employee development and creating inclusive workplace environments. Expertise spans training and development, HR policy, and performance management, supported by proficiency in Zoho People. 7+ years as HR manager with a strong focus on labor law compliance, payroll processing, and team collaboration. Educational background: HRCI Certification. Continuously updating skills in the field. Additional expertise in employee relations, organizational development, and workforce planning. Eager to leverage skills to drive organizational growth and excellence.",HR
SYN_HR_0056,"Dynamic recruitment officer specializing in organizational development and payroll processing. HR specialist with expertise in end-to-end recruitment and talent management. Key skills: organizational development, payroll processing, HR policy. Familiar with BambooHR. 1+ years as recruitment officer with a strong focus on workforce planning, onboarding, and team collaboration. Holds a HRCI Certification with specialization in relevant areas. Additional expertise in HR analytics, workforce planning, and conflict resolution. Eager to leverage skills to drive organizational growth and excellence.",HR
SYN_HR_0057,"experienced HR professional dedicated to attracting top talent and fostering a positive work culture. Proven expertise in training and development, diversity and inclusion, and organizational development. Strong background in training and development with hands-on experience using PeopleSoft and LinkedIn Recruiter. 8+ years as HR business partner with a strong focus on talent acquisition, performance management, and team collaboration. SHRM-CP graduate with distinction. Committed to ongoing professional development. Additional expertise in organizational development, HR policy, and exit interviews. Eager to leverage skills to drive organizational growth and excellence.",HR
SYN_HR_0058,"Motivated HR executive with a passion for diversity and inclusion. seeking an HR business partner role to align people strategy with organizational goals. Core competencies include diversity and inclusion, compensation and benefits, payroll processing, and workforce planning. Served as HR executive at a leading organization, managing workforce planning and overseeing HR policy. Completed MBA Human Resources. Strong academic foundation complemented by practical experience. Additional expertise in talent acquisition, diversity and inclusion, and organizational development. Committed to continuous learning and delivering high-impact results.",HR
SYN_HR_0059,"Motivated payroll specialist with a passion for workforce planning. seeking an HR business partner role to align people strategy with organizational goals. Core competencies include workforce planning, performance management, compensation and benefits, and training and development. Successfully delivered training and development projects as payroll specialist. Collaborated cross-functionally on diversity and inclusion. Completed HRCI Certification. Strong academic foundation complemented by practical experience. Additional expertise in performance management, employee relations, and diversity and inclusion. Seeking to contribute meaningfully to a forward-thinking organization.",HR
SYN_HR_0060,"Motivated HR manager with a passion for employee relations. HR specialist with expertise in end-to-end recruitment and talent management. Key skills: employee relations, organizational development, exit interviews. Familiar with SAP HR. Served as HR manager at a leading organization, managing labor law compliance and overseeing HR policy. Completed SHRM-CP. Strong academic foundation complemented by practical experience. Additional expertise in recruitment, compensation and benefits, and performance management. Seeking to contribute meaningfully to a forward-thinking organization.",HR
SYN_HR_0061,"Motivated HR business partner with a passion for employee relations. experienced HR professional dedicated to attracting top talent and fostering a positive work culture. Strong background in employee relations with hands-on experience using Workday and SAP HR. Worked as HR business partner for 2 years, handling HRIS and onboarding responsibilities. HRCI Certification graduate with distinction. Committed to ongoing professional development. Additional expertise in organizational development, onboarding, and training and development. Committed to continuous learning and delivering high-impact results.",HR
SYN_HR_0062,"seeking an HR business partner role to align people strategy with organizational goals with 9 years of experience in onboarding and HR policy. Proficient in onboarding, HR policy, and training and development. Experienced with Workday and PeopleSoft. Served as training coordinator at a leading organization, managing diversity and inclusion and overseeing recruitment. HRCI Certification graduate with distinction. Committed to ongoing professional development. Additional expertise in recruitment, diversity and inclusion, and payroll processing. Eager to leverage skills to drive organizational growth and excellence.",HR
SYN_HR_0063,"passionate about employee development and creating inclusive workplace environments with 6 years of experience in workforce planning and diversity and inclusion. Proficient in workforce planning, diversity and inclusion, and talent acquisition. Experienced with ATS systems and SAP HR. Served as HR business partner at a leading organization, managing HRIS and overseeing conflict resolution. Holds a Diploma in HR Management with specialization in relevant areas. Additional expertise in HR policy, training and development, and compensation and benefits. Committed to continuous learning and delivering high-impact results.",HR
SYN_HR_0064,"Motivated payroll specialist with a passion for performance management. passionate about employee development and creating inclusive workplace environments. Strong background in performance management with hands-on experience using Zoho People and PeopleSoft. 9+ years as payroll specialist with a strong focus on onboarding, HRIS, and team collaboration. MBA Human Resources graduate with distinction. Committed to ongoing professional development. Additional expertise in performance management, HR policy, and workforce planning. Looking forward to taking on new challenges and growing professionally.",HR
SYN_HR_0065,"Dynamic recruitment officer specializing in payroll processing and compensation and benefits. passionate about employee development and creating inclusive workplace environments. Core competencies include payroll processing, compensation and benefits, training and development, and talent acquisition. Served as recruitment officer at a leading organization, managing talent acquisition and overseeing HR analytics. Holds a SHRM-CP with specialization in relevant areas. Additional expertise in recruitment, workforce planning, and conflict resolution. Seeking to contribute meaningfully to a forward-thinking organization.",HR
SYN_HR_0066,"Motivated recruitment officer with a passion for HR policy. passionate about employee development and creating inclusive workplace environments. Core competencies include HR policy, compensation and benefits, performance management, and training and development. Worked as recruitment officer for 12 years, handling training and development and talent acquisition responsibilities. Completed Diploma in HR Management. Strong academic foundation complemented by practical experience. Additional expertise in talent acquisition, HR policy, and exit interviews. Eager to leverage skills to drive organizational growth and excellence.",HR
SYN_HR_0067,"Motivated recruitment officer with a passion for organizational development. HR specialist with expertise in end-to-end recruitment and talent management. Core competencies include organizational development, HR analytics, HR policy, and compensation and benefits. Worked as recruitment officer for 12 years, handling compensation and benefits and workforce planning responsibilities. Holds a HRCI Certification with specialization in relevant areas. Additional expertise in talent acquisition, diversity and inclusion, and compensation and benefits. Seeking to contribute meaningfully to a forward-thinking organization.",HR
SYN_HR_0068,"Motivated HR executive with a passion for workforce planning. passionate about employee development and creating inclusive workplace environments. Proficient in workforce planning, performance management, and recruitment. Experienced with Zoho People and Workday. 8+ years as HR executive with a strong focus on talent acquisition, conflict resolution, and team collaboration. MBA Human Resources graduate with distinction. Committed to ongoing professional development. Additional expertise in talent acquisition, compensation and benefits, and workforce planning. Seeking to contribute meaningfully to a forward-thinking organization.",HR
SYN_HR_0069,"passionate about employee development and creating inclusive workplace environments. Proven expertise in HR policy, payroll processing, and HR analytics. Proficient in HR policy, payroll processing, and HR analytics. Experienced with PeopleSoft and SAP HR. Worked as HR executive for 8 years, handling organizational development and labor law compliance responsibilities. Holds a BSc Psychology with specialization in relevant areas. Additional expertise in training and development, HR analytics, and exit interviews. Looking forward to taking on new challenges and growing professionally.",HR
SYN_HR_0070,"Dynamic HR manager specializing in employee relations and HR policy. HR specialist with expertise in end-to-end recruitment and talent management. Key skills: employee relations, HR policy, recruitment. Familiar with SAP HR. Successfully delivered conflict resolution projects as HR manager. Collaborated cross-functionally on organizational development. Educational background: Diploma in HR Management. Continuously updating skills in the field. Additional expertise in talent acquisition, recruitment, and organizational development. Seeking to contribute meaningfully to a forward-thinking organization.",HR
SYN_HR_0071,"Dynamic HR executive specializing in talent acquisition and HRIS. seeking an HR business partner role to align people strategy with organizational goals. Expertise spans talent acquisition, HRIS, and exit interviews, supported by proficiency in ATS systems. Successfully delivered payroll processing projects as HR executive. Collaborated cross-functionally on HR analytics. Educational background: HRCI Certification. Continuously updating skills in the field. Additional expertise in recruitment, compensation and benefits, and performance management. Seeking to contribute meaningfully to a forward-thinking organization.",HR
SYN_HR_0072,"Dynamic people operations manager specializing in labor law compliance and employee relations. seeking an HR business partner role to align people strategy with organizational goals. Strong background in labor law compliance with hands-on experience using ATS systems and Workday. Successfully delivered diversity and inclusion projects as people operations manager. Collaborated cross-functionally on organizational development. Completed HRCI Certification. Strong academic foundation complemented by practical experience. Additional expertise in compensation and benefits, employee relations, and exit interviews. Committed to continuous learning and delivering high-impact results.",HR
SYN_HR_0073,"experienced HR professional dedicated to attracting top talent and fostering a positive work culture with 10 years of experience in HRIS and employee relations. Strong background in HRIS with hands-on experience using ATS systems and LinkedIn Recruiter. Served as payroll specialist at a leading organization, managing HR analytics and overseeing organizational development. Completed HRCI Certification. Strong academic foundation complemented by practical experience. Additional expertise in performance management, employee relations, and exit interviews. Eager to leverage skills to drive organizational growth and excellence.",HR
SYN_HR_0074,"Motivated talent acquisition specialist with a passion for recruitment. experienced HR professional dedicated to attracting top talent and fostering a positive work culture. Key skills: recruitment, payroll processing, compensation and benefits. Familiar with Zoho People. Worked as talent acquisition specialist for 9 years, handling talent acquisition and employee relations responsibilities. Completed HRCI Certification. Strong academic foundation complemented by practical experience. Additional expertise in labor law compliance, workforce planning, and HRIS. Committed to continuous learning and delivering high-impact results.",HR
SYN_HR_0075,"experienced HR professional dedicated to attracting top talent and fostering a positive work culture with 4 years of experience in HR analytics and employee relations. Key skills: HR analytics, employee relations, exit interviews. Familiar with Zoho People. Served as payroll specialist at a leading organization, managing labor law compliance and overseeing workforce planning. Holds a HRCI Certification with specialization in relevant areas. Additional expertise in compensation and benefits, training and development, and workforce planning. Committed to continuous learning and delivering high-impact results.",HR
SYN_HR_0076,"experienced HR professional dedicated to attracting top talent and fostering a positive work culture with 4 years of experience in talent acquisition and diversity and inclusion. Strong background in talent acquisition with hands-on experience using Workday and Zoho People. Successfully delivered employee relations projects as recruitment officer. Collaborated cross-functionally on recruitment. Holds a Diploma in HR Management with specialization in relevant areas. Additional expertise in exit interviews, labor law compliance, and organizational development. Committed to continuous learning and delivering high-impact results.",HR
SYN_HR_0077,"HR specialist with expertise in end-to-end recruitment and talent management with 6 years of experience in HR policy and compensation and benefits. Key skills: HR policy, compensation and benefits, diversity and inclusion. Familiar with Zoho People. Worked as HR executive for 6 years, handling conflict resolution and exit interviews responsibilities. SHRM-CP graduate with distinction. Committed to ongoing professional development. Additional expertise in organizational development, labor law compliance, and talent acquisition. Looking forward to taking on new challenges and growing professionally.",HR
SYN_HR_0078,"Motivated training coordinator with a passion for labor law compliance. experienced HR professional dedicated to attracting top talent and fostering a positive work culture. Expertise spans labor law compliance, conflict resolution, and talent acquisition, supported by proficiency in PeopleSoft. Worked as training coordinator for 7 years, handling HR policy and HR analytics responsibilities. Holds a Diploma in HR Management with specialization in relevant areas. Additional expertise in training and development, payroll processing, and diversity and inclusion. Committed to continuous learning and delivering high-impact results.",HR
SYN_HR_0079,"HR specialist with expertise in end-to-end recruitment and talent management with 1 years of experience in organizational development and compensation and benefits. Proficient in organizational development, compensation and benefits, and HRIS. Experienced with Workday and LinkedIn Recruiter. Served as recruitment officer at a leading organization, managing workforce planning and overseeing labor law compliance. Holds a Diploma in HR Management with specialization in relevant areas. Additional expertise in diversity and inclusion, HR analytics, and recruitment. Eager to leverage skills to drive organizational growth and excellence.",HR
SYN_HR_0080,"Motivated HR executive with a passion for recruitment. HR specialist with expertise in end-to-end recruitment and talent management. Core competencies include recruitment, HRIS, compensation and benefits, and diversity and inclusion. Worked as HR executive for 9 years, handling diversity and inclusion and labor law compliance responsibilities. Completed Diploma in HR Management. Strong academic foundation complemented by practical experience. Additional expertise in organizational development, exit interviews, and recruitment. Eager to leverage skills to drive organizational growth and excellence.",HR
SYN_HR_0081,"Motivated recruitment officer with a passion for talent acquisition. HR specialist with expertise in end-to-end recruitment and talent management. Core competencies include talent acquisition, workforce planning, conflict resolution, and labor law compliance. Served as recruitment officer at a leading organization, managing labor law compliance and overseeing HR analytics. Completed HRCI Certification. Strong academic foundation complemented by practical experience. Additional expertise in conflict resolution, training and development, and labor law compliance. Committed to continuous learning and delivering high-impact results.",HR
SYN_HR_0082,"Motivated talent acquisition specialist with a passion for talent acquisition. seeking an HR business partner role to align people strategy with organizational goals. Expertise spans talent acquisition, HR analytics, and training and development, supported by proficiency in ATS systems. Worked as talent acquisition specialist for 3 years, handling performance management and workforce planning responsibilities. BSc Psychology graduate with distinction. Committed to ongoing professional development. Additional expertise in conflict resolution, recruitment, and employee relations. Committed to continuous learning and delivering high-impact results.",HR
SYN_HR_0083,"experienced HR professional dedicated to attracting top talent and fostering a positive work culture with 5 years of experience in labor law compliance and conflict resolution. Expertise spans labor law compliance, conflict resolution, and HR policy, supported by proficiency in SAP HR. Served as talent acquisition specialist at a leading organization, managing HRIS and overseeing payroll processing. Educational background: MBA Human Resources. Continuously updating skills in the field. Additional expertise in HR analytics, labor law compliance, and HRIS. Looking forward to taking on new challenges and growing professionally.",HR
SYN_HR_0084,"HR specialist with expertise in end-to-end recruitment and talent management with 2 years of experience in recruitment and training and development. Strong background in recruitment with hands-on experience using Zoho People and PeopleSoft. Worked as talent acquisition specialist for 2 years, handling onboarding and employee relations responsibilities. Holds a BSc Psychology with specialization in relevant areas. Additional expertise in payroll processing, HRIS, and compensation and benefits. Seeking to contribute meaningfully to a forward-thinking organization.",HR
SYN_HR_0085,"Dynamic HR business partner specializing in HR policy and diversity and inclusion. seeking an HR business partner role to align people strategy with organizational goals. Expertise spans HR policy, diversity and inclusion, and organizational development, supported by proficiency in Workday. Worked as HR business partner for 8 years, handling training and development and exit interviews responsibilities. Educational background: SHRM-CP. Continuously updating skills in the field. Additional expertise in employee relations, diversity and inclusion, and exit interviews. Seeking to contribute meaningfully to a forward-thinking organization.",HR
SYN_HR_0086,"Motivated talent acquisition specialist with a passion for exit interviews. seeking an HR business partner role to align people strategy with organizational goals. Key skills: exit interviews, labor law compliance, payroll processing. Familiar with SAP HR. Worked as talent acquisition specialist for 4 years, handling diversity and inclusion and employee relations responsibilities. Educational background: Diploma in HR Management. Continuously updating skills in the field. Additional expertise in labor law compliance, workforce planning, and training and development. Eager to leverage skills to drive organizational growth and excellence.",HR
SYN_HR_0087,"HR specialist with expertise in end-to-end recruitment and talent management with 11 years of experience in performance management and training and development. Key skills: performance management, training and development, compensation and benefits. Familiar with PeopleSoft. Worked as people operations manager for 11 years, handling HRIS and employee relations responsibilities. Holds a Diploma in HR Management with specialization in relevant areas. Additional expertise in employee relations, recruitment, and performance management. Looking forward to taking on new challenges and growing professionally.",HR
SYN_HR_0088,"passionate about employee development and creating inclusive workplace environments. Proven expertise in organizational development, compensation and benefits, and exit interviews. Key skills: organizational development, compensation and benefits, exit interviews. Familiar with ATS systems. 5+ years as HR executive with a strong focus on training and development, HRIS, and team collaboration. Holds a HRCI Certification with specialization in relevant areas. Additional expertise in conflict resolution, organizational development, and HRIS. Seeking to contribute meaningfully to a forward-thinking organization.",HR
SYN_HR_0089,"passionate about employee development and creating inclusive workplace environments. Proven expertise in diversity and inclusion, training and development, and performance management. Strong background in diversity and inclusion with hands-on experience using Workday and BambooHR. Successfully delivered HR analytics projects as HR executive. Collaborated cross-functionally on payroll processing. Completed SHRM-CP. Strong academic foundation complemented by practical experience. Additional expertise in HRIS, exit interviews, and organizational development. Eager to leverage skills to drive organizational growth and excellence.",HR
SYN_CON_0000,"dedicated site engineer with expertise in RCC structures and safety compliance. Proven expertise in RCC design, blueprint reading, and subcontractor management. Core competencies include RCC design, blueprint reading, subcontractor management, and budget estimation. 12+ years as construction supervisor with a strong focus on budget estimation, safety compliance, and team collaboration. Educational background: BSc Construction Management. Continuously updating skills in the field. Additional expertise in surveying, building codes, and project planning. Committed to continuous learning and delivering high-impact results.",CONSTRUCTION
SYN_CON_0001,"Dynamic construction supervisor specializing in RCC design and quantity surveying. construction professional aiming to lead large-scale building projects efficiently. Proficient in RCC design, quantity surveying, and surveying. Experienced with AutoCAD and Primavera P6. Worked as construction supervisor for 9 years, handling safety compliance and civil engineering responsibilities. Educational background: Diploma in Civil Engineering. Continuously updating skills in the field. Additional expertise in contract management, surveying, and budget estimation. Looking forward to taking on new challenges and growing professionally.",CONSTRUCTION
SYN_CON_0002,"civil engineer with strong site management and structural design expertise with 7 years of experience in surveying and project planning. Strong background in surveying with hands-on experience using AutoCAD and Revit. Worked as structural engineer for 7 years, handling blueprint reading and progress reporting responsibilities. Holds a PMP Certification with specialization in relevant areas. Additional expertise in structural design, contract management, and civil engineering. Looking forward to taking on new challenges and growing professionally.",CONSTRUCTION
SYN_CON_0003,"seeking a construction project management role to deliver high-quality infrastructure on time. Proven expertise in civil engineering, site management, and MEP coordination. Core competencies include civil engineering, site management, MEP coordination, and AutoCAD. Served as project manager at a leading organization, managing AutoCAD and overseeing safety compliance. Completed OSHA Safety Certification. Strong academic foundation complemented by practical experience. Additional expertise in building codes, budget estimation, and structural design. Seeking to contribute meaningfully to a forward-thinking organization.",CONSTRUCTION
SYN_CON_0004,"construction professional aiming to lead large-scale building projects efficiently with 4 years of experience in site management and AutoCAD. Core competencies include site management, AutoCAD, civil engineering, and safety compliance. Successfully delivered safety compliance projects as structural engineer. Collaborated cross-functionally on building codes. Educational background: BSc Construction Management. Continuously updating skills in the field. Additional expertise in budget estimation, concrete technology, and safety compliance. Eager to leverage skills to drive organizational growth and excellence.",CONSTRUCTION
SYN_CON_0005,"civil engineer with strong site management and structural design expertise with 1 years of experience in budget estimation and safety compliance. Proficient in budget estimation, safety compliance, and blueprint reading. Experienced with Primavera P6 and Revit. Successfully delivered surveying projects as structural engineer. Collaborated cross-functionally on progress reporting. PMP Certification graduate with distinction. Committed to ongoing professional development. Additional expertise in concrete technology, quantity surveying, and building codes. Committed to continuous learning and delivering high-impact results.",CONSTRUCTION
SYN_CON_0006,"Dynamic site engineer specializing in surveying and progress reporting. dedicated site engineer with expertise in RCC structures and safety compliance. Key skills: surveying, progress reporting, subcontractor management. Familiar with AutoCAD. Served as site engineer at a leading organization, managing contract management and overseeing AutoCAD. Completed Diploma in Civil Engineering. Strong academic foundation complemented by practical experience. Additional expertise in quantity surveying, structural design, and safety compliance. Committed to continuous learning and delivering high-impact results.",CONSTRUCTION
SYN_CON_0007,"Dynamic planning engineer specializing in building codes and subcontractor management. seeking a construction project management role to deliver high-quality infrastructure on time. Proficient in building codes, subcontractor management, and quantity surveying. Experienced with Revit and Primavera P6. Served as planning engineer at a leading organization, managing project planning and overseeing MEP coordination. Holds a BSc Construction Management with specialization in relevant areas. Additional expertise in concrete technology, site management, and blueprint reading. Looking forward to taking on new challenges and growing professionally.",CONSTRUCTION
SYN_CON_0008,"Motivated planning engineer with a passion for concrete technology. construction professional aiming to lead large-scale building projects efficiently. Key skills: concrete technology, progress reporting, civil engineering. Familiar with Revit. Served as planning engineer at a leading organization, managing blueprint reading and overseeing quantity surveying. Educational background: BE Civil Engineering. Continuously updating skills in the field. Additional expertise in budget estimation, blueprint reading, and progress reporting. Seeking to contribute meaningfully to a forward-thinking organization.",CONSTRUCTION
SYN_CON_0009,"Motivated civil engineer with a passion for AutoCAD. seeking a construction project management role to deliver high-quality infrastructure on time. Key skills: AutoCAD, structural design, safety compliance. Familiar with MS Project. Served as civil engineer at a leading organization, managing building codes and overseeing contract management. Completed BE Civil Engineering. Strong academic foundation complemented by practical experience. Additional expertise in quantity surveying, progress reporting, and MEP coordination. Eager to leverage skills to drive organizational growth and excellence.",CONSTRUCTION
SYN_CON_0010,"Motivated planning engineer with a passion for structural design. seeking a construction project management role to deliver high-quality infrastructure on time. Expertise spans structural design, budget estimation, and progress reporting, supported by proficiency in ETABS. Successfully delivered civil engineering projects as planning engineer. Collaborated cross-functionally on safety compliance. PMP Certification graduate with distinction. Committed to ongoing professional development. Additional expertise in AutoCAD, budget estimation, and site management. Eager to leverage skills to drive organizational growth and excellence.",CONSTRUCTION
SYN_CON_0011,"dedicated site engineer with expertise in RCC structures and safety compliance. Proven expertise in project planning, concrete technology, and contract management. Core competencies include project planning, concrete technology, contract management, and subcontractor management. Worked as project manager for 3 years, handling subcontractor management and AutoCAD responsibilities. Completed BE Civil Engineering. Strong academic foundation complemented by practical experience. Additional expertise in AutoCAD, contract management, and surveying. Seeking to contribute meaningfully to a forward-thinking organization.",CONSTRUCTION
SYN_CON_0012,"Motivated planning engineer with a passion for surveying. seeking a construction project management role to deliver high-quality infrastructure on time. Key skills: surveying, quantity surveying, progress reporting. Familiar with SAP2000. Served as planning engineer at a leading organization, managing structural design and overseeing project planning. BSc Construction Management graduate with distinction. Committed to ongoing professional development. Additional expertise in AutoCAD, project planning, and building codes. Eager to leverage skills to drive organizational growth and excellence.",CONSTRUCTION
SYN_CON_0013,"Dynamic site engineer specializing in site management and safety compliance. construction professional aiming to lead large-scale building projects efficiently. Expertise spans site management, safety compliance, and budget estimation, supported by proficiency in STAAD Pro. Successfully delivered contract management projects as site engineer. Collaborated cross-functionally on subcontractor management. Completed BE Civil Engineering. Strong academic foundation complemented by practical experience. Additional expertise in subcontractor management, contract management, and surveying. Committed to continuous learning and delivering high-impact results.",CONSTRUCTION
SYN_CON_0014,"Motivated contracts manager with a passion for structural design. civil engineer with strong site management and structural design expertise. Strong background in structural design with hands-on experience using Primavera P6 and SAP2000. Worked as contracts manager for 4 years, handling quantity surveying and civil engineering responsibilities. Completed BSc Construction Management. Strong academic foundation complemented by practical experience. Additional expertise in surveying, blueprint reading, and subcontractor management. Seeking to contribute meaningfully to a forward-thinking organization.",CONSTRUCTION
SYN_CON_0015,"Dynamic planning engineer specializing in quantity surveying and safety compliance. construction professional aiming to lead large-scale building projects efficiently. Key skills: quantity surveying, safety compliance, blueprint reading. Familiar with Revit. Successfully delivered project planning projects as planning engineer. Collaborated cross-functionally on structural design. BSc Construction Management graduate with distinction. Committed to ongoing professional development. Additional expertise in building codes, blueprint reading, and budget estimation. Eager to leverage skills to drive organizational growth and excellence.",CONSTRUCTION
SYN_CON_0016,"seeking a construction project management role to deliver high-quality infrastructure on time with 11 years of experience in project planning and safety compliance. Expertise spans project planning, safety compliance, and AutoCAD, supported by proficiency in Primavera P6. 11+ years as site engineer with a strong focus on site management, concrete technology, and team collaboration. Completed BSc Construction Management. Strong academic foundation complemented by practical experience. Additional expertise in MEP coordination, surveying, and site management. Committed to continuous learning and delivering high-impact results.",CONSTRUCTION
SYN_CON_0017,"seeking a construction project management role to deliver high-quality infrastructure on time with 5 years of experience in MEP coordination and AutoCAD. Proficient in MEP coordination, AutoCAD, and site management. Experienced with STAAD Pro and ETABS. Served as civil engineer at a leading organization, managing civil engineering and overseeing structural design. Completed PMP Certification. Strong academic foundation complemented by practical experience. Additional expertise in site management, concrete technology, and blueprint reading. Looking forward to taking on new challenges and growing professionally.",CONSTRUCTION
SYN_CON_0018,"dedicated site engineer with expertise in RCC structures and safety compliance with 5 years of experience in building codes and civil engineering. Expertise spans building codes, civil engineering, and subcontractor management, supported by proficiency in Primavera P6. Worked as civil engineer for 5 years, handling contract management and safety compliance responsibilities. Educational background: Diploma in Civil Engineering. Continuously updating skills in the field. Additional expertise in subcontractor management, RCC design, and surveying. Committed to continuous learning and delivering high-impact results.",CONSTRUCTION
SYN_CON_0019,"seeking a construction project management role to deliver high-quality infrastructure on time. Proven expertise in subcontractor management, contract management, and blueprint reading. Key skills: subcontractor management, contract management, blueprint reading. Familiar with MS Project. Served as quantity surveyor at a leading organization, managing project planning and overseeing site management. BSc Construction Management graduate with distinction. Committed to ongoing professional development. Additional expertise in quantity surveying, progress reporting, and contract management. Looking forward to taking on new challenges and growing professionally.",CONSTRUCTION
SYN_CON_0020,"seeking a construction project management role to deliver high-quality infrastructure on time with 1 years of experience in contract management and surveying. Proficient in contract management, surveying, and subcontractor management. Experienced with Revit and STAAD Pro. Successfully delivered civil engineering projects as site engineer. Collaborated cross-functionally on project planning. Completed BE Civil Engineering. Strong academic foundation complemented by practical experience. Additional expertise in building codes, surveying, and quantity surveying. Looking forward to taking on new challenges and growing professionally.",CONSTRUCTION
SYN_CON_0021,"Motivated quantity surveyor with a passion for budget estimation. dedicated site engineer with expertise in RCC structures and safety compliance. Key skills: budget estimation, MEP coordination, progress reporting. Familiar with MS Project. Successfully delivered site management projects as quantity surveyor. Collaborated cross-functionally on blueprint reading. Holds a Diploma in Civil Engineering with specialization in relevant areas. Additional expertise in safety compliance, contract management, and civil engineering. Eager to leverage skills to drive organizational growth and excellence.",CONSTRUCTION
SYN_CON_0022,"construction professional aiming to lead large-scale building projects efficiently with 3 years of experience in project planning and building codes. Core competencies include project planning, building codes, blueprint reading, and surveying. Served as structural engineer at a leading organization, managing surveying and overseeing concrete technology. BSc Construction Management graduate with distinction. Committed to ongoing professional development. Additional expertise in structural design, RCC design, and concrete technology. Seeking to contribute meaningfully to a forward-thinking organization.",CONSTRUCTION
SYN_CON_0023,"Dynamic planning engineer specializing in surveying and site management. seeking a construction project management role to deliver high-quality infrastructure on time. Expertise spans surveying, site management, and AutoCAD, supported by proficiency in Revit. Served as planning engineer at a leading organization, managing concrete technology and overseeing civil engineering. OSHA Safety Certification graduate with distinction. Committed to ongoing professional development. Additional expertise in progress reporting, budget estimation, and quantity surveying. Eager to leverage skills to drive organizational growth and excellence.",CONSTRUCTION
SYN_CON_0024,"Dynamic civil engineer specializing in subcontractor management and structural design. dedicated site engineer with expertise in RCC structures and safety compliance. Key skills: subcontractor management, structural design, civil engineering. Familiar with AutoCAD. Worked as civil engineer for 10 years, handling concrete technology and progress reporting responsibilities. Educational background: BSc Construction Management. Continuously updating skills in the field. Additional expertise in civil engineering, site management, and budget estimation. Eager to leverage skills to drive organizational growth and excellence.",CONSTRUCTION
SYN_CON_0025,"dedicated site engineer with expertise in RCC structures and safety compliance with 11 years of experience in building codes and structural design. Proficient in building codes, structural design, and site management. Experienced with AutoCAD and SAP2000. Worked as quantity surveyor for 11 years, handling surveying and quantity surveying responsibilities. Educational background: PMP Certification. Continuously updating skills in the field. Additional expertise in AutoCAD, subcontractor management, and progress reporting. Committed to continuous learning and delivering high-impact results.",CONSTRUCTION
SYN_CON_0026,"Motivated construction supervisor with a passion for MEP coordination. dedicated site engineer with expertise in RCC structures and safety compliance. Core competencies include MEP coordination, structural design, progress reporting, and safety compliance. Worked as construction supervisor for 10 years, handling safety compliance and quantity surveying responsibilities. Diploma in Civil Engineering graduate with distinction. Committed to ongoing professional development. Additional expertise in budget estimation, safety compliance, and site management. Committed to continuous learning and delivering high-impact results.",CONSTRUCTION
SYN_CON_0027,"Motivated quantity surveyor with a passion for MEP coordination. construction professional aiming to lead large-scale building projects efficiently. Core competencies include MEP coordination, safety compliance, quantity surveying, and RCC design. Served as quantity surveyor at a leading organization, managing RCC design and overseeing building codes. OSHA Safety Certification graduate with distinction. Committed to ongoing professional development. Additional expertise in quantity surveying, MEP coordination, and site management. Seeking to contribute meaningfully to a forward-thinking organization.",CONSTRUCTION
SYN_CON_0028,"civil engineer with strong site management and structural design expertise. Proven expertise in quantity surveying, MEP coordination, and building codes. Key skills: quantity surveying, MEP coordination, building codes. Familiar with STAAD Pro. Successfully delivered civil engineering projects as project manager. Collaborated cross-functionally on surveying. BSc Construction Management graduate with distinction. Committed to ongoing professional development. Additional expertise in project planning, safety compliance, and concrete technology. Eager to leverage skills to drive organizational growth and excellence.",CONSTRUCTION
SYN_CON_0029,"Dynamic site engineer specializing in blueprint reading and building codes. seeking a construction project management role to deliver high-quality infrastructure on time. Key skills: blueprint reading, building codes, civil engineering. Familiar with Primavera P6. 7+ years as site engineer with a strong focus on site management, progress reporting, and team collaboration. PMP Certification graduate with distinction. Committed to ongoing professional development. Additional expertise in quantity surveying, RCC design, and building codes. Committed to continuous learning and delivering high-impact results.",CONSTRUCTION
SYN_CON_0030,"Dynamic quantity surveyor specializing in progress reporting and structural design. seeking a construction project management role to deliver high-quality infrastructure on time. Strong background in progress reporting with hands-on experience using Revit and SAP2000. Served as quantity surveyor at a leading organization, managing AutoCAD and overseeing surveying. Educational background: BE Civil Engineering. Continuously updating skills in the field. Additional expertise in progress reporting, civil engineering, and subcontractor management. Seeking to contribute meaningfully to a forward-thinking organization.",CONSTRUCTION
SYN_CON_0031,"Motivated civil engineer with a passion for site management. dedicated site engineer with expertise in RCC structures and safety compliance. Expertise spans site management, project planning, and budget estimation, supported by proficiency in Revit. Successfully delivered subcontractor management projects as civil engineer. Collaborated cross-functionally on contract management. Educational background: Diploma in Civil Engineering. Continuously updating skills in the field. Additional expertise in progress reporting, civil engineering, and budget estimation. Looking forward to taking on new challenges and growing professionally.",CONSTRUCTION
SYN_CON_0032,"Motivated site engineer with a passion for progress reporting. dedicated site engineer with expertise in RCC structures and safety compliance. Expertise spans progress reporting, structural design, and budget estimation, supported by proficiency in ETABS. Served as site engineer at a leading organization, managing MEP coordination and overseeing blueprint reading. PMP Certification graduate with distinction. Committed to ongoing professional development. Additional expertise in contract management, safety compliance, and concrete technology. Seeking to contribute meaningfully to a forward-thinking organization.",CONSTRUCTION
SYN_CON_0033,"dedicated site engineer with expertise in RCC structures and safety compliance with 1 years of experience in MEP coordination and budget estimation. Proficient in MEP coordination, budget estimation, and site management. Experienced with Primavera P6 and AutoCAD. 1+ years as construction supervisor with a strong focus on project planning, surveying, and team collaboration. OSHA Safety Certification graduate with distinction. Committed to ongoing professional development. Additional expertise in site management, safety compliance, and subcontractor management. Seeking to contribute meaningfully to a forward-thinking organization.",CONSTRUCTION
SYN_CON_0034,"dedicated site engineer with expertise in RCC structures and safety compliance with 2 years of experience in budget estimation and subcontractor management. Key skills: budget estimation, subcontractor management, contract management. Familiar with ETABS. Worked as structural engineer for 2 years, handling building codes and AutoCAD responsibilities. Completed Diploma in Civil Engineering. Strong academic foundation complemented by practical experience. Additional expertise in budget estimation, surveying, and site management. Seeking to contribute meaningfully to a forward-thinking organization.",CONSTRUCTION
SYN_CON_0035,"Motivated construction supervisor with a passion for contract management. dedicated site engineer with expertise in RCC structures and safety compliance. Strong background in contract management with hands-on experience using Revit and MS Project. Worked as construction supervisor for 11 years, handling blueprint reading and project planning responsibilities. Holds a BSc Construction Management with specialization in relevant areas. Additional expertise in quantity surveying, project planning, and progress reporting. Seeking to contribute meaningfully to a forward-thinking organization.",CONSTRUCTION
SYN_CON_0036,"Dynamic project manager specializing in concrete technology and RCC design. seeking a construction project management role to deliver high-quality infrastructure on time. Expertise spans concrete technology, RCC design, and civil engineering, supported by proficiency in Primavera P6. 2+ years as project manager with a strong focus on contract management, subcontractor management, and team collaboration. Holds a PMP Certification with specialization in relevant areas. Additional expertise in building codes, structural design, and AutoCAD. Eager to leverage skills to drive organizational growth and excellence.",CONSTRUCTION
SYN_CON_0037,"dedicated site engineer with expertise in RCC structures and safety compliance. Proven expertise in site management, structural design, and civil engineering. Key skills: site management, structural design, civil engineering. Familiar with Revit. 12+ years as structural engineer with a strong focus on surveying, progress reporting, and team collaboration. Holds a Diploma in Civil Engineering with specialization in relevant areas. Additional expertise in RCC design, subcontractor management, and surveying. Committed to continuous learning and delivering high-impact results.",CONSTRUCTION
SYN_CON_0038,"Motivated planning engineer with a passion for surveying. seeking a construction project management role to deliver high-quality infrastructure on time. Strong background in surveying with hands-on experience using ETABS and Primavera P6. Served as planning engineer at a leading organization, managing project planning and overseeing RCC design. Holds a BSc Construction Management with specialization in relevant areas. Additional expertise in civil engineering, concrete technology, and project planning. Seeking to contribute meaningfully to a forward-thinking organization.",CONSTRUCTION
SYN_CON_0039,"dedicated site engineer with expertise in RCC structures and safety compliance with 7 years of experience in site management and RCC design. Expertise spans site management, RCC design, and progress reporting, supported by proficiency in SAP2000. Served as site engineer at a leading organization, managing budget estimation and overseeing civil engineering. PMP Certification graduate with distinction. Committed to ongoing professional development. Additional expertise in surveying, RCC design, and civil engineering. Seeking to contribute meaningfully to a forward-thinking organization.",CONSTRUCTION
SYN_CON_0040,"construction professional aiming to lead large-scale building projects efficiently. Proven expertise in civil engineering, project planning, and site management. Strong background in civil engineering with hands-on experience using STAAD Pro and MS Project. 5+ years as structural engineer with a strong focus on quantity surveying, RCC design, and team collaboration. PMP Certification graduate with distinction. Committed to ongoing professional development. Additional expertise in structural design, building codes, and civil engineering. Committed to continuous learning and delivering high-impact results.",CONSTRUCTION
SYN_CON_0041,"civil engineer with strong site management and structural design expertise with 1 years of experience in safety compliance and RCC design. Strong background in safety compliance with hands-on experience using ETABS and SAP2000. Worked as construction supervisor for 1 years, handling building codes and civil engineering responsibilities. Holds a OSHA Safety Certification with specialization in relevant areas. Additional expertise in contract management, RCC design, and AutoCAD. Seeking to contribute meaningfully to a forward-thinking organization.",CONSTRUCTION
SYN_CON_0042,"Motivated structural engineer with a passion for civil engineering. civil engineer with strong site management and structural design expertise. Expertise spans civil engineering, contract management, and quantity surveying, supported by proficiency in SAP2000. 4+ years as structural engineer with a strong focus on progress reporting, subcontractor management, and team collaboration. Holds a Diploma in Civil Engineering with specialization in relevant areas. Additional expertise in subcontractor management, civil engineering, and quantity surveying. Committed to continuous learning and delivering high-impact results.",CONSTRUCTION
SYN_CON_0043,"Dynamic civil engineer specializing in structural design and project planning. civil engineer with strong site management and structural design expertise. Expertise spans structural design, project planning, and safety compliance, supported by proficiency in AutoCAD. Worked as civil engineer for 3 years, handling site management and civil engineering responsibilities. Completed PMP Certification. Strong academic foundation complemented by practical experience. Additional expertise in AutoCAD, budget estimation, and civil engineering. Looking forward to taking on new challenges and growing professionally.",CONSTRUCTION
SYN_CON_0044,"civil engineer with strong site management and structural design expertise. Proven expertise in site management, surveying, and project planning. Key skills: site management, surveying, project planning. Familiar with Revit. Worked as quantity surveyor for 11 years, handling building codes and progress reporting responsibilities. Completed Diploma in Civil Engineering. Strong academic foundation complemented by practical experience. Additional expertise in blueprint reading, surveying, and contract management. Eager to leverage skills to drive organizational growth and excellence.",CONSTRUCTION
SYN_CON_0045,"Motivated planning engineer with a passion for MEP coordination. construction professional aiming to lead large-scale building projects efficiently. Core competencies include MEP coordination, safety compliance, AutoCAD, and structural design. Worked as planning engineer for 4 years, handling structural design and blueprint reading responsibilities. BSc Construction Management graduate with distinction. Committed to ongoing professional development. Additional expertise in contract management, surveying, and site management. Seeking to contribute meaningfully to a forward-thinking organization.",CONSTRUCTION
SYN_CON_0046,"seeking a construction project management role to deliver high-quality infrastructure on time with 10 years of experience in AutoCAD and project planning. Proficient in AutoCAD, project planning, and RCC design. Experienced with AutoCAD and Revit. Successfully delivered surveying projects as structural engineer. Collaborated cross-functionally on structural design. Educational background: PMP Certification. Continuously updating skills in the field. Additional expertise in blueprint reading, contract management, and civil engineering. Seeking to contribute meaningfully to a forward-thinking organization.",CONSTRUCTION
SYN_CON_0047,"Motivated project manager with a passion for RCC design. construction professional aiming to lead large-scale building projects efficiently. Key skills: RCC design, blueprint reading, budget estimation. Familiar with STAAD Pro. Successfully delivered structural design projects as project manager. Collaborated cross-functionally on progress reporting. Completed BE Civil Engineering. Strong academic foundation complemented by practical experience. Additional expertise in concrete technology, blueprint reading, and progress reporting. Eager to leverage skills to drive organizational growth and excellence.",CONSTRUCTION
SYN_CON_0048,"Dynamic planning engineer specializing in budget estimation and surveying. seeking a construction project management role to deliver high-quality infrastructure on time. Core competencies include budget estimation, surveying, MEP coordination, and quantity surveying. Worked as planning engineer for 11 years, handling quantity surveying and blueprint reading responsibilities. Holds a PMP Certification with specialization in relevant areas. Additional expertise in concrete technology, safety compliance, and project planning. Committed to continuous learning and delivering high-impact results.",CONSTRUCTION
SYN_CON_0049,"Motivated construction supervisor with a passion for AutoCAD. dedicated site engineer with expertise in RCC structures and safety compliance. Strong background in AutoCAD with hands-on experience using AutoCAD and ETABS. Served as construction supervisor at a leading organization, managing site management and overseeing budget estimation. BSc Construction Management graduate with distinction. Committed to ongoing professional development. Additional expertise in blueprint reading, contract management, and progress reporting. Committed to continuous learning and delivering high-impact results.",CONSTRUCTION
SYN_CON_0050,"construction professional aiming to lead large-scale building projects efficiently. Proven expertise in concrete technology, quantity surveying, and site management. Proficient in concrete technology, quantity surveying, and site management. Experienced with Primavera P6 and SAP2000. 4+ years as construction supervisor with a strong focus on subcontractor management, project planning, and team collaboration. Completed BSc Construction Management. Strong academic foundation complemented by practical experience. Additional expertise in MEP coordination, contract management, and building codes. Seeking to contribute meaningfully to a forward-thinking organization.",CONSTRUCTION
SYN_CON_0051,"civil engineer with strong site management and structural design expertise. Proven expertise in project planning, budget estimation, and concrete technology. Key skills: project planning, budget estimation, concrete technology. Familiar with SAP2000. Worked as construction supervisor for 2 years, handling quantity surveying and progress reporting responsibilities. Educational background: OSHA Safety Certification. Continuously updating skills in the field. Additional expertise in site management, RCC design, and subcontractor management. Committed to continuous learning and delivering high-impact results.",CONSTRUCTION
SYN_CON_0052,"seeking a construction project management role to deliver high-quality infrastructure on time. Proven expertise in project planning, safety compliance, and building codes. Key skills: project planning, safety compliance, building codes. Familiar with STAAD Pro. 3+ years as site engineer with a strong focus on subcontractor management, blueprint reading, and team collaboration. Holds a OSHA Safety Certification with specialization in relevant areas. Additional expertise in subcontractor management, surveying, and safety compliance. Eager to leverage skills to drive organizational growth and excellence.",CONSTRUCTION
SYN_CON_0053,"dedicated site engineer with expertise in RCC structures and safety compliance with 6 years of experience in surveying and budget estimation. Proficient in surveying, budget estimation, and contract management. Experienced with Primavera P6 and ETABS. Served as civil engineer at a leading organization, managing AutoCAD and overseeing MEP coordination. Educational background: BE Civil Engineering. Continuously updating skills in the field. Additional expertise in progress reporting, civil engineering, and project planning. Committed to continuous learning and delivering high-impact results.",CONSTRUCTION
SYN_CON_0054,"construction professional aiming to lead large-scale building projects efficiently with 12 years of experience in quantity surveying and budget estimation. Expertise spans quantity surveying, budget estimation, and building codes, supported by proficiency in AutoCAD. Successfully delivered project planning projects as project manager. Collaborated cross-functionally on progress reporting. Holds a BE Civil Engineering with specialization in relevant areas. Additional expertise in contract management, concrete technology, and surveying. Eager to leverage skills to drive organizational growth and excellence.",CONSTRUCTION
SYN_CON_0055,"Dynamic civil engineer specializing in contract management and budget estimation. civil engineer with strong site management and structural design expertise. Core competencies include contract management, budget estimation, site management, and surveying. Successfully delivered surveying projects as civil engineer. Collaborated cross-functionally on building codes. Completed BSc Construction Management. Strong academic foundation complemented by practical experience. Additional expertise in project planning, structural design, and contract management. Eager to leverage skills to drive organizational growth and excellence.",CONSTRUCTION
SYN_CON_0056,"dedicated site engineer with expertise in RCC structures and safety compliance. Proven expertise in concrete technology, AutoCAD, and site management. Core competencies include concrete technology, AutoCAD, site management, and building codes. Served as site engineer at a leading organization, managing building codes and overseeing civil engineering. Educational background: OSHA Safety Certification. Continuously updating skills in the field. Additional expertise in civil engineering, AutoCAD, and project planning. Eager to leverage skills to drive organizational growth and excellence.",CONSTRUCTION
SYN_CON_0057,"Motivated quantity surveyor with a passion for concrete technology. construction professional aiming to lead large-scale building projects efficiently. Strong background in concrete technology with hands-on experience using STAAD Pro and SAP2000. Successfully delivered structural design projects as quantity surveyor. Collaborated cross-functionally on site management. Educational background: PMP Certification. Continuously updating skills in the field. Additional expertise in structural design, AutoCAD, and budget estimation. Committed to continuous learning and delivering high-impact results.",CONSTRUCTION
SYN_CON_0058,"Dynamic quantity surveyor specializing in AutoCAD and progress reporting. civil engineer with strong site management and structural design expertise. Proficient in AutoCAD, progress reporting, and civil engineering. Experienced with Revit and AutoCAD. Successfully delivered concrete technology projects as quantity surveyor. Collaborated cross-functionally on subcontractor management. Educational background: PMP Certification. Continuously updating skills in the field. Additional expertise in AutoCAD, contract management, and building codes. Looking forward to taking on new challenges and growing professionally.",CONSTRUCTION
SYN_CON_0059,"seeking a construction project management role to deliver high-quality infrastructure on time. Proven expertise in progress reporting, AutoCAD, and safety compliance. Proficient in progress reporting, AutoCAD, and safety compliance. Experienced with MS Project and SAP2000. Served as quantity surveyor at a leading organization, managing MEP coordination and overseeing subcontractor management. Diploma in Civil Engineering graduate with distinction. Committed to ongoing professional development. Additional expertise in safety compliance, subcontractor management, and surveying. Committed to continuous learning and delivering high-impact results.",CONSTRUCTION
SYN_CON_0060,"civil engineer with strong site management and structural design expertise. Proven expertise in project planning, surveying, and blueprint reading. Expertise spans project planning, surveying, and blueprint reading, supported by proficiency in STAAD Pro. Served as project manager at a leading organization, managing RCC design and overseeing safety compliance. Educational background: BSc Construction Management. Continuously updating skills in the field. Additional expertise in budget estimation, civil engineering, and contract management. Seeking to contribute meaningfully to a forward-thinking organization.",CONSTRUCTION
SYN_CON_0061,"civil engineer with strong site management and structural design expertise. Proven expertise in contract management, RCC design, and MEP coordination. Core competencies include contract management, RCC design, MEP coordination, and structural design. Worked as project manager for 5 years, handling structural design and progress reporting responsibilities. Educational background: PMP Certification. Continuously updating skills in the field. Additional expertise in concrete technology, structural design, and blueprint reading. Seeking to contribute meaningfully to a forward-thinking organization.",CONSTRUCTION
SYN_CON_0062,"dedicated site engineer with expertise in RCC structures and safety compliance with 6 years of experience in site management and civil engineering. Proficient in site management, civil engineering, and subcontractor management. Experienced with SAP2000 and STAAD Pro. 6+ years as contracts manager with a strong focus on MEP coordination, concrete technology, and team collaboration. Educational background: BSc Construction Management. Continuously updating skills in the field. Additional expertise in structural design, MEP coordination, and building codes. Eager to leverage skills to drive organizational growth and excellence.",CONSTRUCTION
SYN_CON_0063,"Motivated project manager with a passion for site management. dedicated site engineer with expertise in RCC structures and safety compliance. Strong background in site management with hands-on experience using AutoCAD and ETABS. Served as project manager at a leading organization, managing concrete technology and overseeing blueprint reading. Holds a OSHA Safety Certification with specialization in relevant areas. Additional expertise in quantity surveying, surveying, and MEP coordination. Committed to continuous learning and delivering high-impact results.",CONSTRUCTION
SYN_CON_0064,"dedicated site engineer with expertise in RCC structures and safety compliance with 9 years of experience in civil engineering and RCC design. Expertise spans civil engineering, RCC design, and blueprint reading, supported by proficiency in Primavera P6. Worked as quantity surveyor for 9 years, handling budget estimation and site management responsibilities. Holds a BSc Construction Management with specialization in relevant areas. Additional expertise in contract management, budget estimation, and blueprint reading. Looking forward to taking on new challenges and growing professionally.",CONSTRUCTION
SYN_CON_0065,"dedicated site engineer with expertise in RCC structures and safety compliance. Proven expertise in quantity surveying, subcontractor management, and blueprint reading. Strong background in quantity surveying with hands-on experience using Primavera P6 and Revit. 9+ years as project manager with a strong focus on safety compliance, civil engineering, and team collaboration. Holds a PMP Certification with specialization in relevant areas. Additional expertise in building codes, safety compliance, and progress reporting. Eager to leverage skills to drive organizational growth and excellence.",CONSTRUCTION
SYN_CON_0066,"Dynamic site engineer specializing in surveying and civil engineering. civil engineer with strong site management and structural design expertise. Expertise spans surveying, civil engineering, and blueprint reading, supported by proficiency in ETABS. 11+ years as site engineer with a strong focus on project planning, progress reporting, and team collaboration. Holds a Diploma in Civil Engineering with specialization in relevant areas. Additional expertise in MEP coordination, AutoCAD, and structural design. Seeking to contribute meaningfully to a forward-thinking organization.",CONSTRUCTION
SYN_CON_0067,"civil engineer with strong site management and structural design expertise. Proven expertise in contract management, project planning, and concrete technology. Expertise spans contract management, project planning, and concrete technology, supported by proficiency in AutoCAD. Successfully delivered MEP coordination projects as construction supervisor. Collaborated cross-functionally on progress reporting. BE Civil Engineering graduate with distinction. Committed to ongoing professional development. Additional expertise in budget estimation, blueprint reading, and surveying. Eager to leverage skills to drive organizational growth and excellence.",CONSTRUCTION
SYN_CON_0068,"Motivated planning engineer with a passion for structural design. seeking a construction project management role to deliver high-quality infrastructure on time. Key skills: structural design, quantity surveying, building codes. Familiar with MS Project. 3+ years as planning engineer with a strong focus on blueprint reading, safety compliance, and team collaboration. Educational background: PMP Certification. Continuously updating skills in the field. Additional expertise in site management, budget estimation, and concrete technology. Committed to continuous learning and delivering high-impact results.",CONSTRUCTION
SYN_CON_0069,"Motivated civil engineer with a passion for project planning. construction professional aiming to lead large-scale building projects efficiently. Key skills: project planning, safety compliance, subcontractor management. Familiar with SAP2000. Served as civil engineer at a leading organization, managing quantity surveying and overseeing civil engineering. Completed Diploma in Civil Engineering. Strong academic foundation complemented by practical experience. Additional expertise in building codes, safety compliance, and progress reporting. Seeking to contribute meaningfully to a forward-thinking organization.",CONSTRUCTION
SYN_CON_0070,"Dynamic planning engineer specializing in AutoCAD and safety compliance. dedicated site engineer with expertise in RCC structures and safety compliance. Strong background in AutoCAD with hands-on experience using STAAD Pro and AutoCAD. Successfully delivered progress reporting projects as planning engineer. Collaborated cross-functionally on building codes. Completed BSc Construction Management. Strong academic foundation complemented by practical experience. Additional expertise in safety compliance, site management, and subcontractor management. Eager to leverage skills to drive organizational growth and excellence.",CONSTRUCTION
SYN_CON_0071,"seeking a construction project management role to deliver high-quality infrastructure on time with 5 years of experience in RCC design and quantity surveying. Strong background in RCC design with hands-on experience using STAAD Pro and SAP2000. Worked as civil engineer for 5 years, handling safety compliance and building codes responsibilities. Completed BSc Construction Management. Strong academic foundation complemented by practical experience. Additional expertise in budget estimation, blueprint reading, and concrete technology. Eager to leverage skills to drive organizational growth and excellence.",CONSTRUCTION
SYN_CON_0072,"dedicated site engineer with expertise in RCC structures and safety compliance with 10 years of experience in RCC design and project planning. Expertise spans RCC design, project planning, and blueprint reading, supported by proficiency in SAP2000. Successfully delivered building codes projects as civil engineer. Collaborated cross-functionally on surveying. BSc Construction Management graduate with distinction. Committed to ongoing professional development. Additional expertise in project planning, civil engineering, and safety compliance. Eager to leverage skills to drive organizational growth and excellence.",CONSTRUCTION
SYN_CON_0073,"construction professional aiming to lead large-scale building projects efficiently with 4 years of experience in quantity surveying and subcontractor management. Expertise spans quantity surveying, subcontractor management, and RCC design, supported by proficiency in Primavera P6. Successfully delivered AutoCAD projects as project manager. Collaborated cross-functionally on project planning. Completed BSc Construction Management. Strong academic foundation complemented by practical experience. Additional expertise in subcontractor management, project planning, and budget estimation. Committed to continuous learning and delivering high-impact results.",CONSTRUCTION
SYN_CON_0074,"seeking a construction project management role to deliver high-quality infrastructure on time with 1 years of experience in site management and project planning. Core competencies include site management, project planning, AutoCAD, and subcontractor management. Successfully delivered subcontractor management projects as site engineer. Collaborated cross-functionally on blueprint reading. Completed BSc Construction Management. Strong academic foundation complemented by practical experience. Additional expertise in surveying, MEP coordination, and quantity surveying. Looking forward to taking on new challenges and growing professionally.",CONSTRUCTION
SYN_CON_0075,"Motivated planning engineer with a passion for building codes. seeking a construction project management role to deliver high-quality infrastructure on time. Proficient in building codes, MEP coordination, and structural design. Experienced with ETABS and AutoCAD. 7+ years as planning engineer with a strong focus on site management, civil engineering, and team collaboration. Educational background: BE Civil Engineering. Continuously updating skills in the field. Additional expertise in budget estimation, subcontractor management, and contract management. Committed to continuous learning and delivering high-impact results.",CONSTRUCTION
SYN_CON_0076,"seeking a construction project management role to deliver high-quality infrastructure on time. Proven expertise in blueprint reading, AutoCAD, and progress reporting. Proficient in blueprint reading, AutoCAD, and progress reporting. Experienced with ETABS and SAP2000. Served as site engineer at a leading organization, managing building codes and overseeing structural design. Diploma in Civil Engineering graduate with distinction. Committed to ongoing professional development. Additional expertise in contract management, RCC design, and AutoCAD. Committed to continuous learning and delivering high-impact results.",CONSTRUCTION
SYN_CON_0077,"Motivated project manager with a passion for safety compliance. civil engineer with strong site management and structural design expertise. Core competencies include safety compliance, quantity surveying, contract management, and concrete technology. Successfully delivered concrete technology projects as project manager. Collaborated cross-functionally on blueprint reading. PMP Certification graduate with distinction. Committed to ongoing professional development. Additional expertise in progress reporting, MEP coordination, and subcontractor management. Seeking to contribute meaningfully to a forward-thinking organization.",CONSTRUCTION
SYN_CON_0078,"construction professional aiming to lead large-scale building projects efficiently with 1 years of experience in civil engineering and blueprint reading. Proficient in civil engineering, blueprint reading, and progress reporting. Experienced with MS Project and Primavera P6. Successfully delivered site management projects as project manager. Collaborated cross-functionally on contract management. Educational background: BSc Construction Management. Continuously updating skills in the field. Additional expertise in concrete technology, structural design, and AutoCAD. Eager to leverage skills to drive organizational growth and excellence.",CONSTRUCTION
SYN_CON_0079,"dedicated site engineer with expertise in RCC structures and safety compliance with 6 years of experience in building codes and civil engineering. Key skills: building codes, civil engineering, progress reporting. Familiar with Revit. Successfully delivered blueprint reading projects as quantity surveyor. Collaborated cross-functionally on contract management. BSc Construction Management graduate with distinction. Committed to ongoing professional development. Additional expertise in quantity surveying, blueprint reading, and contract management. Looking forward to taking on new challenges and growing professionally.",CONSTRUCTION
SYN_CON_0080,"seeking a construction project management role to deliver high-quality infrastructure on time. Proven expertise in site management, concrete technology, and subcontractor management. Key skills: site management, concrete technology, subcontractor management. Familiar with Revit. Worked as site engineer for 5 years, handling project planning and AutoCAD responsibilities. Educational background: BE Civil Engineering. Continuously updating skills in the field. Additional expertise in budget estimation, building codes, and safety compliance. Seeking to contribute meaningfully to a forward-thinking organization.",CONSTRUCTION
SYN_CON_0081,"Motivated project manager with a passion for site management. construction professional aiming to lead large-scale building projects efficiently. Expertise spans site management, civil engineering, and contract management, supported by proficiency in STAAD Pro. Served as project manager at a leading organization, managing AutoCAD and overseeing safety compliance. Holds a PMP Certification with specialization in relevant areas. Additional expertise in concrete technology, contract management, and safety compliance. Eager to leverage skills to drive organizational growth and excellence.",CONSTRUCTION
SYN_CON_0082,"Dynamic planning engineer specializing in safety compliance and concrete technology. construction professional aiming to lead large-scale building projects efficiently. Expertise spans safety compliance, concrete technology, and civil engineering, supported by proficiency in ETABS. Served as planning engineer at a leading organization, managing contract management and overseeing quantity surveying. Educational background: Diploma in Civil Engineering. Continuously updating skills in the field. Additional expertise in RCC design, project planning, and quantity surveying. Seeking to contribute meaningfully to a forward-thinking organization.",CONSTRUCTION
SYN_CON_0083,"seeking a construction project management role to deliver high-quality infrastructure on time with 2 years of experience in AutoCAD and budget estimation. Key skills: AutoCAD, budget estimation, quantity surveying. Familiar with Primavera P6. Worked as structural engineer for 2 years, handling subcontractor management and structural design responsibilities. BSc Construction Management graduate with distinction. Committed to ongoing professional development. Additional expertise in quantity surveying, subcontractor management, and RCC design. Seeking to contribute meaningfully to a forward-thinking organization.",CONSTRUCTION
SYN_CON_0084,"Motivated planning engineer with a passion for blueprint reading. construction professional aiming to lead large-scale building projects efficiently. Core competencies include blueprint reading, safety compliance, contract management, and building codes. Served as planning engineer at a leading organization, managing building codes and overseeing project planning. Holds a BE Civil Engineering with specialization in relevant areas. Additional expertise in safety compliance, site management, and concrete technology. Looking forward to taking on new challenges and growing professionally.",CONSTRUCTION
SYN_CON_0085,"Dynamic project manager specializing in site management and quantity surveying. construction professional aiming to lead large-scale building projects efficiently. Strong background in site management with hands-on experience using ETABS and STAAD Pro. Worked as project manager for 6 years, handling safety compliance and subcontractor management responsibilities. BSc Construction Management graduate with distinction. Committed to ongoing professional development. Additional expertise in subcontractor management, building codes, and blueprint reading. Seeking to contribute meaningfully to a forward-thinking organization.",CONSTRUCTION
SYN_CON_0086,"construction professional aiming to lead large-scale building projects efficiently with 7 years of experience in project planning and quantity surveying. Strong background in project planning with hands-on experience using MS Project and ETABS. Served as site engineer at a leading organization, managing MEP coordination and overseeing concrete technology. Completed Diploma in Civil Engineering. Strong academic foundation complemented by practical experience. Additional expertise in subcontractor management, quantity surveying, and project planning. Looking forward to taking on new challenges and growing professionally.",CONSTRUCTION
SYN_CON_0087,"seeking a construction project management role to deliver high-quality infrastructure on time with 8 years of experience in budget estimation and site management. Proficient in budget estimation, site management, and surveying. Experienced with ETABS and Primavera P6. Worked as site engineer for 8 years, handling RCC design and contract management responsibilities. BE Civil Engineering graduate with distinction. Committed to ongoing professional development. Additional expertise in MEP coordination, blueprint reading, and civil engineering. Seeking to contribute meaningfully to a forward-thinking organization.",CONSTRUCTION
SYN_HEA_0000,"Motivated healthcare assistant with a passion for diagnostic procedures. compassionate healthcare professional committed to delivering high-quality patient-centered care. Proficient in diagnostic procedures, triage, and clinical assessment. Experienced with Epic EHR and Cerner. Successfully delivered infection control projects as healthcare assistant. Collaborated cross-functionally on medical terminology. MBBS graduate with distinction. Committed to ongoing professional development. Additional expertise in medication administration, triage, and emergency care. Committed to continuous learning and delivering high-impact results.",HEALTHCARE
SYN_HEA_0001,"Dynamic clinical officer specializing in wound management and phlebotomy. dedicated physician with expertise in diagnosis and treatment of acute and chronic conditions. Core competencies include wound management, phlebotomy, patient care, and rehabilitation. Worked as clinical officer for 4 years, handling rehabilitation and health education responsibilities. MBBS graduate with distinction. Committed to ongoing professional development. Additional expertise in vital signs monitoring, diagnostic procedures, and patient advocacy. Eager to leverage skills to drive organizational growth and excellence.",HEALTHCARE
SYN_HEA_0002,"Motivated healthcare assistant with a passion for health promotion. compassionate healthcare professional committed to delivering high-quality patient-centered care. Proficient in health promotion, phlebotomy, and diagnostic procedures. Experienced with medical imaging and ECG machines. Successfully delivered rehabilitation projects as healthcare assistant. Collaborated cross-functionally on patient care. Completed MBBS. Strong academic foundation complemented by practical experience. Additional expertise in medical records, emergency care, and triage. Eager to leverage skills to drive organizational growth and excellence.",HEALTHCARE
SYN_HEA_0003,"Dynamic medical laboratory technician specializing in EHR systems and medication administration. registered nurse seeking a challenging clinical role in a dynamic hospital environment. Proficient in EHR systems, medication administration, and emergency care. Experienced with point-of-care testing and medical imaging. Served as medical laboratory technician at a leading organization, managing triage and overseeing health promotion. Educational background: MBBS. Continuously updating skills in the field. Additional expertise in nursing, medical records, and medication administration. Seeking to contribute meaningfully to a forward-thinking organization.",HEALTHCARE
SYN_HEA_0004,"healthcare worker passionate about improving patient outcomes and community health with 4 years of experience in triage and medical terminology. Core competencies include triage, medical terminology, vital signs monitoring, and health education. Served as physician at a leading organization, managing health education and overseeing rehabilitation. BSc Nursing graduate with distinction. Committed to ongoing professional development. Additional expertise in medical records, infection control, and triage. Looking forward to taking on new challenges and growing professionally.",HEALTHCARE
SYN_HEA_0005,"dedicated physician with expertise in diagnosis and treatment of acute and chronic conditions with 1 years of experience in vital signs monitoring and diagnostic procedures. Core competencies include vital signs monitoring, diagnostic procedures, infection control, and wound management. Successfully delivered wound management projects as clinical officer. Collaborated cross-functionally on patient care. Educational background: BLS Certification. Continuously updating skills in the field. Additional expertise in wound management, nursing, and diagnostic procedures. Committed to continuous learning and delivering high-impact results.",HEALTHCARE
SYN_HEA_0006,"healthcare worker passionate about improving patient outcomes and community health. Proven expertise in triage, medication administration, and phlebotomy. Proficient in triage, medication administration, and phlebotomy. Experienced with ECG machines and Epic EHR. Served as clinical officer at a leading organization, managing clinical assessment and overseeing patient care. Completed ACLS Certification. Strong academic foundation complemented by practical experience. Additional expertise in triage, patient advocacy, and medication administration. Looking forward to taking on new challenges and growing professionally.",HEALTHCARE
SYN_HEA_0007,"healthcare worker passionate about improving patient outcomes and community health with 4 years of experience in phlebotomy and health education. Strong background in phlebotomy with hands-on experience using medical imaging and Cerner. Served as emergency nurse at a leading organization, managing patient advocacy and overseeing wound management. BSc Nursing graduate with distinction. Committed to ongoing professional development. Additional expertise in patient care, health promotion, and patient advocacy. Committed to continuous learning and delivering high-impact results.",HEALTHCARE
SYN_HEA_0008,"compassionate healthcare professional committed to delivering high-quality patient-centered care with 7 years of experience in health promotion and health education. Key skills: health promotion, health education, diagnostic procedures. Familiar with Meditech. Served as emergency nurse at a leading organization, managing wound management and overseeing phlebotomy. Holds a ACLS Certification with specialization in relevant areas. Additional expertise in medication administration, phlebotomy, and health education. Looking forward to taking on new challenges and growing professionally.",HEALTHCARE
SYN_HEA_0009,"healthcare worker passionate about improving patient outcomes and community health. Proven expertise in EHR systems, patient care, and medical terminology. Proficient in EHR systems, patient care, and medical terminology. Experienced with ECG machines and Cerner. Served as clinical officer at a leading organization, managing wound management and overseeing health education. Holds a MBBS with specialization in relevant areas. Additional expertise in vital signs monitoring, medical terminology, and diagnostic procedures. Committed to continuous learning and delivering high-impact results.",HEALTHCARE
SYN_HEA_0010,"Dynamic physiotherapist specializing in phlebotomy and infection control. healthcare worker passionate about improving patient outcomes and community health. Expertise spans phlebotomy, infection control, and patient care, supported by proficiency in Cerner. 10+ years as physiotherapist with a strong focus on medical records, rehabilitation, and team collaboration. Completed BSc Nursing. Strong academic foundation complemented by practical experience. Additional expertise in vital signs monitoring, infection control, and medical terminology. Seeking to contribute meaningfully to a forward-thinking organization.",HEALTHCARE
SYN_HEA_0011,"Motivated physiotherapist with a passion for phlebotomy. healthcare worker passionate about improving patient outcomes and community health. Core competencies include phlebotomy, triage, rehabilitation, and diagnostic procedures. Served as physiotherapist at a leading organization, managing diagnostic procedures and overseeing health promotion. MD Internal Medicine graduate with distinction. Committed to ongoing professional development. Additional expertise in rehabilitation, diagnostic procedures, and health promotion. Eager to leverage skills to drive organizational growth and excellence.",HEALTHCARE
SYN_HEA_0012,"Dynamic registered nurse specializing in diagnostic procedures and medical records. healthcare worker passionate about improving patient outcomes and community health. Expertise spans diagnostic procedures, medical records, and triage, supported by proficiency in point-of-care testing. Served as registered nurse at a leading organization, managing EHR systems and overseeing medical terminology. BLS Certification graduate with distinction. Committed to ongoing professional development. Additional expertise in triage, health promotion, and vital signs monitoring. Eager to leverage skills to drive organizational growth and excellence.",HEALTHCARE
SYN_HEA_0013,"compassionate healthcare professional committed to delivering high-quality patient-centered care with 11 years of experience in phlebotomy and medical terminology. Strong background in phlebotomy with hands-on experience using ECG machines and Meditech. Worked as medical laboratory technician for 11 years, handling emergency care and triage responsibilities. Completed ACLS Certification. Strong academic foundation complemented by practical experience. Additional expertise in diagnostic procedures, phlebotomy, and medical terminology. Committed to continuous learning and delivering high-impact results.",HEALTHCARE
SYN_HEA_0014,"Dynamic registered nurse specializing in wound management and medication administration. compassionate healthcare professional committed to delivering high-quality patient-centered care. Expertise spans wound management, medication administration, and medical terminology, supported by proficiency in Cerner. Successfully delivered patient advocacy projects as registered nurse. Collaborated cross-functionally on triage. Educational background: Diploma in Medical Lab Technology. Continuously updating skills in the field. Additional expertise in vital signs monitoring, EHR systems, and infection control. Eager to leverage skills to drive organizational growth and excellence.",HEALTHCARE
SYN_HEA_0015,"dedicated physician with expertise in diagnosis and treatment of acute and chronic conditions. Proven expertise in health education, emergency care, and nursing. Expertise spans health education, emergency care, and nursing, supported by proficiency in Cerner. 7+ years as clinical officer with a strong focus on medication administration, triage, and team collaboration. Diploma in Medical Lab Technology graduate with distinction. Committed to ongoing professional development. Additional expertise in medication administration, medical terminology, and diagnostic procedures. Eager to leverage skills to drive organizational growth and excellence.",HEALTHCARE
SYN_HEA_0016,"Motivated ward nurse with a passion for health education. registered nurse seeking a challenging clinical role in a dynamic hospital environment. Strong background in health education with hands-on experience using Epic EHR and medical imaging. Worked as ward nurse for 12 years, handling clinical assessment and nursing responsibilities. BLS Certification graduate with distinction. Committed to ongoing professional development. Additional expertise in triage, wound management, and diagnostic procedures. Looking forward to taking on new challenges and growing professionally.",HEALTHCARE
SYN_HEA_0017,"dedicated physician with expertise in diagnosis and treatment of acute and chronic conditions with 5 years of experience in health education and patient care. Key skills: health education, patient care, emergency care. Familiar with Epic EHR. Successfully delivered vital signs monitoring projects as healthcare assistant. Collaborated cross-functionally on medical terminology. Educational background: ACLS Certification. Continuously updating skills in the field. Additional expertise in clinical assessment, emergency care, and medical terminology. Eager to leverage skills to drive organizational growth and excellence.",HEALTHCARE
SYN_HEA_0018,"dedicated physician with expertise in diagnosis and treatment of acute and chronic conditions. Proven expertise in diagnostic procedures, infection control, and medical records. Proficient in diagnostic procedures, infection control, and medical records. Experienced with Epic EHR and Cerner. Served as registered nurse at a leading organization, managing medication administration and overseeing vital signs monitoring. Educational background: MBBS. Continuously updating skills in the field. Additional expertise in EHR systems, emergency care, and patient advocacy. Committed to continuous learning and delivering high-impact results.",HEALTHCARE
SYN_HEA_0019,"healthcare worker passionate about improving patient outcomes and community health with 6 years of experience in clinical assessment and patient care. Proficient in clinical assessment, patient care, and wound management. Experienced with ECG machines and Epic EHR. 6+ years as medical laboratory technician with a strong focus on patient advocacy, medical records, and team collaboration. Educational background: ACLS Certification. Continuously updating skills in the field. Additional expertise in rehabilitation, diagnostic procedures, and nursing. Committed to continuous learning and delivering high-impact results.",HEALTHCARE
SYN_HEA_0020,"compassionate healthcare professional committed to delivering high-quality patient-centered care. Proven expertise in EHR systems, vital signs monitoring, and health education. Core competencies include EHR systems, vital signs monitoring, health education, and patient advocacy. 5+ years as clinical officer with a strong focus on patient advocacy, wound management, and team collaboration. ACLS Certification graduate with distinction. Committed to ongoing professional development. Additional expertise in patient advocacy, clinical assessment, and medical terminology. Committed to continuous learning and delivering high-impact results.",HEALTHCARE
SYN_HEA_0021,"Dynamic emergency nurse specializing in vital signs monitoring and health promotion. dedicated physician with expertise in diagnosis and treatment of acute and chronic conditions. Strong background in vital signs monitoring with hands-on experience using ECG machines and Cerner. 3+ years as emergency nurse with a strong focus on wound management, medication administration, and team collaboration. Completed MD Internal Medicine. Strong academic foundation complemented by practical experience. Additional expertise in medication administration, triage, and vital signs monitoring. Looking forward to taking on new challenges and growing professionally.",HEALTHCARE
SYN_HEA_0022,"healthcare worker passionate about improving patient outcomes and community health. Proven expertise in patient care, vital signs monitoring, and phlebotomy. Expertise spans patient care, vital signs monitoring, and phlebotomy, supported by proficiency in Meditech. Served as physician at a leading organization, managing rehabilitation and overseeing health promotion. Holds a Diploma in Medical Lab Technology with specialization in relevant areas. Additional expertise in health education, vital signs monitoring, and nursing. Looking forward to taking on new challenges and growing professionally.",HEALTHCARE
SYN_HEA_0023,"compassionate healthcare professional committed to delivering high-quality patient-centered care with 6 years of experience in medical terminology and health promotion. Strong background in medical terminology with hands-on experience using ECG machines and point-of-care testing. 6+ years as physician with a strong focus on wound management, nursing, and team collaboration. Completed BSc Nursing. Strong academic foundation complemented by practical experience. Additional expertise in triage, phlebotomy, and diagnostic procedures. Committed to continuous learning and delivering high-impact results.",HEALTHCARE
SYN_HEA_0024,"Motivated clinical officer with a passion for rehabilitation. registered nurse seeking a challenging clinical role in a dynamic hospital environment. Expertise spans rehabilitation, phlebotomy, and infection control, supported by proficiency in ECG machines. Served as clinical officer at a leading organization, managing medical terminology and overseeing emergency care. Completed ACLS Certification. Strong academic foundation complemented by practical experience. Additional expertise in infection control, emergency care, and medical records. Eager to leverage skills to drive organizational growth and excellence.",HEALTHCARE
SYN_HEA_0025,"registered nurse seeking a challenging clinical role in a dynamic hospital environment with 4 years of experience in medical records and vital signs monitoring. Key skills: medical records, vital signs monitoring, emergency care. Familiar with Epic EHR. Worked as physician for 4 years, handling infection control and phlebotomy responsibilities. Holds a Diploma in Medical Lab Technology with specialization in relevant areas. Additional expertise in triage, health education, and patient advocacy. Looking forward to taking on new challenges and growing professionally.",HEALTHCARE
SYN_HEA_0026,"healthcare worker passionate about improving patient outcomes and community health. Proven expertise in patient care, medication administration, and health promotion. Strong background in patient care with hands-on experience using Epic EHR and point-of-care testing. Successfully delivered emergency care projects as clinical officer. Collaborated cross-functionally on wound management. BSc Nursing graduate with distinction. Committed to ongoing professional development. Additional expertise in medical terminology, wound management, and EHR systems. Looking forward to taking on new challenges and growing professionally.",HEALTHCARE
SYN_HEA_0027,"registered nurse seeking a challenging clinical role in a dynamic hospital environment. Proven expertise in clinical assessment, medical terminology, and vital signs monitoring. Proficient in clinical assessment, medical terminology, and vital signs monitoring. Experienced with ECG machines and point-of-care testing. Successfully delivered infection control projects as clinical officer. Collaborated cross-functionally on phlebotomy. Holds a ACLS Certification with specialization in relevant areas. Additional expertise in phlebotomy, medication administration, and rehabilitation. Seeking to contribute meaningfully to a forward-thinking organization.",HEALTHCARE
SYN_HEA_0028,"healthcare worker passionate about improving patient outcomes and community health with 11 years of experience in emergency care and phlebotomy. Strong background in emergency care with hands-on experience using Meditech and medical imaging. Served as clinical officer at a leading organization, managing diagnostic procedures and overseeing EHR systems. Educational background: MBBS. Continuously updating skills in the field. Additional expertise in vital signs monitoring, emergency care, and patient advocacy. Eager to leverage skills to drive organizational growth and excellence.",HEALTHCARE
SYN_HEA_0029,"compassionate healthcare professional committed to delivering high-quality patient-centered care. Proven expertise in infection control, health education, and vital signs monitoring. Strong background in infection control with hands-on experience using ECG machines and Cerner. 11+ years as ward nurse with a strong focus on nursing, medical records, and team collaboration. Completed MD Internal Medicine. Strong academic foundation complemented by practical experience. Additional expertise in patient advocacy, nursing, and health promotion. Committed to continuous learning and delivering high-impact results.",HEALTHCARE
SYN_HEA_0030,"healthcare worker passionate about improving patient outcomes and community health. Proven expertise in health education, patient care, and medical terminology. Key skills: health education, patient care, medical terminology. Familiar with medical imaging. Successfully delivered vital signs monitoring projects as medical laboratory technician. Collaborated cross-functionally on patient advocacy. Holds a BSc Nursing with specialization in relevant areas. Additional expertise in medication administration, phlebotomy, and rehabilitation. Seeking to contribute meaningfully to a forward-thinking organization.",HEALTHCARE
SYN_HEA_0031,"registered nurse seeking a challenging clinical role in a dynamic hospital environment. Proven expertise in rehabilitation, triage, and health promotion. Core competencies include rehabilitation, triage, health promotion, and EHR systems. Served as registered nurse at a leading organization, managing EHR systems and overseeing clinical assessment. Holds a MD Internal Medicine with specialization in relevant areas. Additional expertise in nursing, vital signs monitoring, and EHR systems. Committed to continuous learning and delivering high-impact results.",HEALTHCARE
SYN_HEA_0032,"compassionate healthcare professional committed to delivering high-quality patient-centered care. Proven expertise in wound management, health promotion, and rehabilitation. Strong background in wound management with hands-on experience using medical imaging and point-of-care testing. 1+ years as medical laboratory technician with a strong focus on phlebotomy, triage, and team collaboration. Educational background: BSc Nursing. Continuously updating skills in the field. Additional expertise in health education, diagnostic procedures, and clinical assessment. Seeking to contribute meaningfully to a forward-thinking organization.",HEALTHCARE
SYN_HEA_0033,"dedicated physician with expertise in diagnosis and treatment of acute and chronic conditions with 4 years of experience in diagnostic procedures and medical records. Proficient in diagnostic procedures, medical records, and medical terminology. Experienced with Cerner and Meditech. Served as registered nurse at a leading organization, managing clinical assessment and overseeing health education. Educational background: MD Internal Medicine. Continuously updating skills in the field. Additional expertise in EHR systems, patient care, and medical records. Looking forward to taking on new challenges and growing professionally.",HEALTHCARE
SYN_HEA_0034,"registered nurse seeking a challenging clinical role in a dynamic hospital environment with 1 years of experience in emergency care and patient care. Expertise spans emergency care, patient care, and patient advocacy, supported by proficiency in ECG machines. Worked as emergency nurse for 1 years, handling health education and clinical assessment responsibilities. Educational background: MD Internal Medicine. Continuously updating skills in the field. Additional expertise in diagnostic procedures, clinical assessment, and vital signs monitoring. Eager to leverage skills to drive organizational growth and excellence.",HEALTHCARE
SYN_HEA_0035,"compassionate healthcare professional committed to delivering high-quality patient-centered care with 11 years of experience in rehabilitation and patient advocacy. Proficient in rehabilitation, patient advocacy, and phlebotomy. Experienced with Epic EHR and ECG machines. Successfully delivered diagnostic procedures projects as medical laboratory technician. Collaborated cross-functionally on medical terminology. BSc Nursing graduate with distinction. Committed to ongoing professional development. Additional expertise in nursing, vital signs monitoring, and medication administration. Seeking to contribute meaningfully to a forward-thinking organization.",HEALTHCARE
SYN_HEA_0036,"Motivated registered nurse with a passion for medical terminology. registered nurse seeking a challenging clinical role in a dynamic hospital environment. Expertise spans medical terminology, triage, and rehabilitation, supported by proficiency in medical imaging. Served as registered nurse at a leading organization, managing health promotion and overseeing nursing. ACLS Certification graduate with distinction. Committed to ongoing professional development. Additional expertise in diagnostic procedures, medical terminology, and emergency care. Seeking to contribute meaningfully to a forward-thinking organization.",HEALTHCARE
SYN_HEA_0037,"dedicated physician with expertise in diagnosis and treatment of acute and chronic conditions. Proven expertise in nursing, vital signs monitoring, and infection control. Strong background in nursing with hands-on experience using Cerner and Epic EHR. Worked as emergency nurse for 9 years, handling medical records and clinical assessment responsibilities. Completed Diploma in Medical Lab Technology. Strong academic foundation complemented by practical experience. Additional expertise in vital signs monitoring, phlebotomy, and infection control. Committed to continuous learning and delivering high-impact results.",HEALTHCARE
SYN_HEA_0038,"Motivated registered nurse with a passion for EHR systems. registered nurse seeking a challenging clinical role in a dynamic hospital environment. Core competencies include EHR systems, phlebotomy, diagnostic procedures, and patient advocacy. Successfully delivered patient advocacy projects as registered nurse. Collaborated cross-functionally on health promotion. Holds a BLS Certification with specialization in relevant areas. Additional expertise in nursing, health education, and rehabilitation. Seeking to contribute meaningfully to a forward-thinking organization.",HEALTHCARE
SYN_HEA_0039,"Motivated physiotherapist with a passion for phlebotomy. healthcare worker passionate about improving patient outcomes and community health. Proficient in phlebotomy, medical terminology, and EHR systems. Experienced with Meditech and ECG machines. Served as physiotherapist at a leading organization, managing emergency care and overseeing vital signs monitoring. Holds a BSc Nursing with specialization in relevant areas. Additional expertise in vital signs monitoring, health promotion, and clinical assessment. Committed to continuous learning and delivering high-impact results.",HEALTHCARE
SYN_HEA_0040,"registered nurse seeking a challenging clinical role in a dynamic hospital environment with 8 years of experience in health education and health promotion. Key skills: health education, health promotion, wound management. Familiar with medical imaging. Successfully delivered patient care projects as healthcare assistant. Collaborated cross-functionally on medical records. Holds a BLS Certification with specialization in relevant areas. Additional expertise in patient advocacy, health education, and vital signs monitoring. Eager to leverage skills to drive organizational growth and excellence.",HEALTHCARE
SYN_HEA_0041,"dedicated physician with expertise in diagnosis and treatment of acute and chronic conditions with 5 years of experience in medication administration and patient care. Proficient in medication administration, patient care, and health education. Experienced with Epic EHR and Meditech. 5+ years as physician with a strong focus on EHR systems, rehabilitation, and team collaboration. MD Internal Medicine graduate with distinction. Committed to ongoing professional development. Additional expertise in health promotion, rehabilitation, and EHR systems. Committed to continuous learning and delivering high-impact results.",HEALTHCARE
SYN_HEA_0042,"healthcare worker passionate about improving patient outcomes and community health with 10 years of experience in EHR systems and phlebotomy. Core competencies include EHR systems, phlebotomy, infection control, and emergency care. 10+ years as physician with a strong focus on emergency care, patient advocacy, and team collaboration. MD Internal Medicine graduate with distinction. Committed to ongoing professional development. Additional expertise in patient advocacy, patient care, and nursing. Seeking to contribute meaningfully to a forward-thinking organization.",HEALTHCARE
SYN_HEA_0043,"compassionate healthcare professional committed to delivering high-quality patient-centered care with 1 years of experience in emergency care and patient care. Key skills: emergency care, patient care, patient advocacy. Familiar with point-of-care testing. Served as physician at a leading organization, managing wound management and overseeing nursing. BLS Certification graduate with distinction. Committed to ongoing professional development. Additional expertise in triage, clinical assessment, and patient care. Seeking to contribute meaningfully to a forward-thinking organization.",HEALTHCARE
SYN_HEA_0044,"Dynamic emergency nurse specializing in patient care and nursing. registered nurse seeking a challenging clinical role in a dynamic hospital environment. Key skills: patient care, nursing, medical terminology. Familiar with Epic EHR. Worked as emergency nurse for 10 years, handling EHR systems and phlebotomy responsibilities. Educational background: MBBS. Continuously updating skills in the field. Additional expertise in clinical assessment, rehabilitation, and health education. Looking forward to taking on new challenges and growing professionally.",HEALTHCARE
SYN_HEA_0045,"dedicated physician with expertise in diagnosis and treatment of acute and chronic conditions with 9 years of experience in wound management and health promotion. Proficient in wound management, health promotion, and infection control. Experienced with Meditech and Epic EHR. Successfully delivered nursing projects as registered nurse. Collaborated cross-functionally on diagnostic procedures. Educational background: MD Internal Medicine. Continuously updating skills in the field. Additional expertise in EHR systems, triage, and phlebotomy. Committed to continuous learning and delivering high-impact results.",HEALTHCARE
SYN_HEA_0046,"dedicated physician with expertise in diagnosis and treatment of acute and chronic conditions. Proven expertise in patient care, emergency care, and nursing. Key skills: patient care, emergency care, nursing. Familiar with Meditech. 8+ years as ward nurse with a strong focus on wound management, phlebotomy, and team collaboration. BLS Certification graduate with distinction. Committed to ongoing professional development. Additional expertise in diagnostic procedures, patient advocacy, and vital signs monitoring. Seeking to contribute meaningfully to a forward-thinking organization.",HEALTHCARE
SYN_HEA_0047,"Motivated physician with a passion for health promotion. registered nurse seeking a challenging clinical role in a dynamic hospital environment. Strong background in health promotion with hands-on experience using point-of-care testing and ECG machines. Worked as physician for 3 years, handling triage and vital signs monitoring responsibilities. Holds a BLS Certification with specialization in relevant areas. Additional expertise in nursing, clinical assessment, and rehabilitation. Committed to continuous learning and delivering high-impact results.",HEALTHCARE
SYN_HEA_0048,"Motivated physician with a passion for wound management. compassionate healthcare professional committed to delivering high-quality patient-centered care. Core competencies include wound management, health education, medical records, and patient advocacy. Worked as physician for 1 years, handling patient advocacy and EHR systems responsibilities. Completed MD Internal Medicine. Strong academic foundation complemented by practical experience. Additional expertise in medication administration, clinical assessment, and wound management. Seeking to contribute meaningfully to a forward-thinking organization.",HEALTHCARE
SYN_HEA_0049,"Dynamic emergency nurse specializing in health education and medical records. healthcare worker passionate about improving patient outcomes and community health. Expertise spans health education, medical records, and emergency care, supported by proficiency in ECG machines. 11+ years as emergency nurse with a strong focus on phlebotomy, infection control, and team collaboration. Holds a ACLS Certification with specialization in relevant areas. Additional expertise in patient advocacy, diagnostic procedures, and nursing. Eager to leverage skills to drive organizational growth and excellence.",HEALTHCARE
SYN_HEA_0050,"compassionate healthcare professional committed to delivering high-quality patient-centered care. Proven expertise in health promotion, wound management, and health education. Expertise spans health promotion, wound management, and health education, supported by proficiency in Cerner. 8+ years as emergency nurse with a strong focus on nursing, patient advocacy, and team collaboration. Holds a MD Internal Medicine with specialization in relevant areas. Additional expertise in rehabilitation, patient care, and medical records. Looking forward to taking on new challenges and growing professionally.",HEALTHCARE
SYN_HEA_0051,"Dynamic ward nurse specializing in emergency care and rehabilitation. registered nurse seeking a challenging clinical role in a dynamic hospital environment. Proficient in emergency care, rehabilitation, and clinical assessment. Experienced with Meditech and Epic EHR. Served as ward nurse at a leading organization, managing wound management and overseeing health education. Holds a Diploma in Medical Lab Technology with specialization in relevant areas. Additional expertise in wound management, nursing, and medical records. Eager to leverage skills to drive organizational growth and excellence.",HEALTHCARE
SYN_HEA_0052,"Motivated emergency nurse with a passion for rehabilitation. compassionate healthcare professional committed to delivering high-quality patient-centered care. Strong background in rehabilitation with hands-on experience using Epic EHR and ECG machines. Served as emergency nurse at a leading organization, managing phlebotomy and overseeing medical terminology. Educational background: BSc Nursing. Continuously updating skills in the field. Additional expertise in nursing, rehabilitation, and EHR systems. Eager to leverage skills to drive organizational growth and excellence.",HEALTHCARE
SYN_HEA_0053,"Dynamic healthcare assistant specializing in medication administration and clinical assessment. compassionate healthcare professional committed to delivering high-quality patient-centered care. Proficient in medication administration, clinical assessment, and patient care. Experienced with point-of-care testing and ECG machines. Served as healthcare assistant at a leading organization, managing vital signs monitoring and overseeing wound management. Educational background: ACLS Certification. Continuously updating skills in the field. Additional expertise in diagnostic procedures, medical records, and infection control. Committed to continuous learning and delivering high-impact results.",HEALTHCARE
SYN_HEA_0054,"healthcare worker passionate about improving patient outcomes and community health with 11 years of experience in wound management and medication administration. Strong background in wound management with hands-on experience using point-of-care testing and ECG machines. Worked as physician for 11 years, handling phlebotomy and rehabilitation responsibilities. Completed BSc Nursing. Strong academic foundation complemented by practical experience. Additional expertise in health education, nursing, and wound management. Seeking to contribute meaningfully to a forward-thinking organization.",HEALTHCARE
SYN_HEA_0055,"Motivated physician with a passion for health promotion. healthcare worker passionate about improving patient outcomes and community health. Key skills: health promotion, health education, medication administration. Familiar with ECG machines. 1+ years as physician with a strong focus on triage, vital signs monitoring, and team collaboration. Holds a MD Internal Medicine with specialization in relevant areas. Additional expertise in rehabilitation, diagnostic procedures, and medication administration. Looking forward to taking on new challenges and growing professionally.",HEALTHCARE
SYN_HEA_0056,"Dynamic ward nurse specializing in diagnostic procedures and phlebotomy. dedicated physician with expertise in diagnosis and treatment of acute and chronic conditions. Expertise spans diagnostic procedures, phlebotomy, and health education, supported by proficiency in point-of-care testing. 10+ years as ward nurse with a strong focus on EHR systems, vital signs monitoring, and team collaboration. Educational background: Diploma in Medical Lab Technology. Continuously updating skills in the field. Additional expertise in medical records, rehabilitation, and patient care. Eager to leverage skills to drive organizational growth and excellence.",HEALTHCARE
SYN_HEA_0057,"Motivated physician with a passion for EHR systems. registered nurse seeking a challenging clinical role in a dynamic hospital environment. Expertise spans EHR systems, health education, and patient advocacy, supported by proficiency in Meditech. Successfully delivered vital signs monitoring projects as physician. Collaborated cross-functionally on wound management. Educational background: ACLS Certification. Continuously updating skills in the field. Additional expertise in clinical assessment, patient advocacy, and vital signs monitoring. Looking forward to taking on new challenges and growing professionally.",HEALTHCARE
SYN_HEA_0058,"healthcare worker passionate about improving patient outcomes and community health. Proven expertise in medical records, patient advocacy, and patient care. Proficient in medical records, patient advocacy, and patient care. Experienced with Epic EHR and Cerner. Served as emergency nurse at a leading organization, managing infection control and overseeing triage. Completed BSc Nursing. Strong academic foundation complemented by practical experience. Additional expertise in medication administration, emergency care, and patient advocacy. Seeking to contribute meaningfully to a forward-thinking organization.",HEALTHCARE
SYN_HEA_0059,"Dynamic medical laboratory technician specializing in medical terminology and medication administration. healthcare worker passionate about improving patient outcomes and community health. Strong background in medical terminology with hands-on experience using medical imaging and ECG machines. Worked as medical laboratory technician for 1 years, handling patient care and vital signs monitoring responsibilities. Educational background: ACLS Certification. Continuously updating skills in the field. Additional expertise in EHR systems, wound management, and infection control. Committed to continuous learning and delivering high-impact results.",HEALTHCARE
SYN_HEA_0060,"Dynamic physiotherapist specializing in medical terminology and clinical assessment. compassionate healthcare professional committed to delivering high-quality patient-centered care. Proficient in medical terminology, clinical assessment, and emergency care. Experienced with Epic EHR and medical imaging. Successfully delivered EHR systems projects as physiotherapist. Collaborated cross-functionally on vital signs monitoring. MBBS graduate with distinction. Committed to ongoing professional development. Additional expertise in medical records, triage, and vital signs monitoring. Looking forward to taking on new challenges and growing professionally.",HEALTHCARE
SYN_HEA_0061,"healthcare worker passionate about improving patient outcomes and community health. Proven expertise in vital signs monitoring, nursing, and wound management. Strong background in vital signs monitoring with hands-on experience using point-of-care testing and medical imaging. Served as registered nurse at a leading organization, managing clinical assessment and overseeing health education. ACLS Certification graduate with distinction. Committed to ongoing professional development. Additional expertise in diagnostic procedures, wound management, and patient advocacy. Eager to leverage skills to drive organizational growth and excellence.",HEALTHCARE
SYN_HEA_0062,"healthcare worker passionate about improving patient outcomes and community health with 10 years of experience in infection control and medical records. Expertise spans infection control, medical records, and medical terminology, supported by proficiency in Cerner. Served as emergency nurse at a leading organization, managing medication administration and overseeing phlebotomy. Educational background: MD Internal Medicine. Continuously updating skills in the field. Additional expertise in clinical assessment, health promotion, and EHR systems. Eager to leverage skills to drive organizational growth and excellence.",HEALTHCARE
SYN_HEA_0063,"compassionate healthcare professional committed to delivering high-quality patient-centered care. Proven expertise in health promotion, medical records, and patient advocacy. Key skills: health promotion, medical records, patient advocacy. Familiar with Meditech. 2+ years as registered nurse with a strong focus on medical terminology, EHR systems, and team collaboration. Educational background: MD Internal Medicine. Continuously updating skills in the field. Additional expertise in patient advocacy, vital signs monitoring, and nursing. Looking forward to taking on new challenges and growing professionally.",HEALTHCARE
SYN_HEA_0064,"compassionate healthcare professional committed to delivering high-quality patient-centered care. Proven expertise in health promotion, patient care, and clinical assessment. Strong background in health promotion with hands-on experience using ECG machines and medical imaging. 7+ years as healthcare assistant with a strong focus on triage, infection control, and team collaboration. Educational background: BLS Certification. Continuously updating skills in the field. Additional expertise in clinical assessment, infection control, and diagnostic procedures. Committed to continuous learning and delivering high-impact results.",HEALTHCARE
SYN_HEA_0065,"Motivated ward nurse with a passion for clinical assessment. healthcare worker passionate about improving patient outcomes and community health. Key skills: clinical assessment, medical terminology, patient advocacy. Familiar with Cerner. Successfully delivered vital signs monitoring projects as ward nurse. Collaborated cross-functionally on medical records. Completed ACLS Certification. Strong academic foundation complemented by practical experience. Additional expertise in phlebotomy, patient care, and rehabilitation. Looking forward to taking on new challenges and growing professionally.",HEALTHCARE
SYN_HEA_0066,"Dynamic medical laboratory technician specializing in vital signs monitoring and health education. compassionate healthcare professional committed to delivering high-quality patient-centered care. Strong background in vital signs monitoring with hands-on experience using point-of-care testing and Meditech. 7+ years as medical laboratory technician with a strong focus on phlebotomy, diagnostic procedures, and team collaboration. Holds a BSc Nursing with specialization in relevant areas. Additional expertise in nursing, diagnostic procedures, and medical terminology. Looking forward to taking on new challenges and growing professionally.",HEALTHCARE
SYN_HEA_0067,"Dynamic registered nurse specializing in medication administration and nursing. healthcare worker passionate about improving patient outcomes and community health. Strong background in medication administration with hands-on experience using point-of-care testing and ECG machines. Successfully delivered medical records projects as registered nurse. Collaborated cross-functionally on vital signs monitoring. Educational background: MBBS. Continuously updating skills in the field. Additional expertise in medical terminology, medical records, and diagnostic procedures. Seeking to contribute meaningfully to a forward-thinking organization.",HEALTHCARE
SYN_HEA_0068,"dedicated physician with expertise in diagnosis and treatment of acute and chronic conditions with 12 years of experience in nursing and medical records. Proficient in nursing, medical records, and EHR systems. Experienced with Cerner and medical imaging. Worked as physician for 12 years, handling rehabilitation and patient advocacy responsibilities. Holds a BSc Nursing with specialization in relevant areas. Additional expertise in health promotion, triage, and diagnostic procedures. Committed to continuous learning and delivering high-impact results.",HEALTHCARE
SYN_HEA_0069,"Motivated clinical officer with a passion for EHR systems. compassionate healthcare professional committed to delivering high-quality patient-centered care. Core competencies include EHR systems, rehabilitation, patient care, and triage. Successfully delivered triage projects as clinical officer. Collaborated cross-functionally on diagnostic procedures. Holds a BSc Nursing with specialization in relevant areas. Additional expertise in vital signs monitoring, nursing, and medication administration. Seeking to contribute meaningfully to a forward-thinking organization.",HEALTHCARE
SYN_HEA_0070,"Dynamic physiotherapist specializing in health education and patient advocacy. healthcare worker passionate about improving patient outcomes and community health. Expertise spans health education, patient advocacy, and EHR systems, supported by proficiency in point-of-care testing. 6+ years as physiotherapist with a strong focus on health promotion, infection control, and team collaboration. Educational background: BSc Nursing. Continuously updating skills in the field. Additional expertise in EHR systems, wound management, and medication administration. Looking forward to taking on new challenges and growing professionally.",HEALTHCARE
SYN_HEA_0071,"Motivated physician with a passion for medical terminology. registered nurse seeking a challenging clinical role in a dynamic hospital environment. Strong background in medical terminology with hands-on experience using Epic EHR and ECG machines. 9+ years as physician with a strong focus on diagnostic procedures, rehabilitation, and team collaboration. Completed Diploma in Medical Lab Technology. Strong academic foundation complemented by practical experience. Additional expertise in rehabilitation, medical terminology, and vital signs monitoring. Eager to leverage skills to drive organizational growth and excellence.",HEALTHCARE
SYN_HEA_0072,"Dynamic physician specializing in rehabilitation and infection control. registered nurse seeking a challenging clinical role in a dynamic hospital environment. Core competencies include rehabilitation, infection control, health promotion, and medical terminology. Served as physician at a leading organization, managing medical terminology and overseeing triage. Completed BSc Nursing. Strong academic foundation complemented by practical experience. Additional expertise in medication administration, health promotion, and phlebotomy. Seeking to contribute meaningfully to a forward-thinking organization.",HEALTHCARE
SYN_HEA_0073,"registered nurse seeking a challenging clinical role in a dynamic hospital environment. Proven expertise in health promotion, EHR systems, and patient care. Proficient in health promotion, EHR systems, and patient care. Experienced with Epic EHR and medical imaging. 2+ years as ward nurse with a strong focus on medical terminology, wound management, and team collaboration. Completed Diploma in Medical Lab Technology. Strong academic foundation complemented by practical experience. Additional expertise in emergency care, clinical assessment, and diagnostic procedures. Eager to leverage skills to drive organizational growth and excellence.",HEALTHCARE
SYN_HEA_0074,"Dynamic clinical officer specializing in health education and infection control. registered nurse seeking a challenging clinical role in a dynamic hospital environment. Key skills: health education, infection control, patient care. Familiar with ECG machines. Successfully delivered health promotion projects as clinical officer. Collaborated cross-functionally on patient advocacy. Completed MD Internal Medicine. Strong academic foundation complemented by practical experience. Additional expertise in triage, medical records, and patient advocacy. Looking forward to taking on new challenges and growing professionally.",HEALTHCARE
SYN_HEA_0075,"dedicated physician with expertise in diagnosis and treatment of acute and chronic conditions with 11 years of experience in EHR systems and wound management. Key skills: EHR systems, wound management, triage. Familiar with Meditech. Served as physiotherapist at a leading organization, managing emergency care and overseeing patient care. MD Internal Medicine graduate with distinction. Committed to ongoing professional development. Additional expertise in phlebotomy, nursing, and patient care. Looking forward to taking on new challenges and growing professionally.",HEALTHCARE
SYN_HEA_0076,"healthcare worker passionate about improving patient outcomes and community health with 9 years of experience in triage and wound management. Strong background in triage with hands-on experience using medical imaging and point-of-care testing. 9+ years as physician with a strong focus on health promotion, infection control, and team collaboration. BSc Nursing graduate with distinction. Committed to ongoing professional development. Additional expertise in vital signs monitoring, health promotion, and nursing. Looking forward to taking on new challenges and growing professionally.",HEALTHCARE
SYN_HEA_0077,"healthcare worker passionate about improving patient outcomes and community health. Proven expertise in clinical assessment, medical records, and diagnostic procedures. Expertise spans clinical assessment, medical records, and diagnostic procedures, supported by proficiency in Cerner. Successfully delivered EHR systems projects as clinical officer. Collaborated cross-functionally on vital signs monitoring. Educational background: MD Internal Medicine. Continuously updating skills in the field. Additional expertise in triage, health education, and phlebotomy. Seeking to contribute meaningfully to a forward-thinking organization.",HEALTHCARE
SYN_HEA_0078,"healthcare worker passionate about improving patient outcomes and community health. Proven expertise in diagnostic procedures, medication administration, and emergency care. Core competencies include diagnostic procedures, medication administration, emergency care, and medical records. Worked as physician for 1 years, handling medical records and wound management responsibilities. Holds a Diploma in Medical Lab Technology with specialization in relevant areas. Additional expertise in nursing, patient care, and medication administration. Eager to leverage skills to drive organizational growth and excellence.",HEALTHCARE
SYN_HEA_0079,"Dynamic registered nurse specializing in triage and diagnostic procedures. compassionate healthcare professional committed to delivering high-quality patient-centered care. Proficient in triage, diagnostic procedures, and rehabilitation. Experienced with Epic EHR and ECG machines. Worked as registered nurse for 12 years, handling emergency care and health promotion responsibilities. Holds a MBBS with specialization in relevant areas. Additional expertise in infection control, emergency care, and EHR systems. Committed to continuous learning and delivering high-impact results.",HEALTHCARE
SYN_HEA_0080,"Motivated physiotherapist with a passion for infection control. registered nurse seeking a challenging clinical role in a dynamic hospital environment. Key skills: infection control, medical terminology, health education. Familiar with medical imaging. Served as physiotherapist at a leading organization, managing triage and overseeing clinical assessment. Educational background: MBBS. Continuously updating skills in the field. Additional expertise in medical terminology, infection control, and patient advocacy. Looking forward to taking on new challenges and growing professionally.",HEALTHCARE
SYN_HEA_0081,"Dynamic registered nurse specializing in patient care and rehabilitation. registered nurse seeking a challenging clinical role in a dynamic hospital environment. Key skills: patient care, rehabilitation, diagnostic procedures. Familiar with Cerner. Worked as registered nurse for 12 years, handling triage and medical records responsibilities. Completed MBBS. Strong academic foundation complemented by practical experience. Additional expertise in patient care, clinical assessment, and patient advocacy. Committed to continuous learning and delivering high-impact results.",HEALTHCARE
SYN_HEA_0082,"Motivated ward nurse with a passion for patient care. compassionate healthcare professional committed to delivering high-quality patient-centered care. Proficient in patient care, diagnostic procedures, and EHR systems. Experienced with ECG machines and Epic EHR. Successfully delivered vital signs monitoring projects as ward nurse. Collaborated cross-functionally on patient advocacy. Completed MD Internal Medicine. Strong academic foundation complemented by practical experience. Additional expertise in nursing, diagnostic procedures, and wound management. Committed to continuous learning and delivering high-impact results.",HEALTHCARE
SYN_HEA_0083,"registered nurse seeking a challenging clinical role in a dynamic hospital environment. Proven expertise in patient advocacy, emergency care, and infection control. Key skills: patient advocacy, emergency care, infection control. Familiar with medical imaging. Successfully delivered wound management projects as registered nurse. Collaborated cross-functionally on medical records. Holds a MD Internal Medicine with specialization in relevant areas. Additional expertise in triage, health education, and patient advocacy. Seeking to contribute meaningfully to a forward-thinking organization.",HEALTHCARE
SYN_HEA_0084,"Dynamic emergency nurse specializing in patient care and EHR systems. compassionate healthcare professional committed to delivering high-quality patient-centered care. Proficient in patient care, EHR systems, and patient advocacy. Experienced with Epic EHR and medical imaging. Served as emergency nurse at a leading organization, managing medical records and overseeing medication administration. Educational background: BLS Certification. Continuously updating skills in the field. Additional expertise in patient care, medical records, and vital signs monitoring. Committed to continuous learning and delivering high-impact results.",HEALTHCARE
SYN_FIT_0000,"Dynamic aerobics instructor specializing in personal training and body composition analysis. fitness professional with expertise in strength training and nutrition guidance. Strong background in personal training with hands-on experience using body composition analyzers and fitness tracking apps. 7+ years as aerobics instructor with a strong focus on injury prevention, sports nutrition, and team collaboration. Completed ACSM Certification. Strong academic foundation complemented by practical experience. Additional expertise in nutrition coaching, functional training, and sports coaching. Committed to continuous learning and delivering high-impact results.",FITNESS
SYN_FIT_0001,"Motivated fitness instructor with a passion for body composition analysis. fitness professional with expertise in strength training and nutrition guidance. Proficient in body composition analysis, wellness coaching, and sports nutrition. Experienced with gym equipment operation and MyFitnessPal. Successfully delivered exercise programming projects as fitness instructor. Collaborated cross-functionally on client motivation. Educational background: ACSM Certification. Continuously updating skills in the field. Additional expertise in HIIT, injury prevention, and exercise programming. Eager to leverage skills to drive organizational growth and excellence.",FITNESS
SYN_FIT_0002,"Motivated aerobics instructor with a passion for fitness assessment. certified personal trainer passionate about helping clients achieve their health and fitness goals. Strong background in fitness assessment with hands-on experience using fitness tracking apps and gym equipment operation. Successfully delivered functional training projects as aerobics instructor. Collaborated cross-functionally on strength and conditioning. Holds a ACE Fitness Instructor with specialization in relevant areas. Additional expertise in cardio training, HIIT, and wellness coaching. Eager to leverage skills to drive organizational growth and excellence.",FITNESS
SYN_FIT_0003,"Dynamic gym manager specializing in personal training and sports nutrition. dedicated yoga instructor seeking to promote holistic health and mindfulness. Strong background in personal training with hands-on experience using heart rate monitors and fitness tracking apps. Worked as gym manager for 8 years, handling client motivation and fitness assessment responsibilities. NASM Certified Personal Trainer graduate with distinction. Committed to ongoing professional development. Additional expertise in strength and conditioning, yoga instruction, and HIIT. Eager to leverage skills to drive organizational growth and excellence.",FITNESS
SYN_FIT_0004,"fitness professional with expertise in strength training and nutrition guidance. Proven expertise in cardio training, injury prevention, and personal training. Strong background in cardio training with hands-on experience using MyFitnessPal and Trainerize. Successfully delivered functional training projects as aerobics instructor. Collaborated cross-functionally on fitness assessment. Educational background: NASM Certified Personal Trainer. Continuously updating skills in the field. Additional expertise in exercise programming, group fitness instruction, and yoga instruction. Seeking to contribute meaningfully to a forward-thinking organization.",FITNESS
SYN_FIT_0005,"experienced sports coach committed to enhancing athletic performance and physical well-being with 2 years of experience in fitness assessment and weight management. Expertise spans fitness assessment, weight management, and injury prevention, supported by proficiency in gym equipment operation. Served as wellness consultant at a leading organization, managing cardio training and overseeing client motivation. BSc Sports Science graduate with distinction. Committed to ongoing professional development. Additional expertise in nutrition coaching, exercise programming, and strength and conditioning. Eager to leverage skills to drive organizational growth and excellence.",FITNESS
SYN_FIT_0006,"certified personal trainer passionate about helping clients achieve their health and fitness goals. Proven expertise in weight management, sports coaching, and HIIT. Proficient in weight management, sports coaching, and HIIT. Experienced with gym equipment operation and MyFitnessPal. Worked as fitness instructor for 12 years, handling functional training and wellness coaching responsibilities. ACSM Certification graduate with distinction. Committed to ongoing professional development. Additional expertise in exercise programming, HIIT, and body composition analysis. Looking forward to taking on new challenges and growing professionally.",FITNESS
SYN_FIT_0007,"Dynamic personal trainer specializing in exercise programming and body composition analysis. dedicated yoga instructor seeking to promote holistic health and mindfulness. Key skills: exercise programming, body composition analysis, injury prevention. Familiar with body composition analyzers. Served as personal trainer at a leading organization, managing weight management and overseeing strength and conditioning. Yoga Alliance RYT 200 graduate with distinction. Committed to ongoing professional development. Additional expertise in weight management, group fitness instruction, and body composition analysis. Looking forward to taking on new challenges and growing professionally.",FITNESS
SYN_FIT_0008,"experienced sports coach committed to enhancing athletic performance and physical well-being with 12 years of experience in exercise programming and group fitness instruction. Proficient in exercise programming, group fitness instruction, and sports coaching. Experienced with MyFitnessPal and gym equipment operation. 12+ years as aerobics instructor with a strong focus on nutrition coaching, wellness coaching, and team collaboration. Completed BSc Sports Science. Strong academic foundation complemented by practical experience. Additional expertise in fitness assessment, group fitness instruction, and strength and conditioning. Committed to continuous learning and delivering high-impact results.",FITNESS
SYN_FIT_0009,"experienced sports coach committed to enhancing athletic performance and physical well-being with 5 years of experience in yoga instruction and weight management. Key skills: yoga instruction, weight management, sports coaching. Familiar with body composition analyzers. 5+ years as gym manager with a strong focus on group fitness instruction, injury prevention, and team collaboration. BSc Sports Science graduate with distinction. Committed to ongoing professional development. Additional expertise in fitness assessment, HIIT, and sports coaching. Eager to leverage skills to drive organizational growth and excellence.",FITNESS
SYN_FIT_0010,"fitness professional with expertise in strength training and nutrition guidance. Proven expertise in body composition analysis, strength and conditioning, and client motivation. Expertise spans body composition analysis, strength and conditioning, and client motivation, supported by proficiency in Trainerize. Worked as yoga instructor for 9 years, handling wellness coaching and nutrition coaching responsibilities. Completed ACE Fitness Instructor. Strong academic foundation complemented by practical experience. Additional expertise in cardio training, fitness assessment, and sports coaching. Committed to continuous learning and delivering high-impact results.",FITNESS
SYN_FIT_0011,"dedicated yoga instructor seeking to promote holistic health and mindfulness with 8 years of experience in cardio training and weight management. Expertise spans cardio training, weight management, and fitness assessment, supported by proficiency in fitness tracking apps. Worked as personal trainer for 8 years, handling strength and conditioning and yoga instruction responsibilities. Completed Yoga Alliance RYT 200. Strong academic foundation complemented by practical experience. Additional expertise in cardio training, nutrition coaching, and personal training. Committed to continuous learning and delivering high-impact results.",FITNESS
SYN_FIT_0012,"certified personal trainer passionate about helping clients achieve their health and fitness goals. Proven expertise in nutrition coaching, exercise programming, and fitness assessment. Strong background in nutrition coaching with hands-on experience using heart rate monitors and gym equipment operation. 4+ years as personal trainer with a strong focus on sports coaching, wellness coaching, and team collaboration. ACSM Certification graduate with distinction. Committed to ongoing professional development. Additional expertise in wellness coaching, fitness assessment, and cardio training. Eager to leverage skills to drive organizational growth and excellence.",FITNESS
SYN_FIT_0013,"dedicated yoga instructor seeking to promote holistic health and mindfulness. Proven expertise in cardio training, injury prevention, and weight management. Key skills: cardio training, injury prevention, weight management. Familiar with gym equipment operation. 4+ years as personal trainer with a strong focus on fitness assessment, sports nutrition, and team collaboration. Completed Yoga Alliance RYT 200. Strong academic foundation complemented by practical experience. Additional expertise in fitness assessment, personal training, and exercise programming. Committed to continuous learning and delivering high-impact results.",FITNESS
SYN_FIT_0014,"Dynamic fitness instructor specializing in yoga instruction and strength and conditioning. certified personal trainer passionate about helping clients achieve their health and fitness goals. Expertise spans yoga instruction, strength and conditioning, and functional training, supported by proficiency in Trainerize. 6+ years as fitness instructor with a strong focus on client motivation, wellness coaching, and team collaboration. Holds a ACE Fitness Instructor with specialization in relevant areas. Additional expertise in functional training, body composition analysis, and personal training. Committed to continuous learning and delivering high-impact results.",FITNESS
SYN_FIT_0015,"fitness professional with expertise in strength training and nutrition guidance. Proven expertise in functional training, fitness assessment, and sports nutrition. Proficient in functional training, fitness assessment, and sports nutrition. Experienced with MyFitnessPal and body composition analyzers. Worked as aerobics instructor for 3 years, handling strength and conditioning and weight management responsibilities. Holds a ACSM Certification with specialization in relevant areas. Additional expertise in wellness coaching, body composition analysis, and cardio training. Eager to leverage skills to drive organizational growth and excellence.",FITNESS
SYN_FIT_0016,"certified personal trainer passionate about helping clients achieve their health and fitness goals with 1 years of experience in injury prevention and weight management. Proficient in injury prevention, weight management, and exercise programming. Experienced with gym equipment operation and MyFitnessPal. 1+ years as personal trainer with a strong focus on personal training, nutrition coaching, and team collaboration. Holds a NASM Certified Personal Trainer with specialization in relevant areas. Additional expertise in sports coaching, cardio training, and functional training. Eager to leverage skills to drive organizational growth and excellence.",FITNESS
SYN_FIT_0017,"Dynamic wellness consultant specializing in cardio training and group fitness instruction. dedicated yoga instructor seeking to promote holistic health and mindfulness. Expertise spans cardio training, group fitness instruction, and personal training, supported by proficiency in gym equipment operation. Worked as wellness consultant for 11 years, handling strength and conditioning and yoga instruction responsibilities. Holds a NASM Certified Personal Trainer with specialization in relevant areas. Additional expertise in wellness coaching, HIIT, and functional training. Seeking to contribute meaningfully to a forward-thinking organization.",FITNESS
SYN_FIT_0018,"experienced sports coach committed to enhancing athletic performance and physical well-being. Proven expertise in injury prevention, fitness assessment, and wellness coaching. Core competencies include injury prevention, fitness assessment, wellness coaching, and weight management. 8+ years as strength and conditioning coach with a strong focus on weight management, nutrition coaching, and team collaboration. Completed ACSM Certification. Strong academic foundation complemented by practical experience. Additional expertise in weight management, sports coaching, and personal training. Seeking to contribute meaningfully to a forward-thinking organization.",FITNESS
SYN_FIT_0019,"Dynamic aerobics instructor specializing in cardio training and sports nutrition. experienced sports coach committed to enhancing athletic performance and physical well-being. Core competencies include cardio training, sports nutrition, personal training, and nutrition coaching. Successfully delivered nutrition coaching projects as aerobics instructor. Collaborated cross-functionally on exercise programming. Completed Yoga Alliance RYT 200. Strong academic foundation complemented by practical experience. Additional expertise in injury prevention, group fitness instruction, and functional training. Committed to continuous learning and delivering high-impact results.",FITNESS
SYN_FIT_0020,"experienced sports coach committed to enhancing athletic performance and physical well-being. Proven expertise in injury prevention, strength and conditioning, and body composition analysis. Core competencies include injury prevention, strength and conditioning, body composition analysis, and personal training. 9+ years as yoga instructor with a strong focus on personal training, cardio training, and team collaboration. Completed BSc Sports Science. Strong academic foundation complemented by practical experience. Additional expertise in nutrition coaching, exercise programming, and personal training. Seeking to contribute meaningfully to a forward-thinking organization.",FITNESS
SYN_FIT_0021,"certified personal trainer passionate about helping clients achieve their health and fitness goals. Proven expertise in sports coaching, personal training, and cardio training. Proficient in sports coaching, personal training, and cardio training. Experienced with heart rate monitors and MyFitnessPal. Served as strength and conditioning coach at a leading organization, managing wellness coaching and overseeing injury prevention. Holds a ACSM Certification with specialization in relevant areas. Additional expertise in exercise programming, wellness coaching, and yoga instruction. Committed to continuous learning and delivering high-impact results.",FITNESS
SYN_FIT_0022,"certified personal trainer passionate about helping clients achieve their health and fitness goals. Proven expertise in cardio training, functional training, and strength and conditioning. Proficient in cardio training, functional training, and strength and conditioning. Experienced with MyFitnessPal and heart rate monitors. Served as gym manager at a leading organization, managing wellness coaching and overseeing body composition analysis. Diploma in Physical Education graduate with distinction. Committed to ongoing professional development. Additional expertise in body composition analysis, strength and conditioning, and yoga instruction. Seeking to contribute meaningfully to a forward-thinking organization.",FITNESS
SYN_FIT_0023,"Dynamic sports coach specializing in group fitness instruction and functional training. fitness professional with expertise in strength training and nutrition guidance. Proficient in group fitness instruction, functional training, and strength and conditioning. Experienced with gym equipment operation and body composition analyzers. Served as sports coach at a leading organization, managing client motivation and overseeing injury prevention. Holds a Yoga Alliance RYT 200 with specialization in relevant areas. Additional expertise in functional training, nutrition coaching, and fitness assessment. Looking forward to taking on new challenges and growing professionally.",FITNESS
SYN_FIT_0024,"Motivated sports coach with a passion for yoga instruction. certified personal trainer passionate about helping clients achieve their health and fitness goals. Expertise spans yoga instruction, HIIT, and weight management, supported by proficiency in MyFitnessPal. Worked as sports coach for 3 years, handling exercise programming and fitness assessment responsibilities. ACSM Certification graduate with distinction. Committed to ongoing professional development. Additional expertise in personal training, weight management, and body composition analysis. Seeking to contribute meaningfully to a forward-thinking organization.",FITNESS
SYN_FIT_0025,"Dynamic fitness instructor specializing in weight management and cardio training. experienced sports coach committed to enhancing athletic performance and physical well-being. Core competencies include weight management, cardio training, injury prevention, and functional training. Worked as fitness instructor for 4 years, handling functional training and fitness assessment responsibilities. BSc Sports Science graduate with distinction. Committed to ongoing professional development. Additional expertise in sports nutrition, fitness assessment, and weight management. Seeking to contribute meaningfully to a forward-thinking organization.",FITNESS
SYN_FIT_0026,"Motivated sports coach with a passion for wellness coaching. fitness professional with expertise in strength training and nutrition guidance. Proficient in wellness coaching, group fitness instruction, and injury prevention. Experienced with MyFitnessPal and body composition analyzers. Worked as sports coach for 2 years, handling body composition analysis and sports coaching responsibilities. Educational background: Yoga Alliance RYT 200. Continuously updating skills in the field. Additional expertise in strength and conditioning, client motivation, and exercise programming. Seeking to contribute meaningfully to a forward-thinking organization.",FITNESS
SYN_FIT_0027,"Motivated gym manager with a passion for body composition analysis. fitness professional with expertise in strength training and nutrition guidance. Proficient in body composition analysis, group fitness instruction, and cardio training. Experienced with Trainerize and fitness tracking apps. 10+ years as gym manager with a strong focus on HIIT, nutrition coaching, and team collaboration. Completed Diploma in Physical Education. Strong academic foundation complemented by practical experience. Additional expertise in client motivation, injury prevention, and cardio training. Eager to leverage skills to drive organizational growth and excellence.",FITNESS
SYN_FIT_0028,"experienced sports coach committed to enhancing athletic performance and physical well-being with 6 years of experience in yoga instruction and personal training. Core competencies include yoga instruction, personal training, cardio training, and exercise programming. Worked as fitness instructor for 6 years, handling exercise programming and weight management responsibilities. Completed BSc Sports Science. Strong academic foundation complemented by practical experience. Additional expertise in group fitness instruction, sports coaching, and HIIT. Eager to leverage skills to drive organizational growth and excellence.",FITNESS
SYN_FIT_0029,"Dynamic aerobics instructor specializing in nutrition coaching and sports coaching. dedicated yoga instructor seeking to promote holistic health and mindfulness. Strong background in nutrition coaching with hands-on experience using fitness tracking apps and MyFitnessPal. Worked as aerobics instructor for 3 years, handling weight management and sports nutrition responsibilities. Yoga Alliance RYT 200 graduate with distinction. Committed to ongoing professional development. Additional expertise in injury prevention, wellness coaching, and nutrition coaching. Seeking to contribute meaningfully to a forward-thinking organization.",FITNESS
SYN_FIT_0030,"fitness professional with expertise in strength training and nutrition guidance. Proven expertise in functional training, sports nutrition, and strength and conditioning. Proficient in functional training, sports nutrition, and strength and conditioning. Experienced with MyFitnessPal and Trainerize. Worked as wellness consultant for 8 years, handling yoga instruction and body composition analysis responsibilities. Educational background: ACSM Certification. Continuously updating skills in the field. Additional expertise in exercise programming, HIIT, and cardio training. Seeking to contribute meaningfully to a forward-thinking organization.",FITNESS
SYN_FIT_0031,"certified personal trainer passionate about helping clients achieve their health and fitness goals with 3 years of experience in sports nutrition and yoga instruction. Expertise spans sports nutrition, yoga instruction, and fitness assessment, supported by proficiency in fitness tracking apps. Successfully delivered wellness coaching projects as yoga instructor. Collaborated cross-functionally on personal training. Yoga Alliance RYT 200 graduate with distinction. Committed to ongoing professional development. Additional expertise in strength and conditioning, group fitness instruction, and body composition analysis. Seeking to contribute meaningfully to a forward-thinking organization.",FITNESS
SYN_FIT_0032,"experienced sports coach committed to enhancing athletic performance and physical well-being with 1 years of experience in sports nutrition and fitness assessment. Key skills: sports nutrition, fitness assessment, strength and conditioning. Familiar with heart rate monitors. Served as fitness instructor at a leading organization, managing yoga instruction and overseeing injury prevention. Yoga Alliance RYT 200 graduate with distinction. Committed to ongoing professional development. Additional expertise in group fitness instruction, exercise programming, and body composition analysis. Committed to continuous learning and delivering high-impact results.",FITNESS
SYN_FIT_0033,"Motivated wellness consultant with a passion for body composition analysis. dedicated yoga instructor seeking to promote holistic health and mindfulness. Expertise spans body composition analysis, injury prevention, and group fitness instruction, supported by proficiency in heart rate monitors. Served as wellness consultant at a leading organization, managing cardio training and overseeing personal training. Educational background: BSc Sports Science. Continuously updating skills in the field. Additional expertise in HIIT, weight management, and personal training. Looking forward to taking on new challenges and growing professionally.",FITNESS
SYN_FIT_0034,"fitness professional with expertise in strength training and nutrition guidance. Proven expertise in strength and conditioning, wellness coaching, and exercise programming. Key skills: strength and conditioning, wellness coaching, exercise programming. Familiar with body composition analyzers. Served as gym manager at a leading organization, managing yoga instruction and overseeing fitness assessment. Completed Yoga Alliance RYT 200. Strong academic foundation complemented by practical experience. Additional expertise in cardio training, injury prevention, and sports nutrition. Eager to leverage skills to drive organizational growth and excellence.",FITNESS
SYN_FIT_0035,"Motivated personal trainer with a passion for nutrition coaching. experienced sports coach committed to enhancing athletic performance and physical well-being. Core competencies include nutrition coaching, HIIT, exercise programming, and cardio training. Served as personal trainer at a leading organization, managing cardio training and overseeing sports nutrition. Completed Diploma in Physical Education. Strong academic foundation complemented by practical experience. Additional expertise in sports coaching, group fitness instruction, and weight management. Looking forward to taking on new challenges and growing professionally.",FITNESS
SYN_FIT_0036,"certified personal trainer passionate about helping clients achieve their health and fitness goals with 6 years of experience in sports coaching and sports nutrition. Strong background in sports coaching with hands-on experience using Trainerize and fitness tracking apps. Successfully delivered group fitness instruction projects as gym manager. Collaborated cross-functionally on functional training. ACE Fitness Instructor graduate with distinction. Committed to ongoing professional development. Additional expertise in personal training, weight management, and client motivation. Looking forward to taking on new challenges and growing professionally.",FITNESS
SYN_FIT_0037,"experienced sports coach committed to enhancing athletic performance and physical well-being. Proven expertise in injury prevention, client motivation, and strength and conditioning. Strong background in injury prevention with hands-on experience using MyFitnessPal and body composition analyzers. Served as aerobics instructor at a leading organization, managing wellness coaching and overseeing sports coaching. ACSM Certification graduate with distinction. Committed to ongoing professional development. Additional expertise in weight management, client motivation, and HIIT. Looking forward to taking on new challenges and growing professionally.",FITNESS
SYN_FIT_0038,"Motivated strength and conditioning coach with a passion for HIIT. experienced sports coach committed to enhancing athletic performance and physical well-being. Proficient in HIIT, yoga instruction, and functional training. Experienced with fitness tracking apps and body composition analyzers. Worked as strength and conditioning coach for 2 years, handling group fitness instruction and exercise programming responsibilities. Completed ACSM Certification. Strong academic foundation complemented by practical experience. Additional expertise in body composition analysis, exercise programming, and HIIT. Looking forward to taking on new challenges and growing professionally.",FITNESS
SYN_FIT_0039,"Dynamic strength and conditioning coach specializing in weight management and wellness coaching. fitness professional with expertise in strength training and nutrition guidance. Strong background in weight management with hands-on experience using gym equipment operation and fitness tracking apps. Served as strength and conditioning coach at a leading organization, managing group fitness instruction and overseeing sports coaching. Educational background: Diploma in Physical Education. Continuously updating skills in the field. Additional expertise in weight management, nutrition coaching, and group fitness instruction. Eager to leverage skills to drive organizational growth and excellence.",FITNESS
SYN_FIT_0040,"Motivated fitness instructor with a passion for injury prevention. certified personal trainer passionate about helping clients achieve their health and fitness goals. Core competencies include injury prevention, yoga instruction, nutrition coaching, and wellness coaching. Worked as fitness instructor for 11 years, handling wellness coaching and exercise programming responsibilities. ACE Fitness Instructor graduate with distinction. Committed to ongoing professional development. Additional expertise in HIIT, sports coaching, and cardio training. Committed to continuous learning and delivering high-impact results.",FITNESS
SYN_FIT_0041,"Motivated fitness instructor with a passion for nutrition coaching. certified personal trainer passionate about helping clients achieve their health and fitness goals. Expertise spans nutrition coaching, client motivation, and injury prevention, supported by proficiency in fitness tracking apps. Successfully delivered HIIT projects as fitness instructor. Collaborated cross-functionally on strength and conditioning. Holds a ACSM Certification with specialization in relevant areas. Additional expertise in injury prevention, cardio training, and exercise programming. Eager to leverage skills to drive organizational growth and excellence.",FITNESS
SYN_FIT_0042,"fitness professional with expertise in strength training and nutrition guidance with 7 years of experience in sports nutrition and functional training. Key skills: sports nutrition, functional training, group fitness instruction. Familiar with Trainerize. Served as yoga instructor at a leading organization, managing client motivation and overseeing cardio training. Educational background: ACSM Certification. Continuously updating skills in the field. Additional expertise in personal training, HIIT, and wellness coaching. Looking forward to taking on new challenges and growing professionally.",FITNESS
SYN_FIT_0043,"experienced sports coach committed to enhancing athletic performance and physical well-being with 8 years of experience in group fitness instruction and HIIT. Proficient in group fitness instruction, HIIT, and yoga instruction. Experienced with fitness tracking apps and Trainerize. 8+ years as sports coach with a strong focus on cardio training, strength and conditioning, and team collaboration. Holds a Yoga Alliance RYT 200 with specialization in relevant areas. Additional expertise in fitness assessment, weight management, and HIIT. Eager to leverage skills to drive organizational growth and excellence.",FITNESS
SYN_FIT_0044,"dedicated yoga instructor seeking to promote holistic health and mindfulness with 6 years of experience in sports nutrition and fitness assessment. Strong background in sports nutrition with hands-on experience using Trainerize and fitness tracking apps. Served as fitness instructor at a leading organization, managing functional training and overseeing exercise programming. Completed BSc Sports Science. Strong academic foundation complemented by practical experience. Additional expertise in functional training, yoga instruction, and fitness assessment. Committed to continuous learning and delivering high-impact results.",FITNESS
SYN_FIT_0045,"Motivated yoga instructor with a passion for wellness coaching. certified personal trainer passionate about helping clients achieve their health and fitness goals. Strong background in wellness coaching with hands-on experience using gym equipment operation and fitness tracking apps. Served as yoga instructor at a leading organization, managing client motivation and overseeing personal training. NASM Certified Personal Trainer graduate with distinction. Committed to ongoing professional development. Additional expertise in strength and conditioning, personal training, and body composition analysis. Eager to leverage skills to drive organizational growth and excellence.",FITNESS
SYN_FIT_0046,"fitness professional with expertise in strength training and nutrition guidance. Proven expertise in weight management, sports nutrition, and HIIT. Core competencies include weight management, sports nutrition, HIIT, and functional training. Successfully delivered functional training projects as sports coach. Collaborated cross-functionally on cardio training. Educational background: ACE Fitness Instructor. Continuously updating skills in the field. Additional expertise in yoga instruction, strength and conditioning, and personal training. Looking forward to taking on new challenges and growing professionally.",FITNESS
SYN_FIT_0047,"Dynamic aerobics instructor specializing in sports coaching and group fitness instruction. fitness professional with expertise in strength training and nutrition guidance. Key skills: sports coaching, group fitness instruction, nutrition coaching. Familiar with MyFitnessPal. Worked as aerobics instructor for 6 years, handling yoga instruction and HIIT responsibilities. Holds a ACSM Certification with specialization in relevant areas. Additional expertise in functional training, fitness assessment, and injury prevention. Eager to leverage skills to drive organizational growth and excellence.",FITNESS
SYN_FIT_0048,"Motivated aerobics instructor with a passion for wellness coaching. fitness professional with expertise in strength training and nutrition guidance. Expertise spans wellness coaching, fitness assessment, and client motivation, supported by proficiency in fitness tracking apps. Served as aerobics instructor at a leading organization, managing personal training and overseeing sports coaching. Educational background: BSc Sports Science. Continuously updating skills in the field. Additional expertise in exercise programming, client motivation, and cardio training. Committed to continuous learning and delivering high-impact results.",FITNESS
SYN_FIT_0049,"experienced sports coach committed to enhancing athletic performance and physical well-being. Proven expertise in cardio training, functional training, and wellness coaching. Core competencies include cardio training, functional training, wellness coaching, and group fitness instruction. Worked as yoga instructor for 4 years, handling group fitness instruction and exercise programming responsibilities. Holds a Yoga Alliance RYT 200 with specialization in relevant areas. Additional expertise in body composition analysis, injury prevention, and exercise programming. Looking forward to taking on new challenges and growing professionally.",FITNESS
SYN_FIT_0050,"Dynamic gym manager specializing in fitness assessment and wellness coaching. dedicated yoga instructor seeking to promote holistic health and mindfulness. Core competencies include fitness assessment, wellness coaching, exercise programming, and HIIT. Successfully delivered HIIT projects as gym manager. Collaborated cross-functionally on body composition analysis. Educational background: NASM Certified Personal Trainer. Continuously updating skills in the field. Additional expertise in exercise programming, nutrition coaching, and injury prevention. Seeking to contribute meaningfully to a forward-thinking organization.",FITNESS
SYN_FIT_0051,"experienced sports coach committed to enhancing athletic performance and physical well-being with 5 years of experience in nutrition coaching and sports coaching. Expertise spans nutrition coaching, sports coaching, and personal training, supported by proficiency in fitness tracking apps. 5+ years as strength and conditioning coach with a strong focus on client motivation, cardio training, and team collaboration. Educational background: ACSM Certification. Continuously updating skills in the field. Additional expertise in personal training, exercise programming, and nutrition coaching. Committed to continuous learning and delivering high-impact results.",FITNESS
SYN_FIT_0052,"certified personal trainer passionate about helping clients achieve their health and fitness goals with 9 years of experience in body composition analysis and wellness coaching. Strong background in body composition analysis with hands-on experience using Trainerize and body composition analyzers. 9+ years as strength and conditioning coach with a strong focus on sports nutrition, weight management, and team collaboration. ACSM Certification graduate with distinction. Committed to ongoing professional development. Additional expertise in fitness assessment, weight management, and strength and conditioning. Looking forward to taking on new challenges and growing professionally.",FITNESS
SYN_FIT_0053,"Dynamic gym manager specializing in exercise programming and HIIT. certified personal trainer passionate about helping clients achieve their health and fitness goals. Strong background in exercise programming with hands-on experience using MyFitnessPal and body composition analyzers. Worked as gym manager for 6 years, handling group fitness instruction and fitness assessment responsibilities. Holds a ACSM Certification with specialization in relevant areas. Additional expertise in wellness coaching, yoga instruction, and body composition analysis. Looking forward to taking on new challenges and growing professionally.",FITNESS
SYN_FIT_0054,"fitness professional with expertise in strength training and nutrition guidance with 1 years of experience in client motivation and personal training. Proficient in client motivation, personal training, and wellness coaching. Experienced with fitness tracking apps and heart rate monitors. Successfully delivered exercise programming projects as aerobics instructor. Collaborated cross-functionally on sports nutrition. Holds a ACE Fitness Instructor with specialization in relevant areas. Additional expertise in group fitness instruction, exercise programming, and client motivation. Looking forward to taking on new challenges and growing professionally.",FITNESS
SYN_FIT_0055,"Dynamic sports coach specializing in HIIT and wellness coaching. fitness professional with expertise in strength training and nutrition guidance. Core competencies include HIIT, wellness coaching, sports coaching, and injury prevention. Worked as sports coach for 12 years, handling injury prevention and body composition analysis responsibilities. Educational background: Diploma in Physical Education. Continuously updating skills in the field. Additional expertise in HIIT, client motivation, and functional training. Committed to continuous learning and delivering high-impact results.",FITNESS
SYN_FIT_0056,"Dynamic fitness instructor specializing in functional training and wellness coaching. fitness professional with expertise in strength training and nutrition guidance. Strong background in functional training with hands-on experience using body composition analyzers and MyFitnessPal. Served as fitness instructor at a leading organization, managing client motivation and overseeing personal training. Educational background: Diploma in Physical Education. Continuously updating skills in the field. Additional expertise in body composition analysis, yoga instruction, and fitness assessment. Seeking to contribute meaningfully to a forward-thinking organization.",FITNESS
SYN_FIT_0057,"fitness professional with expertise in strength training and nutrition guidance with 1 years of experience in sports nutrition and cardio training. Strong background in sports nutrition with hands-on experience using gym equipment operation and fitness tracking apps. Worked as wellness consultant for 1 years, handling nutrition coaching and fitness assessment responsibilities. Completed ACE Fitness Instructor. Strong academic foundation complemented by practical experience. Additional expertise in client motivation, wellness coaching, and group fitness instruction. Looking forward to taking on new challenges and growing professionally.",FITNESS
SYN_FIT_0058,"Dynamic yoga instructor specializing in fitness assessment and personal training. certified personal trainer passionate about helping clients achieve their health and fitness goals. Key skills: fitness assessment, personal training, exercise programming. Familiar with heart rate monitors. Successfully delivered yoga instruction projects as yoga instructor. Collaborated cross-functionally on injury prevention. Completed Yoga Alliance RYT 200. Strong academic foundation complemented by practical experience. Additional expertise in functional training, sports nutrition, and client motivation. Looking forward to taking on new challenges and growing professionally.",FITNESS
SYN_FIT_0059,"Motivated strength and conditioning coach with a passion for HIIT. experienced sports coach committed to enhancing athletic performance and physical well-being. Strong background in HIIT with hands-on experience using gym equipment operation and heart rate monitors. Served as strength and conditioning coach at a leading organization, managing sports nutrition and overseeing strength and conditioning. NASM Certified Personal Trainer graduate with distinction. Committed to ongoing professional development. Additional expertise in yoga instruction, fitness assessment, and body composition analysis. Committed to continuous learning and delivering high-impact results.",FITNESS
SYN_FIT_0060,"fitness professional with expertise in strength training and nutrition guidance. Proven expertise in functional training, exercise programming, and fitness assessment. Strong background in functional training with hands-on experience using body composition analyzers and fitness tracking apps. Served as strength and conditioning coach at a leading organization, managing cardio training and overseeing body composition analysis. Holds a Diploma in Physical Education with specialization in relevant areas. Additional expertise in weight management, functional training, and sports nutrition. Seeking to contribute meaningfully to a forward-thinking organization.",FITNESS
SYN_FIT_0061,"certified personal trainer passionate about helping clients achieve their health and fitness goals with 3 years of experience in sports nutrition and strength and conditioning. Strong background in sports nutrition with hands-on experience using heart rate monitors and body composition analyzers. 3+ years as wellness consultant with a strong focus on yoga instruction, cardio training, and team collaboration. Completed ACE Fitness Instructor. Strong academic foundation complemented by practical experience. Additional expertise in wellness coaching, weight management, and functional training. Looking forward to taking on new challenges and growing professionally.",FITNESS
SYN_FIT_0062,"dedicated yoga instructor seeking to promote holistic health and mindfulness with 6 years of experience in injury prevention and body composition analysis. Key skills: injury prevention, body composition analysis, weight management. Familiar with body composition analyzers. Served as strength and conditioning coach at a leading organization, managing nutrition coaching and overseeing group fitness instruction. Educational background: NASM Certified Personal Trainer. Continuously updating skills in the field. Additional expertise in injury prevention, sports nutrition, and body composition analysis. Committed to continuous learning and delivering high-impact results.",FITNESS
SYN_FIT_0063,"dedicated yoga instructor seeking to promote holistic health and mindfulness. Proven expertise in injury prevention, personal training, and sports nutrition. Core competencies include injury prevention, personal training, sports nutrition, and wellness coaching. Worked as sports coach for 7 years, handling wellness coaching and cardio training responsibilities. Completed Diploma in Physical Education. Strong academic foundation complemented by practical experience. Additional expertise in sports nutrition, HIIT, and exercise programming. Committed to continuous learning and delivering high-impact results.",FITNESS
SYN_FIT_0064,"fitness professional with expertise in strength training and nutrition guidance with 3 years of experience in nutrition coaching and personal training. Key skills: nutrition coaching, personal training, functional training. Familiar with fitness tracking apps. Worked as yoga instructor for 3 years, handling wellness coaching and body composition analysis responsibilities. BSc Sports Science graduate with distinction. Committed to ongoing professional development. Additional expertise in cardio training, body composition analysis, and functional training. Looking forward to taking on new challenges and growing professionally.",FITNESS
SYN_FIT_0065,"experienced sports coach committed to enhancing athletic performance and physical well-being with 6 years of experience in cardio training and client motivation. Strong background in cardio training with hands-on experience using gym equipment operation and fitness tracking apps. 6+ years as yoga instructor with a strong focus on body composition analysis, exercise programming, and team collaboration. ACSM Certification graduate with distinction. Committed to ongoing professional development. Additional expertise in body composition analysis, wellness coaching, and functional training. Seeking to contribute meaningfully to a forward-thinking organization.",FITNESS
SYN_FIT_0066,"Dynamic sports coach specializing in group fitness instruction and weight management. certified personal trainer passionate about helping clients achieve their health and fitness goals. Strong background in group fitness instruction with hands-on experience using fitness tracking apps and heart rate monitors. Successfully delivered exercise programming projects as sports coach. Collaborated cross-functionally on wellness coaching. Educational background: Diploma in Physical Education. Continuously updating skills in the field. Additional expertise in cardio training, sports nutrition, and client motivation. Committed to continuous learning and delivering high-impact results.",FITNESS
SYN_FIT_0067,"Dynamic strength and conditioning coach specializing in injury prevention and weight management. fitness professional with expertise in strength training and nutrition guidance. Core competencies include injury prevention, weight management, sports nutrition, and group fitness instruction. Worked as strength and conditioning coach for 2 years, handling group fitness instruction and nutrition coaching responsibilities. Holds a BSc Sports Science with specialization in relevant areas. Additional expertise in sports coaching, weight management, and personal training. Eager to leverage skills to drive organizational growth and excellence.",FITNESS
SYN_FIT_0068,"Motivated gym manager with a passion for group fitness instruction. experienced sports coach committed to enhancing athletic performance and physical well-being. Key skills: group fitness instruction, fitness assessment, HIIT. Familiar with heart rate monitors. Served as gym manager at a leading organization, managing nutrition coaching and overseeing functional training. Holds a NASM Certified Personal Trainer with specialization in relevant areas. Additional expertise in personal training, body composition analysis, and nutrition coaching. Committed to continuous learning and delivering high-impact results.",FITNESS
SYN_FIT_0069,"certified personal trainer passionate about helping clients achieve their health and fitness goals with 1 years of experience in cardio training and group fitness instruction. Key skills: cardio training, group fitness instruction, body composition analysis. Familiar with MyFitnessPal. Successfully delivered HIIT projects as strength and conditioning coach. Collaborated cross-functionally on client motivation. Completed Diploma in Physical Education. Strong academic foundation complemented by practical experience. Additional expertise in exercise programming, functional training, and group fitness instruction. Eager to leverage skills to drive organizational growth and excellence.",FITNESS
SYN_FIT_0070,"Motivated yoga instructor with a passion for group fitness instruction. dedicated yoga instructor seeking to promote holistic health and mindfulness. Key skills: group fitness instruction, sports coaching, injury prevention. Familiar with gym equipment operation. Successfully delivered wellness coaching projects as yoga instructor. Collaborated cross-functionally on HIIT. Completed NASM Certified Personal Trainer. Strong academic foundation complemented by practical experience. Additional expertise in strength and conditioning, functional training, and wellness coaching. Looking forward to taking on new challenges and growing professionally.",FITNESS
SYN_FIT_0071,"fitness professional with expertise in strength training and nutrition guidance. Proven expertise in group fitness instruction, sports coaching, and personal training. Core competencies include group fitness instruction, sports coaching, personal training, and exercise programming. Worked as sports coach for 9 years, handling exercise programming and functional training responsibilities. Educational background: NASM Certified Personal Trainer. Continuously updating skills in the field. Additional expertise in personal training, sports coaching, and nutrition coaching. Looking forward to taking on new challenges and growing professionally.",FITNESS
SYN_FIT_0072,"Dynamic aerobics instructor specializing in nutrition coaching and HIIT. certified personal trainer passionate about helping clients achieve their health and fitness goals. Expertise spans nutrition coaching, HIIT, and wellness coaching, supported by proficiency in heart rate monitors. 12+ years as aerobics instructor with a strong focus on sports coaching, strength and conditioning, and team collaboration. Completed Yoga Alliance RYT 200. Strong academic foundation complemented by practical experience. Additional expertise in sports coaching, fitness assessment, and exercise programming. Looking forward to taking on new challenges and growing professionally.",FITNESS
SYN_FIT_0073,"certified personal trainer passionate about helping clients achieve their health and fitness goals. Proven expertise in sports coaching, injury prevention, and HIIT. Proficient in sports coaching, injury prevention, and HIIT. Experienced with gym equipment operation and fitness tracking apps. Served as sports coach at a leading organization, managing sports nutrition and overseeing exercise programming. Completed BSc Sports Science. Strong academic foundation complemented by practical experience. Additional expertise in functional training, exercise programming, and wellness coaching. Seeking to contribute meaningfully to a forward-thinking organization.",FITNESS
SYN_FIT_0074,"Dynamic aerobics instructor specializing in group fitness instruction and body composition analysis. fitness professional with expertise in strength training and nutrition guidance. Proficient in group fitness instruction, body composition analysis, and personal training. Experienced with Trainerize and heart rate monitors. Successfully delivered strength and conditioning projects as aerobics instructor. Collaborated cross-functionally on functional training. ACSM Certification graduate with distinction. Committed to ongoing professional development. Additional expertise in cardio training, injury prevention, and yoga instruction. Seeking to contribute meaningfully to a forward-thinking organization.",FITNESS
SYN_FIT_0075,"experienced sports coach committed to enhancing athletic performance and physical well-being with 6 years of experience in sports coaching and functional training. Core competencies include sports coaching, functional training, exercise programming, and wellness coaching. Served as yoga instructor at a leading organization, managing wellness coaching and overseeing cardio training. Completed BSc Sports Science. Strong academic foundation complemented by practical experience. Additional expertise in fitness assessment, cardio training, and yoga instruction. Committed to continuous learning and delivering high-impact results.",FITNESS
SYN_FIT_0076,"fitness professional with expertise in strength training and nutrition guidance. Proven expertise in client motivation, sports coaching, and cardio training. Proficient in client motivation, sports coaching, and cardio training. Experienced with gym equipment operation and fitness tracking apps. Worked as yoga instructor for 4 years, handling nutrition coaching and sports nutrition responsibilities. Holds a Diploma in Physical Education with specialization in relevant areas. Additional expertise in nutrition coaching, functional training, and injury prevention. Seeking to contribute meaningfully to a forward-thinking organization.",FITNESS
SYN_FIT_0077,"experienced sports coach committed to enhancing athletic performance and physical well-being. Proven expertise in fitness assessment, exercise programming, and sports coaching. Strong background in fitness assessment with hands-on experience using body composition analyzers and gym equipment operation. Worked as wellness consultant for 12 years, handling HIIT and personal training responsibilities. Completed ACSM Certification. Strong academic foundation complemented by practical experience. Additional expertise in weight management, strength and conditioning, and body composition analysis. Looking forward to taking on new challenges and growing professionally.",FITNESS
SYN_FIT_0078,"fitness professional with expertise in strength training and nutrition guidance. Proven expertise in group fitness instruction, client motivation, and yoga instruction. Core competencies include group fitness instruction, client motivation, yoga instruction, and weight management. Worked as aerobics instructor for 3 years, handling weight management and sports nutrition responsibilities. Completed BSc Sports Science. Strong academic foundation complemented by practical experience. Additional expertise in body composition analysis, group fitness instruction, and exercise programming. Seeking to contribute meaningfully to a forward-thinking organization.",FITNESS
SYN_FIT_0079,"dedicated yoga instructor seeking to promote holistic health and mindfulness. Proven expertise in injury prevention, wellness coaching, and HIIT. Strong background in injury prevention with hands-on experience using Trainerize and gym equipment operation. 11+ years as gym manager with a strong focus on nutrition coaching, functional training, and team collaboration. Completed Yoga Alliance RYT 200. Strong academic foundation complemented by practical experience. Additional expertise in functional training, personal training, and group fitness instruction. Committed to continuous learning and delivering high-impact results.",FITNESS
SYN_FIT_0080,"experienced sports coach committed to enhancing athletic performance and physical well-being with 1 years of experience in strength and conditioning and personal training. Expertise spans strength and conditioning, personal training, and HIIT, supported by proficiency in heart rate monitors. 1+ years as personal trainer with a strong focus on sports nutrition, body composition analysis, and team collaboration. Educational background: ACE Fitness Instructor. Continuously updating skills in the field. Additional expertise in functional training, client motivation, and group fitness instruction. Eager to leverage skills to drive organizational growth and excellence.",FITNESS
SYN_FIT_0081,"fitness professional with expertise in strength training and nutrition guidance. Proven expertise in cardio training, HIIT, and nutrition coaching. Core competencies include cardio training, HIIT, nutrition coaching, and group fitness instruction. 3+ years as strength and conditioning coach with a strong focus on group fitness instruction, exercise programming, and team collaboration. Educational background: ACSM Certification. Continuously updating skills in the field. Additional expertise in personal training, HIIT, and fitness assessment. Committed to continuous learning and delivering high-impact results.",FITNESS
SYN_FIT_0082,"fitness professional with expertise in strength training and nutrition guidance. Proven expertise in weight management, strength and conditioning, and exercise programming. Proficient in weight management, strength and conditioning, and exercise programming. Experienced with gym equipment operation and body composition analyzers. Served as fitness instructor at a leading organization, managing body composition analysis and overseeing group fitness instruction. Completed NASM Certified Personal Trainer. Strong academic foundation complemented by practical experience. Additional expertise in cardio training, wellness coaching, and nutrition coaching. Committed to continuous learning and delivering high-impact results.",FITNESS
SYN_AVI_0000,"Dynamic airport operations officer specializing in weather analysis and air traffic communication. aviation professional dedicated to maintaining the highest standards of flight safety. Key skills: weather analysis, air traffic communication, dispatch operations. Familiar with NOTAM systems. Worked as airport operations officer for 11 years, handling ICAO regulations and ground handling responsibilities. Completed Dispatcher License. Strong academic foundation complemented by practical experience. Additional expertise in emergency procedures, ICAO regulations, and dispatch operations. Seeking to contribute meaningfully to a forward-thinking organization.",AVIATION
SYN_AVI_0001,"aviation professional dedicated to maintaining the highest standards of flight safety. Proven expertise in aviation safety, dispatch operations, and DGCA compliance. Proficient in aviation safety, dispatch operations, and DGCA compliance. Experienced with ATC communication systems and flight management systems (FMS). Worked as commercial pilot for 12 years, handling emergency procedures and flight operations responsibilities. Educational background: ATPL. Continuously updating skills in the field. Additional expertise in flight planning, aircraft navigation, and weather analysis. Eager to leverage skills to drive organizational growth and excellence.",AVIATION
SYN_AVI_0002,"Dynamic cabin crew specializing in aviation safety and ground handling. cabin crew member with excellent passenger service and emergency response skills. Strong background in aviation safety with hands-on experience using flight management systems (FMS) and Boeing 737 / Airbus A320. Worked as cabin crew for 9 years, handling emergency procedures and air traffic communication responsibilities. Holds a Dispatcher License with specialization in relevant areas. Additional expertise in aviation safety, emergency procedures, and instrument rating. Looking forward to taking on new challenges and growing professionally.",AVIATION
SYN_AVI_0003,"Dynamic airport operations officer specializing in flight operations and dispatch operations. cabin crew member with excellent passenger service and emergency response skills. Core competencies include flight operations, dispatch operations, airport operations, and airline operations. 3+ years as airport operations officer with a strong focus on airline operations, air traffic communication, and team collaboration. Completed BSc Aviation Management. Strong academic foundation complemented by practical experience. Additional expertise in airport operations, DGCA compliance, and airline operations. Looking forward to taking on new challenges and growing professionally.",AVIATION
SYN_AVI_0004,"Dynamic ground handling supervisor specializing in weather analysis and ground handling. experienced commercial pilot with strong record in safe and on-time flight operations. Core competencies include weather analysis, ground handling, air traffic communication, and aviation safety. Served as ground handling supervisor at a leading organization, managing aviation safety and overseeing flight planning. Holds a BSc Aviation Management with specialization in relevant areas. Additional expertise in airline operations, air traffic communication, and flight operations. Looking forward to taking on new challenges and growing professionally.",AVIATION
SYN_AVI_0005,"aviation professional dedicated to maintaining the highest standards of flight safety with 10 years of experience in emergency procedures and dispatch operations. Key skills: emergency procedures, dispatch operations, aviation safety. Familiar with NOTAM systems. Successfully delivered airport operations projects as commercial pilot. Collaborated cross-functionally on aircraft navigation. Educational background: BSc Aviation Management. Continuously updating skills in the field. Additional expertise in weather analysis, ICAO regulations, and crew resource management. Looking forward to taking on new challenges and growing professionally.",AVIATION
SYN_AVI_0006,"aviation professional dedicated to maintaining the highest standards of flight safety with 2 years of experience in flight operations and dispatch operations. Proficient in flight operations, dispatch operations, and aviation safety. Experienced with flight simulators and ACARS. 2+ years as ground handling supervisor with a strong focus on airline operations, airport operations, and team collaboration. Educational background: ATPL. Continuously updating skills in the field. Additional expertise in instrument rating, emergency procedures, and dispatch operations. Eager to leverage skills to drive organizational growth and excellence.",AVIATION
SYN_AVI_0007,"Motivated first officer with a passion for aircraft navigation. experienced commercial pilot with strong record in safe and on-time flight operations. Expertise spans aircraft navigation, instrument rating, and airport operations, supported by proficiency in flight management systems (FMS). Served as first officer at a leading organization, managing air traffic communication and overseeing flight planning. Commercial Pilot License (CPL) graduate with distinction. Committed to ongoing professional development. Additional expertise in instrument rating, DGCA compliance, and airport operations. Seeking to contribute meaningfully to a forward-thinking organization.",AVIATION
SYN_AVI_0008,"seeking a challenging role in airline operations to leverage aviation management expertise. Proven expertise in crew resource management, airport operations, and airline operations. Core competencies include crew resource management, airport operations, airline operations, and aviation safety. Successfully delivered aviation safety projects as airport operations officer. Collaborated cross-functionally on dispatch operations. Cabin Crew Certification graduate with distinction. Committed to ongoing professional development. Additional expertise in air traffic communication, emergency procedures, and instrument rating. Seeking to contribute meaningfully to a forward-thinking organization.",AVIATION
SYN_AVI_0009,"seeking a challenging role in airline operations to leverage aviation management expertise. Proven expertise in cabin crew management, airline operations, and emergency procedures. Core competencies include cabin crew management, airline operations, emergency procedures, and flight planning. Served as first officer at a leading organization, managing flight planning and overseeing aircraft navigation. Educational background: Cabin Crew Certification. Continuously updating skills in the field. Additional expertise in aviation safety, DGCA compliance, and emergency procedures. Eager to leverage skills to drive organizational growth and excellence.",AVIATION
SYN_AVI_0010,"Dynamic first officer specializing in dispatch operations and instrument rating. experienced commercial pilot with strong record in safe and on-time flight operations. Proficient in dispatch operations, instrument rating, and ground handling. Experienced with Boeing 737 / Airbus A320 and NOTAM systems. Worked as first officer for 9 years, handling airport operations and weather analysis responsibilities. Cabin Crew Certification graduate with distinction. Committed to ongoing professional development. Additional expertise in ground handling, weather analysis, and ICAO regulations. Eager to leverage skills to drive organizational growth and excellence.",AVIATION
SYN_AVI_0011,"Dynamic ground handling supervisor specializing in emergency procedures and aviation safety. experienced commercial pilot with strong record in safe and on-time flight operations. Proficient in emergency procedures, aviation safety, and airport operations. Experienced with Boeing 737 / Airbus A320 and flight management systems (FMS). Successfully delivered aircraft navigation projects as ground handling supervisor. Collaborated cross-functionally on ICAO regulations. Holds a Airport Operations Certificate with specialization in relevant areas. Additional expertise in ground handling, ICAO regulations, and airline operations. Eager to leverage skills to drive organizational growth and excellence.",AVIATION
SYN_AVI_0012,"Dynamic cabin crew specializing in flight operations and ground handling. seeking a challenging role in airline operations to leverage aviation management expertise. Core competencies include flight operations, ground handling, weather analysis, and crew resource management. 3+ years as cabin crew with a strong focus on crew resource management, air traffic communication, and team collaboration. Holds a Dispatcher License with specialization in relevant areas. Additional expertise in flight planning, instrument rating, and cabin crew management. Eager to leverage skills to drive organizational growth and excellence.",AVIATION
SYN_AVI_0013,"Motivated flight dispatcher with a passion for DGCA compliance. aviation professional dedicated to maintaining the highest standards of flight safety. Core competencies include DGCA compliance, aviation safety, ICAO regulations, and flight planning. Worked as flight dispatcher for 6 years, handling flight planning and dispatch operations responsibilities. Airport Operations Certificate graduate with distinction. Committed to ongoing professional development. Additional expertise in emergency procedures, DGCA compliance, and cabin crew management. Eager to leverage skills to drive organizational growth and excellence.",AVIATION
SYN_AVI_0014,"Motivated airport operations officer with a passion for crew resource management. cabin crew member with excellent passenger service and emergency response skills. Key skills: crew resource management, ICAO regulations, dispatch operations. Familiar with flight management systems (FMS). 2+ years as airport operations officer with a strong focus on airline operations, cabin crew management, and team collaboration. Completed Airport Operations Certificate. Strong academic foundation complemented by practical experience. Additional expertise in ICAO regulations, airline operations, and flight planning. Seeking to contribute meaningfully to a forward-thinking organization.",AVIATION
SYN_AVI_0015,"Dynamic aviation safety officer specializing in weather analysis and cabin crew management. cabin crew member with excellent passenger service and emergency response skills. Expertise spans weather analysis, cabin crew management, and aviation safety, supported by proficiency in NOTAM systems. Worked as aviation safety officer for 2 years, handling flight planning and crew resource management responsibilities. Airport Operations Certificate graduate with distinction. Committed to ongoing professional development. Additional expertise in ICAO regulations, airport operations, and dispatch operations. Seeking to contribute meaningfully to a forward-thinking organization.",AVIATION
SYN_AVI_0016,"experienced commercial pilot with strong record in safe and on-time flight operations with 10 years of experience in instrument rating and DGCA compliance. Core competencies include instrument rating, DGCA compliance, crew resource management, and emergency procedures. Successfully delivered emergency procedures projects as cabin crew. Collaborated cross-functionally on airline operations. Educational background: BSc Aviation Management. Continuously updating skills in the field. Additional expertise in crew resource management, flight operations, and airline operations. Committed to continuous learning and delivering high-impact results.",AVIATION
SYN_AVI_0017,"experienced commercial pilot with strong record in safe and on-time flight operations. Proven expertise in instrument rating, flight planning, and emergency procedures. Proficient in instrument rating, flight planning, and emergency procedures. Experienced with flight simulators and ACARS. 1+ years as flight dispatcher with a strong focus on crew resource management, dispatch operations, and team collaboration. Airport Operations Certificate graduate with distinction. Committed to ongoing professional development. Additional expertise in ICAO regulations, DGCA compliance, and weather analysis. Eager to leverage skills to drive organizational growth and excellence.",AVIATION
SYN_AVI_0018,"experienced commercial pilot with strong record in safe and on-time flight operations with 9 years of experience in ground handling and airline operations. Proficient in ground handling, airline operations, and weather analysis. Experienced with Boeing 737 / Airbus A320 and ATC communication systems. Served as cabin crew at a leading organization, managing aviation safety and overseeing flight operations. Holds a Dispatcher License with specialization in relevant areas. Additional expertise in ground handling, dispatch operations, and airline operations. Committed to continuous learning and delivering high-impact results.",AVIATION
SYN_AVI_0019,"Dynamic flight dispatcher specializing in airline operations and flight operations. cabin crew member with excellent passenger service and emergency response skills. Expertise spans airline operations, flight operations, and instrument rating, supported by proficiency in flight management systems (FMS). 11+ years as flight dispatcher with a strong focus on dispatch operations, flight planning, and team collaboration. Airport Operations Certificate graduate with distinction. Committed to ongoing professional development. Additional expertise in crew resource management, ICAO regulations, and flight operations. Committed to continuous learning and delivering high-impact results.",AVIATION
SYN_AVI_0020,"Motivated ground handling supervisor with a passion for weather analysis. seeking a challenging role in airline operations to leverage aviation management expertise. Proficient in weather analysis, crew resource management, and DGCA compliance. Experienced with flight simulators and ACARS. Worked as ground handling supervisor for 3 years, handling airport operations and flight operations responsibilities. Educational background: Commercial Pilot License (CPL). Continuously updating skills in the field. Additional expertise in emergency procedures, crew resource management, and flight planning. Looking forward to taking on new challenges and growing professionally.",AVIATION
SYN_AVI_0021,"Motivated first officer with a passion for dispatch operations. experienced commercial pilot with strong record in safe and on-time flight operations. Proficient in dispatch operations, flight planning, and DGCA compliance. Experienced with Boeing 737 / Airbus A320 and ATC communication systems. Successfully delivered instrument rating projects as first officer. Collaborated cross-functionally on airline operations. Educational background: Airport Operations Certificate. Continuously updating skills in the field. Additional expertise in flight planning, aircraft navigation, and instrument rating. Looking forward to taking on new challenges and growing professionally.",AVIATION
SYN_AVI_0022,"aviation professional dedicated to maintaining the highest standards of flight safety. Proven expertise in weather analysis, airport operations, and air traffic communication. Core competencies include weather analysis, airport operations, air traffic communication, and dispatch operations. 6+ years as aviation safety officer with a strong focus on dispatch operations, crew resource management, and team collaboration. Cabin Crew Certification graduate with distinction. Committed to ongoing professional development. Additional expertise in flight operations, flight planning, and cabin crew management. Looking forward to taking on new challenges and growing professionally.",AVIATION
SYN_AVI_0023,"cabin crew member with excellent passenger service and emergency response skills. Proven expertise in DGCA compliance, instrument rating, and ICAO regulations. Expertise spans DGCA compliance, instrument rating, and ICAO regulations, supported by proficiency in ATC communication systems. Served as airport operations officer at a leading organization, managing aviation safety and overseeing weather analysis. Completed BSc Aviation Management. Strong academic foundation complemented by practical experience. Additional expertise in flight operations, cabin crew management, and weather analysis. Seeking to contribute meaningfully to a forward-thinking organization.",AVIATION
SYN_AVI_0024,"cabin crew member with excellent passenger service and emergency response skills. Proven expertise in aviation safety, air traffic communication, and ground handling. Core competencies include aviation safety, air traffic communication, ground handling, and ICAO regulations. Worked as cabin crew for 4 years, handling ICAO regulations and flight operations responsibilities. Holds a BSc Aviation Management with specialization in relevant areas. Additional expertise in dispatch operations, aviation safety, and airport operations. Eager to leverage skills to drive organizational growth and excellence.",AVIATION
SYN_AVI_0025,"seeking a challenging role in airline operations to leverage aviation management expertise. Proven expertise in cabin crew management, ICAO regulations, and instrument rating. Core competencies include cabin crew management, ICAO regulations, instrument rating, and emergency procedures. 5+ years as airport operations officer with a strong focus on emergency procedures, weather analysis, and team collaboration. Educational background: ATPL. Continuously updating skills in the field. Additional expertise in ground handling, air traffic communication, and dispatch operations. Looking forward to taking on new challenges and growing professionally.",AVIATION
SYN_AVI_0026,"Motivated airport operations officer with a passion for ground handling. cabin crew member with excellent passenger service and emergency response skills. Strong background in ground handling with hands-on experience using ATC communication systems and flight simulators. Worked as airport operations officer for 8 years, handling cabin crew management and weather analysis responsibilities. Completed Commercial Pilot License (CPL). Strong academic foundation complemented by practical experience. Additional expertise in crew resource management, cabin crew management, and flight planning. Looking forward to taking on new challenges and growing professionally.",AVIATION
SYN_AVI_0027,"Motivated first officer with a passion for flight planning. aviation professional dedicated to maintaining the highest standards of flight safety. Expertise spans flight planning, dispatch operations, and cabin crew management, supported by proficiency in flight simulators. 6+ years as first officer with a strong focus on emergency procedures, ground handling, and team collaboration. BSc Aviation Management graduate with distinction. Committed to ongoing professional development. Additional expertise in airline operations, flight planning, and crew resource management. Eager to leverage skills to drive organizational growth and excellence.",AVIATION
SYN_AVI_0028,"seeking a challenging role in airline operations to leverage aviation management expertise. Proven expertise in flight operations, aviation safety, and crew resource management. Core competencies include flight operations, aviation safety, crew resource management, and aircraft navigation. Served as cabin crew at a leading organization, managing aircraft navigation and overseeing emergency procedures. ATPL graduate with distinction. Committed to ongoing professional development. Additional expertise in aircraft navigation, emergency procedures, and cabin crew management. Eager to leverage skills to drive organizational growth and excellence.",AVIATION
SYN_AVI_0029,"Motivated cabin crew with a passion for dispatch operations. seeking a challenging role in airline operations to leverage aviation management expertise. Core competencies include dispatch operations, aviation safety, flight operations, and flight planning. Worked as cabin crew for 9 years, handling flight planning and emergency procedures responsibilities. ATPL graduate with distinction. Committed to ongoing professional development. Additional expertise in ICAO regulations, airline operations, and instrument rating. Eager to leverage skills to drive organizational growth and excellence.",AVIATION
SYN_AVI_0030,"Motivated ground handling supervisor with a passion for aircraft navigation. seeking a challenging role in airline operations to leverage aviation management expertise. Strong background in aircraft navigation with hands-on experience using Boeing 737 / Airbus A320 and NOTAM systems. Successfully delivered ICAO regulations projects as ground handling supervisor. Collaborated cross-functionally on crew resource management. ATPL graduate with distinction. Committed to ongoing professional development. Additional expertise in air traffic communication, ground handling, and cabin crew management. Committed to continuous learning and delivering high-impact results.",AVIATION
SYN_AVI_0031,"Dynamic first officer specializing in air traffic communication and flight planning. seeking a challenging role in airline operations to leverage aviation management expertise. Key skills: air traffic communication, flight planning, aviation safety. Familiar with flight management systems (FMS). 10+ years as first officer with a strong focus on weather analysis, airline operations, and team collaboration. Completed Airport Operations Certificate. Strong academic foundation complemented by practical experience. Additional expertise in aircraft navigation, ICAO regulations, and crew resource management. Seeking to contribute meaningfully to a forward-thinking organization.",AVIATION
SYN_AVI_0032,"cabin crew member with excellent passenger service and emergency response skills with 8 years of experience in cabin crew management and ICAO regulations. Proficient in cabin crew management, ICAO regulations, and flight operations. Experienced with NOTAM systems and ATC communication systems. Successfully delivered emergency procedures projects as commercial pilot. Collaborated cross-functionally on aviation safety. Completed Commercial Pilot License (CPL). Strong academic foundation complemented by practical experience. Additional expertise in ICAO regulations, air traffic communication, and DGCA compliance. Looking forward to taking on new challenges and growing professionally.",AVIATION
SYN_AVI_0033,"Motivated cabin crew with a passion for crew resource management. cabin crew member with excellent passenger service and emergency response skills. Expertise spans crew resource management, ICAO regulations, and instrument rating, supported by proficiency in ATC communication systems. Served as cabin crew at a leading organization, managing cabin crew management and overseeing air traffic communication. Holds a Dispatcher License with specialization in relevant areas. Additional expertise in aircraft navigation, air traffic communication, and crew resource management. Seeking to contribute meaningfully to a forward-thinking organization.",AVIATION
SYN_AVI_0034,"seeking a challenging role in airline operations to leverage aviation management expertise with 12 years of experience in air traffic communication and weather analysis. Key skills: air traffic communication, weather analysis, dispatch operations. Familiar with ACARS. Worked as ground handling supervisor for 12 years, handling flight planning and emergency procedures responsibilities. Completed Airport Operations Certificate. Strong academic foundation complemented by practical experience. Additional expertise in ICAO regulations, crew resource management, and flight planning. Looking forward to taking on new challenges and growing professionally.",AVIATION
SYN_AVI_0035,"aviation professional dedicated to maintaining the highest standards of flight safety. Proven expertise in dispatch operations, airport operations, and weather analysis. Core competencies include dispatch operations, airport operations, weather analysis, and air traffic communication. Worked as aviation safety officer for 7 years, handling air traffic communication and emergency procedures responsibilities. Educational background: BSc Aviation Management. Continuously updating skills in the field. Additional expertise in DGCA compliance, airport operations, and airline operations. Seeking to contribute meaningfully to a forward-thinking organization.",AVIATION
SYN_AVI_0036,"seeking a challenging role in airline operations to leverage aviation management expertise with 9 years of experience in air traffic communication and flight planning. Key skills: air traffic communication, flight planning, instrument rating. Familiar with NOTAM systems. Successfully delivered ICAO regulations projects as flight dispatcher. Collaborated cross-functionally on flight operations. Holds a ATPL with specialization in relevant areas. Additional expertise in ground handling, instrument rating, and air traffic communication. Committed to continuous learning and delivering high-impact results.",AVIATION
SYN_AVI_0037,"aviation professional dedicated to maintaining the highest standards of flight safety with 6 years of experience in air traffic communication and DGCA compliance. Strong background in air traffic communication with hands-on experience using flight management systems (FMS) and flight simulators. Served as flight dispatcher at a leading organization, managing crew resource management and overseeing instrument rating. Educational background: ATPL. Continuously updating skills in the field. Additional expertise in airport operations, flight operations, and ground handling. Seeking to contribute meaningfully to a forward-thinking organization.",AVIATION
SYN_AVI_0038,"Motivated flight dispatcher with a passion for cabin crew management. experienced commercial pilot with strong record in safe and on-time flight operations. Proficient in cabin crew management, weather analysis, and emergency procedures. Experienced with ATC communication systems and ACARS. Served as flight dispatcher at a leading organization, managing air traffic communication and overseeing ICAO regulations. ATPL graduate with distinction. Committed to ongoing professional development. Additional expertise in aircraft navigation, ICAO regulations, and flight operations. Looking forward to taking on new challenges and growing professionally.",AVIATION
SYN_AVI_0039,"Dynamic aviation safety officer specializing in ICAO regulations and instrument rating. experienced commercial pilot with strong record in safe and on-time flight operations. Proficient in ICAO regulations, instrument rating, and flight operations. Experienced with NOTAM systems and Boeing 737 / Airbus A320. 1+ years as aviation safety officer with a strong focus on air traffic communication, flight planning, and team collaboration. Airport Operations Certificate graduate with distinction. Committed to ongoing professional development. Additional expertise in airline operations, dispatch operations, and airport operations. Committed to continuous learning and delivering high-impact results.",AVIATION
SYN_AVI_0040,"aviation professional dedicated to maintaining the highest standards of flight safety. Proven expertise in ground handling, emergency procedures, and dispatch operations. Expertise spans ground handling, emergency procedures, and dispatch operations, supported by proficiency in ACARS. Worked as airport operations officer for 12 years, handling ICAO regulations and airline operations responsibilities. Holds a Commercial Pilot License (CPL) with specialization in relevant areas. Additional expertise in DGCA compliance, emergency procedures, and instrument rating. Committed to continuous learning and delivering high-impact results.",AVIATION
SYN_AVI_0041,"cabin crew member with excellent passenger service and emergency response skills. Proven expertise in cabin crew management, aircraft navigation, and DGCA compliance. Strong background in cabin crew management with hands-on experience using ACARS and flight management systems (FMS). 8+ years as cabin crew with a strong focus on instrument rating, airline operations, and team collaboration. Holds a Dispatcher License with specialization in relevant areas. Additional expertise in aviation safety, airline operations, and flight planning. Eager to leverage skills to drive organizational growth and excellence.",AVIATION
SYN_AVI_0042,"experienced commercial pilot with strong record in safe and on-time flight operations. Proven expertise in flight planning, weather analysis, and emergency procedures. Expertise spans flight planning, weather analysis, and emergency procedures, supported by proficiency in ACARS. Successfully delivered aviation safety projects as ground handling supervisor. Collaborated cross-functionally on cabin crew management. Airport Operations Certificate graduate with distinction. Committed to ongoing professional development. Additional expertise in weather analysis, flight operations, and instrument rating. Eager to leverage skills to drive organizational growth and excellence.",AVIATION
SYN_AVI_0043,"Dynamic first officer specializing in emergency procedures and flight planning. experienced commercial pilot with strong record in safe and on-time flight operations. Strong background in emergency procedures with hands-on experience using flight simulators and NOTAM systems. Served as first officer at a leading organization, managing ground handling and overseeing DGCA compliance. Completed Airport Operations Certificate. Strong academic foundation complemented by practical experience. Additional expertise in ICAO regulations, airline operations, and weather analysis. Looking forward to taking on new challenges and growing professionally.",AVIATION
SYN_AVI_0044,"experienced commercial pilot with strong record in safe and on-time flight operations. Proven expertise in flight operations, air traffic communication, and cabin crew management. Key skills: flight operations, air traffic communication, cabin crew management. Familiar with ACARS. Served as cabin crew at a leading organization, managing aviation safety and overseeing dispatch operations. Holds a Commercial Pilot License (CPL) with specialization in relevant areas. Additional expertise in emergency procedures, DGCA compliance, and flight planning. Looking forward to taking on new challenges and growing professionally.",AVIATION
SYN_AVI_0045,"Dynamic commercial pilot specializing in DGCA compliance and airport operations. aviation professional dedicated to maintaining the highest standards of flight safety. Key skills: DGCA compliance, airport operations, aviation safety. Familiar with flight management systems (FMS). 10+ years as commercial pilot with a strong focus on flight operations, ICAO regulations, and team collaboration. Holds a Airport Operations Certificate with specialization in relevant areas. Additional expertise in instrument rating, air traffic communication, and emergency procedures. Looking forward to taking on new challenges and growing professionally.",AVIATION
SYN_AVI_0046,"Dynamic aviation safety officer specializing in aviation safety and weather analysis. cabin crew member with excellent passenger service and emergency response skills. Proficient in aviation safety, weather analysis, and ground handling. Experienced with NOTAM systems and Boeing 737 / Airbus A320. Successfully delivered dispatch operations projects as aviation safety officer. Collaborated cross-functionally on instrument rating. Completed BSc Aviation Management. Strong academic foundation complemented by practical experience. Additional expertise in airline operations, flight operations, and DGCA compliance. Committed to continuous learning and delivering high-impact results.",AVIATION
SYN_AVI_0047,"seeking a challenging role in airline operations to leverage aviation management expertise. Proven expertise in aircraft navigation, aviation safety, and flight planning. Expertise spans aircraft navigation, aviation safety, and flight planning, supported by proficiency in flight management systems (FMS). Successfully delivered crew resource management projects as aviation safety officer. Collaborated cross-functionally on ICAO regulations. Commercial Pilot License (CPL) graduate with distinction. Committed to ongoing professional development. Additional expertise in ground handling, emergency procedures, and aviation safety. Eager to leverage skills to drive organizational growth and excellence.",AVIATION
SYN_AVI_0048,"Motivated airport operations officer with a passion for flight operations. seeking a challenging role in airline operations to leverage aviation management expertise. Core competencies include flight operations, weather analysis, flight planning, and aircraft navigation. Successfully delivered aircraft navigation projects as airport operations officer. Collaborated cross-functionally on aviation safety. Holds a BSc Aviation Management with specialization in relevant areas. Additional expertise in instrument rating, emergency procedures, and air traffic communication. Committed to continuous learning and delivering high-impact results.",AVIATION
SYN_AVI_0049,"Dynamic cabin crew specializing in emergency procedures and aircraft navigation. aviation professional dedicated to maintaining the highest standards of flight safety. Key skills: emergency procedures, aircraft navigation, DGCA compliance. Familiar with flight management systems (FMS). Served as cabin crew at a leading organization, managing air traffic communication and overseeing aviation safety. Holds a BSc Aviation Management with specialization in relevant areas. Additional expertise in emergency procedures, airport operations, and flight planning. Seeking to contribute meaningfully to a forward-thinking organization.",AVIATION
SYN_AVI_0050,"seeking a challenging role in airline operations to leverage aviation management expertise with 12 years of experience in emergency procedures and aircraft navigation. Expertise spans emergency procedures, aircraft navigation, and ICAO regulations, supported by proficiency in ATC communication systems. Successfully delivered aviation safety projects as commercial pilot. Collaborated cross-functionally on air traffic communication. Completed Dispatcher License. Strong academic foundation complemented by practical experience. Additional expertise in aviation safety, DGCA compliance, and air traffic communication. Eager to leverage skills to drive organizational growth and excellence.",AVIATION
SYN_AVI_0051,"experienced commercial pilot with strong record in safe and on-time flight operations. Proven expertise in dispatch operations, air traffic communication, and ground handling. Strong background in dispatch operations with hands-on experience using Boeing 737 / Airbus A320 and ACARS. Worked as flight dispatcher for 10 years, handling airline operations and flight planning responsibilities. Cabin Crew Certification graduate with distinction. Committed to ongoing professional development. Additional expertise in ICAO regulations, airport operations, and air traffic communication. Eager to leverage skills to drive organizational growth and excellence.",AVIATION
SYN_AVI_0052,"Dynamic commercial pilot specializing in weather analysis and aircraft navigation. aviation professional dedicated to maintaining the highest standards of flight safety. Expertise spans weather analysis, aircraft navigation, and crew resource management, supported by proficiency in flight simulators. Successfully delivered emergency procedures projects as commercial pilot. Collaborated cross-functionally on ICAO regulations. Holds a BSc Aviation Management with specialization in relevant areas. Additional expertise in airport operations, aviation safety, and flight operations. Committed to continuous learning and delivering high-impact results.",AVIATION
SYN_AVI_0053,"Dynamic first officer specializing in instrument rating and flight operations. seeking a challenging role in airline operations to leverage aviation management expertise. Key skills: instrument rating, flight operations, air traffic communication. Familiar with flight management systems (FMS). Served as first officer at a leading organization, managing airport operations and overseeing crew resource management. Holds a Airport Operations Certificate with specialization in relevant areas. Additional expertise in ground handling, aviation safety, and airline operations. Seeking to contribute meaningfully to a forward-thinking organization.",AVIATION
SYN_AVI_0054,"seeking a challenging role in airline operations to leverage aviation management expertise with 10 years of experience in DGCA compliance and flight operations. Key skills: DGCA compliance, flight operations, crew resource management. Familiar with ACARS. Served as cabin crew at a leading organization, managing aircraft navigation and overseeing cabin crew management. Cabin Crew Certification graduate with distinction. Committed to ongoing professional development. Additional expertise in air traffic communication, aviation safety, and airport operations. Seeking to contribute meaningfully to a forward-thinking organization.",AVIATION
SYN_AVI_0055,"experienced commercial pilot with strong record in safe and on-time flight operations with 2 years of experience in airline operations and emergency procedures. Key skills: airline operations, emergency procedures, weather analysis. Familiar with NOTAM systems. Successfully delivered dispatch operations projects as first officer. Collaborated cross-functionally on ICAO regulations. Educational background: ATPL. Continuously updating skills in the field. Additional expertise in instrument rating, aircraft navigation, and flight operations. Looking forward to taking on new challenges and growing professionally.",AVIATION
SYN_AVI_0056,"Dynamic aviation safety officer specializing in weather analysis and airport operations. cabin crew member with excellent passenger service and emergency response skills. Proficient in weather analysis, airport operations, and aircraft navigation. Experienced with ACARS and flight management systems (FMS). Successfully delivered cabin crew management projects as aviation safety officer. Collaborated cross-functionally on dispatch operations. Completed Dispatcher License. Strong academic foundation complemented by practical experience. Additional expertise in ICAO regulations, aviation safety, and airline operations. Seeking to contribute meaningfully to a forward-thinking organization.",AVIATION
SYN_AVI_0057,"Motivated aviation safety officer with a passion for flight planning. cabin crew member with excellent passenger service and emergency response skills. Core competencies include flight planning, air traffic communication, instrument rating, and crew resource management. Served as aviation safety officer at a leading organization, managing crew resource management and overseeing aircraft navigation. Completed ATPL. Strong academic foundation complemented by practical experience. Additional expertise in air traffic communication, dispatch operations, and ground handling. Seeking to contribute meaningfully to a forward-thinking organization.",AVIATION
SYN_AVI_0058,"Motivated cabin crew with a passion for instrument rating. seeking a challenging role in airline operations to leverage aviation management expertise. Proficient in instrument rating, airline operations, and ICAO regulations. Experienced with ACARS and Boeing 737 / Airbus A320. Served as cabin crew at a leading organization, managing flight operations and overseeing aviation safety. Educational background: Dispatcher License. Continuously updating skills in the field. Additional expertise in dispatch operations, airline operations, and aircraft navigation. Committed to continuous learning and delivering high-impact results.",AVIATION
SYN_AVI_0059,"Dynamic ground handling supervisor specializing in flight planning and dispatch operations. experienced commercial pilot with strong record in safe and on-time flight operations. Proficient in flight planning, dispatch operations, and instrument rating. Experienced with flight management systems (FMS) and ATC communication systems. Served as ground handling supervisor at a leading organization, managing ground handling and overseeing weather analysis. Holds a Airport Operations Certificate with specialization in relevant areas. Additional expertise in aviation safety, ICAO regulations, and DGCA compliance. Seeking to contribute meaningfully to a forward-thinking organization.",AVIATION
SYN_AVI_0060,"Motivated flight dispatcher with a passion for weather analysis. experienced commercial pilot with strong record in safe and on-time flight operations. Key skills: weather analysis, emergency procedures, airline operations. Familiar with NOTAM systems. Successfully delivered airport operations projects as flight dispatcher. Collaborated cross-functionally on ground handling. Airport Operations Certificate graduate with distinction. Committed to ongoing professional development. Additional expertise in flight planning, aviation safety, and cabin crew management. Committed to continuous learning and delivering high-impact results.",AVIATION
SYN_AVI_0061,"cabin crew member with excellent passenger service and emergency response skills with 5 years of experience in crew resource management and flight planning. Expertise spans crew resource management, flight planning, and flight operations, supported by proficiency in Boeing 737 / Airbus A320. Worked as commercial pilot for 5 years, handling emergency procedures and ground handling responsibilities. Airport Operations Certificate graduate with distinction. Committed to ongoing professional development. Additional expertise in ICAO regulations, dispatch operations, and weather analysis. Eager to leverage skills to drive organizational growth and excellence.",AVIATION
SYN_AVI_0062,"experienced commercial pilot with strong record in safe and on-time flight operations. Proven expertise in airport operations, ICAO regulations, and ground handling. Strong background in airport operations with hands-on experience using Boeing 737 / Airbus A320 and flight management systems (FMS). Served as airport operations officer at a leading organization, managing weather analysis and overseeing emergency procedures. Completed BSc Aviation Management. Strong academic foundation complemented by practical experience. Additional expertise in emergency procedures, dispatch operations, and airline operations. Looking forward to taking on new challenges and growing professionally.",AVIATION
SYN_AVI_0063,"aviation professional dedicated to maintaining the highest standards of flight safety with 2 years of experience in cabin crew management and ICAO regulations. Core competencies include cabin crew management, ICAO regulations, emergency procedures, and airline operations. Worked as commercial pilot for 2 years, handling airline operations and instrument rating responsibilities. Educational background: Airport Operations Certificate. Continuously updating skills in the field. Additional expertise in airline operations, ground handling, and crew resource management. Committed to continuous learning and delivering high-impact results.",AVIATION
SYN_AVI_0064,"Dynamic aviation safety officer specializing in flight operations and crew resource management. cabin crew member with excellent passenger service and emergency response skills. Core competencies include flight operations, crew resource management, aviation safety, and airport operations. 6+ years as aviation safety officer with a strong focus on airport operations, weather analysis, and team collaboration. Commercial Pilot License (CPL) graduate with distinction. Committed to ongoing professional development. Additional expertise in crew resource management, aviation safety, and ICAO regulations. Seeking to contribute meaningfully to a forward-thinking organization.",AVIATION
SYN_AVI_0065,"experienced commercial pilot with strong record in safe and on-time flight operations. Proven expertise in emergency procedures, aircraft navigation, and airline operations. Core competencies include emergency procedures, aircraft navigation, airline operations, and airport operations. Served as commercial pilot at a leading organization, managing airport operations and overseeing flight operations. Airport Operations Certificate graduate with distinction. Committed to ongoing professional development. Additional expertise in airline operations, crew resource management, and cabin crew management. Committed to continuous learning and delivering high-impact results.",AVIATION
SYN_AVI_0066,"cabin crew member with excellent passenger service and emergency response skills with 5 years of experience in air traffic communication and weather analysis. Proficient in air traffic communication, weather analysis, and crew resource management. Experienced with ATC communication systems and Boeing 737 / Airbus A320. Worked as airport operations officer for 5 years, handling emergency procedures and airline operations responsibilities. Completed Commercial Pilot License (CPL). Strong academic foundation complemented by practical experience. Additional expertise in cabin crew management, aviation safety, and airline operations. Seeking to contribute meaningfully to a forward-thinking organization.",AVIATION
SYN_AVI_0067,"Motivated ground handling supervisor with a passion for aviation safety. seeking a challenging role in airline operations to leverage aviation management expertise. Strong background in aviation safety with hands-on experience using flight management systems (FMS) and NOTAM systems. Served as ground handling supervisor at a leading organization, managing instrument rating and overseeing weather analysis. Completed ATPL. Strong academic foundation complemented by practical experience. Additional expertise in flight planning, flight operations, and aviation safety. Looking forward to taking on new challenges and growing professionally.",AVIATION
SYN_AVI_0068,"Motivated commercial pilot with a passion for cabin crew management. aviation professional dedicated to maintaining the highest standards of flight safety. Expertise spans cabin crew management, flight planning, and airline operations, supported by proficiency in ATC communication systems. 6+ years as commercial pilot with a strong focus on weather analysis, flight operations, and team collaboration. BSc Aviation Management graduate with distinction. Committed to ongoing professional development. Additional expertise in weather analysis, cabin crew management, and air traffic communication. Seeking to contribute meaningfully to a forward-thinking organization.",AVIATION
SYN_AVI_0069,"aviation professional dedicated to maintaining the highest standards of flight safety. Proven expertise in flight operations, airport operations, and air traffic communication. Core competencies include flight operations, airport operations, air traffic communication, and ground handling. Successfully delivered ground handling projects as commercial pilot. Collaborated cross-functionally on emergency procedures. Completed Airport Operations Certificate. Strong academic foundation complemented by practical experience. Additional expertise in flight operations, air traffic communication, and airline operations. Eager to leverage skills to drive organizational growth and excellence.",AVIATION
SYN_AVI_0070,"Motivated flight dispatcher with a passion for emergency procedures. experienced commercial pilot with strong record in safe and on-time flight operations. Core competencies include emergency procedures, ground handling, instrument rating, and air traffic communication. Served as flight dispatcher at a leading organization, managing air traffic communication and overseeing cabin crew management. Completed BSc Aviation Management. Strong academic foundation complemented by practical experience. Additional expertise in crew resource management, flight operations, and dispatch operations. Looking forward to taking on new challenges and growing professionally.",AVIATION
SYN_AVI_0071,"experienced commercial pilot with strong record in safe and on-time flight operations. Proven expertise in flight planning, emergency procedures, and ground handling. Strong background in flight planning with hands-on experience using flight simulators and Boeing 737 / Airbus A320. 9+ years as first officer with a strong focus on instrument rating, aircraft navigation, and team collaboration. Holds a Airport Operations Certificate with specialization in relevant areas. Additional expertise in ICAO regulations, DGCA compliance, and weather analysis. Committed to continuous learning and delivering high-impact results.",AVIATION
SYN_AVI_0072,"seeking a challenging role in airline operations to leverage aviation management expertise. Proven expertise in instrument rating, aviation safety, and flight operations. Expertise spans instrument rating, aviation safety, and flight operations, supported by proficiency in flight simulators. Served as commercial pilot at a leading organization, managing flight planning and overseeing airline operations. Educational background: Commercial Pilot License (CPL). Continuously updating skills in the field. Additional expertise in crew resource management, aircraft navigation, and flight operations. Seeking to contribute meaningfully to a forward-thinking organization.",AVIATION
SYN_AVI_0073,"Dynamic first officer specializing in ground handling and aircraft navigation. seeking a challenging role in airline operations to leverage aviation management expertise. Key skills: ground handling, aircraft navigation, air traffic communication. Familiar with flight management systems (FMS). Successfully delivered flight operations projects as first officer. Collaborated cross-functionally on DGCA compliance. Completed ATPL. Strong academic foundation complemented by practical experience. Additional expertise in cabin crew management, weather analysis, and airport operations. Looking forward to taking on new challenges and growing professionally.",AVIATION
SYN_AVI_0074,"experienced commercial pilot with strong record in safe and on-time flight operations with 5 years of experience in instrument rating and crew resource management. Proficient in instrument rating, crew resource management, and air traffic communication. Experienced with NOTAM systems and ATC communication systems. Worked as airport operations officer for 5 years, handling cabin crew management and airline operations responsibilities. Completed Dispatcher License. Strong academic foundation complemented by practical experience. Additional expertise in cabin crew management, flight operations, and instrument rating. Committed to continuous learning and delivering high-impact results.",AVIATION
SYN_AVI_0075,"seeking a challenging role in airline operations to leverage aviation management expertise. Proven expertise in emergency procedures, aviation safety, and instrument rating. Strong background in emergency procedures with hands-on experience using Boeing 737 / Airbus A320 and NOTAM systems. Worked as ground handling supervisor for 3 years, handling dispatch operations and airline operations responsibilities. Educational background: BSc Aviation Management. Continuously updating skills in the field. Additional expertise in crew resource management, DGCA compliance, and air traffic communication. Committed to continuous learning and delivering high-impact results.",AVIATION
SYN_AVI_0076,"Dynamic commercial pilot specializing in airport operations and crew resource management. seeking a challenging role in airline operations to leverage aviation management expertise. Key skills: airport operations, crew resource management, instrument rating. Familiar with ACARS. Successfully delivered ground handling projects as commercial pilot. Collaborated cross-functionally on airline operations. Completed Airport Operations Certificate. Strong academic foundation complemented by practical experience. Additional expertise in ICAO regulations, cabin crew management, and crew resource management. Seeking to contribute meaningfully to a forward-thinking organization.",AVIATION
SYN_AVI_0077,"Motivated flight dispatcher with a passion for flight operations. aviation professional dedicated to maintaining the highest standards of flight safety. Core competencies include flight operations, dispatch operations, airline operations, and aircraft navigation. Served as flight dispatcher at a leading organization, managing aircraft navigation and overseeing emergency procedures. Educational background: Commercial Pilot License (CPL). Continuously updating skills in the field. Additional expertise in DGCA compliance, weather analysis, and flight planning. Eager to leverage skills to drive organizational growth and excellence.",AVIATION
SYN_AVI_0078,"Motivated commercial pilot with a passion for airport operations. seeking a challenging role in airline operations to leverage aviation management expertise. Core competencies include airport operations, emergency procedures, air traffic communication, and aircraft navigation. 12+ years as commercial pilot with a strong focus on aircraft navigation, weather analysis, and team collaboration. Completed BSc Aviation Management. Strong academic foundation complemented by practical experience. Additional expertise in instrument rating, flight operations, and airline operations. Looking forward to taking on new challenges and growing professionally.",AVIATION
SYN_AVI_0079,"experienced commercial pilot with strong record in safe and on-time flight operations. Proven expertise in dispatch operations, airport operations, and aviation safety. Proficient in dispatch operations, airport operations, and aviation safety. Experienced with flight management systems (FMS) and ACARS. Successfully delivered emergency procedures projects as ground handling supervisor. Collaborated cross-functionally on crew resource management. Educational background: Commercial Pilot License (CPL). Continuously updating skills in the field. Additional expertise in ICAO regulations, aviation safety, and instrument rating. Looking forward to taking on new challenges and growing professionally.",AVIATION
SYN_AVI_0080,"cabin crew member with excellent passenger service and emergency response skills with 10 years of experience in weather analysis and emergency procedures. Proficient in weather analysis, emergency procedures, and flight operations. Experienced with flight simulators and ATC communication systems. Served as ground handling supervisor at a leading organization, managing airline operations and overseeing airport operations. Holds a Commercial Pilot License (CPL) with specialization in relevant areas. Additional expertise in instrument rating, weather analysis, and dispatch operations. Looking forward to taking on new challenges and growing professionally.",AVIATION
SYN_AVI_0081,"cabin crew member with excellent passenger service and emergency response skills with 2 years of experience in instrument rating and aviation safety. Core competencies include instrument rating, aviation safety, weather analysis, and flight operations. Successfully delivered flight operations projects as ground handling supervisor. Collaborated cross-functionally on aircraft navigation. Educational background: Dispatcher License. Continuously updating skills in the field. Additional expertise in aviation safety, ground handling, and crew resource management. Committed to continuous learning and delivering high-impact results.",AVIATION
SYN_AVI_0082,"aviation professional dedicated to maintaining the highest standards of flight safety with 1 years of experience in airline operations and aircraft navigation. Proficient in airline operations, aircraft navigation, and ICAO regulations. Experienced with flight management systems (FMS) and NOTAM systems. 1+ years as commercial pilot with a strong focus on cabin crew management, emergency procedures, and team collaboration. Holds a ATPL with specialization in relevant areas. Additional expertise in flight operations, aviation safety, and flight planning. Committed to continuous learning and delivering high-impact results.",AVIATION
SYN_CHE_0000,"Dynamic line cook specializing in kitchen management and staff supervision. dedicated food service professional committed to high standards of culinary excellence. Core competencies include kitchen management, staff supervision, Indian cuisine, and restaurant operations. 12+ years as line cook with a strong focus on restaurant operations, sous vide, and team collaboration. Holds a Diploma in Culinary Arts with specialization in relevant areas. Additional expertise in food presentation, sous vide, and menu planning. Looking forward to taking on new challenges and growing professionally.",CHEF
SYN_CHE_0001,"passionate culinary professional with expertise in diverse cuisines and kitchen management with 11 years of experience in kitchen management and food preparation. Proficient in kitchen management, food preparation, and food presentation. Experienced with food thermometers and specialty baking equipment. Successfully delivered inventory management projects as catering manager. Collaborated cross-functionally on food safety. Educational background: Culinary Institute of America (CIA) Certificate. Continuously updating skills in the field. Additional expertise in food presentation, staff supervision, and sous vide. Seeking to contribute meaningfully to a forward-thinking organization.",CHEF
SYN_CHE_0002,"Dynamic pastry chef specializing in inventory management and staff supervision. passionate culinary professional with expertise in diverse cuisines and kitchen management. Core competencies include inventory management, staff supervision, menu planning, and HACCP. Served as pastry chef at a leading organization, managing HACCP and overseeing cost control. Educational background: ServSafe Food Handler. Continuously updating skills in the field. Additional expertise in Indian cuisine, sous vide, and inventory management. Committed to continuous learning and delivering high-impact results.",CHEF
SYN_CHE_0003,"experienced sous chef ready to take on head chef responsibilities in a fine dining environment with 4 years of experience in menu planning and staff supervision. Expertise spans menu planning, staff supervision, and cost control, supported by proficiency in commercial kitchen equipment. 4+ years as line cook with a strong focus on HACCP, sous vide, and team collaboration. Completed ServSafe Food Handler. Strong academic foundation complemented by practical experience. Additional expertise in staff supervision, menu planning, and culinary arts. Eager to leverage skills to drive organizational growth and excellence.",CHEF
SYN_CHE_0004,"Motivated executive chef with a passion for Indian cuisine. creative chef seeking to design innovative menus that delight guests and drive restaurant success. Key skills: Indian cuisine, food safety, food preparation. Familiar with commercial kitchen equipment. 4+ years as executive chef with a strong focus on Italian cooking, menu planning, and team collaboration. BSc Hotel Management graduate with distinction. Committed to ongoing professional development. Additional expertise in cost control, culinary arts, and HACCP. Committed to continuous learning and delivering high-impact results.",CHEF
SYN_CHE_0005,"passionate culinary professional with expertise in diverse cuisines and kitchen management. Proven expertise in continental cuisine, pastry and baking, and menu planning. Key skills: continental cuisine, pastry and baking, menu planning. Familiar with commercial kitchen equipment. Worked as sous chef for 4 years, handling food safety and culinary arts responsibilities. Holds a ServSafe Food Handler with specialization in relevant areas. Additional expertise in cost control, culinary arts, and kitchen management. Eager to leverage skills to drive organizational growth and excellence.",CHEF
SYN_CHE_0006,"Motivated head chef with a passion for catering management. experienced sous chef ready to take on head chef responsibilities in a fine dining environment. Expertise spans catering management, HACCP, and continental cuisine, supported by proficiency in POS systems. 3+ years as head chef with a strong focus on staff supervision, Italian cooking, and team collaboration. Holds a WSET Wine Certificate with specialization in relevant areas. Additional expertise in inventory management, culinary arts, and cost control. Looking forward to taking on new challenges and growing professionally.",CHEF
SYN_CHE_0007,"Motivated kitchen supervisor with a passion for restaurant operations. passionate culinary professional with expertise in diverse cuisines and kitchen management. Expertise spans restaurant operations, inventory management, and culinary arts, supported by proficiency in commercial kitchen equipment. Successfully delivered food preparation projects as kitchen supervisor. Collaborated cross-functionally on menu planning. Completed WSET Wine Certificate. Strong academic foundation complemented by practical experience. Additional expertise in Indian cuisine, inventory management, and kitchen management. Looking forward to taking on new challenges and growing professionally.",CHEF
SYN_CHE_0008,"passionate culinary professional with expertise in diverse cuisines and kitchen management. Proven expertise in culinary arts, restaurant operations, and food presentation. Key skills: culinary arts, restaurant operations, food presentation. Familiar with specialty baking equipment. Successfully delivered Italian cooking projects as executive chef. Collaborated cross-functionally on menu planning. Holds a WSET Wine Certificate with specialization in relevant areas. Additional expertise in restaurant operations, cost control, and kitchen management. Looking forward to taking on new challenges and growing professionally.",CHEF
SYN_CHE_0009,"passionate culinary professional with expertise in diverse cuisines and kitchen management with 8 years of experience in cost control and restaurant operations. Strong background in cost control with hands-on experience using food thermometers and specialty baking equipment. 8+ years as sous chef with a strong focus on menu planning, food preparation, and team collaboration. Completed BSc Hotel Management. Strong academic foundation complemented by practical experience. Additional expertise in pastry and baking, Indian cuisine, and Italian cooking. Seeking to contribute meaningfully to a forward-thinking organization.",CHEF
SYN_CHE_0010,"Dynamic pastry chef specializing in pastry and baking and catering management. dedicated food service professional committed to high standards of culinary excellence. Key skills: pastry and baking, catering management, Indian cuisine. Familiar with food thermometers. Served as pastry chef at a leading organization, managing food presentation and overseeing HACCP. Holds a BSc Hotel Management with specialization in relevant areas. Additional expertise in continental cuisine, food preparation, and inventory management. Seeking to contribute meaningfully to a forward-thinking organization.",CHEF
SYN_CHE_0011,"Dynamic restaurant manager specializing in staff supervision and kitchen management. passionate culinary professional with expertise in diverse cuisines and kitchen management. Proficient in staff supervision, kitchen management, and food safety. Experienced with specialty baking equipment and food thermometers. Served as restaurant manager at a leading organization, managing HACCP and overseeing Indian cuisine. Holds a BSc Hotel Management with specialization in relevant areas. Additional expertise in cost control, restaurant operations, and pastry and baking. Eager to leverage skills to drive organizational growth and excellence.",CHEF
SYN_CHE_0012,"experienced sous chef ready to take on head chef responsibilities in a fine dining environment. Proven expertise in catering management, restaurant operations, and continental cuisine. Strong background in catering management with hands-on experience using specialty baking equipment and commercial kitchen equipment. 2+ years as pastry chef with a strong focus on inventory management, cost control, and team collaboration. ServSafe Food Handler graduate with distinction. Committed to ongoing professional development. Additional expertise in food presentation, Indian cuisine, and food preparation. Committed to continuous learning and delivering high-impact results.",CHEF
SYN_CHE_0013,"dedicated food service professional committed to high standards of culinary excellence. Proven expertise in Italian cooking, sous vide, and food preparation. Key skills: Italian cooking, sous vide, food preparation. Familiar with specialty baking equipment. Worked as executive chef for 7 years, handling culinary arts and inventory management responsibilities. Educational background: Diploma in Culinary Arts. Continuously updating skills in the field. Additional expertise in restaurant operations, HACCP, and continental cuisine. Committed to continuous learning and delivering high-impact results.",CHEF
SYN_CHE_0014,"Dynamic kitchen supervisor specializing in pastry and baking and HACCP. experienced sous chef ready to take on head chef responsibilities in a fine dining environment. Proficient in pastry and baking, HACCP, and staff supervision. Experienced with specialty baking equipment and food thermometers. 10+ years as kitchen supervisor with a strong focus on sous vide, cost control, and team collaboration. BSc Hotel Management graduate with distinction. Committed to ongoing professional development. Additional expertise in inventory management, food safety, and culinary arts. Looking forward to taking on new challenges and growing professionally.",CHEF
SYN_CHE_0015,"Dynamic line cook specializing in culinary arts and pastry and baking. passionate culinary professional with expertise in diverse cuisines and kitchen management. Strong background in culinary arts with hands-on experience using commercial kitchen equipment and POS systems. Worked as line cook for 6 years, handling kitchen management and catering management responsibilities. Completed Culinary Institute of America (CIA) Certificate. Strong academic foundation complemented by practical experience. Additional expertise in HACCP, restaurant operations, and food presentation. Committed to continuous learning and delivering high-impact results.",CHEF
SYN_CHE_0016,"dedicated food service professional committed to high standards of culinary excellence. Proven expertise in restaurant operations, continental cuisine, and pastry and baking. Core competencies include restaurant operations, continental cuisine, pastry and baking, and food preparation. Successfully delivered food preparation projects as restaurant manager. Collaborated cross-functionally on HACCP. Educational background: WSET Wine Certificate. Continuously updating skills in the field. Additional expertise in Indian cuisine, pastry and baking, and inventory management. Eager to leverage skills to drive organizational growth and excellence.",CHEF
SYN_CHE_0017,"Dynamic head chef specializing in pastry and baking and cost control. creative chef seeking to design innovative menus that delight guests and drive restaurant success. Expertise spans pastry and baking, cost control, and menu planning, supported by proficiency in specialty baking equipment. Worked as head chef for 11 years, handling staff supervision and Indian cuisine responsibilities. BSc Hotel Management graduate with distinction. Committed to ongoing professional development. Additional expertise in kitchen management, Italian cooking, and food preparation. Seeking to contribute meaningfully to a forward-thinking organization.",CHEF
SYN_CHE_0018,"experienced sous chef ready to take on head chef responsibilities in a fine dining environment. Proven expertise in catering management, sous vide, and Italian cooking. Proficient in catering management, sous vide, and Italian cooking. Experienced with POS systems and commercial kitchen equipment. Successfully delivered cost control projects as pastry chef. Collaborated cross-functionally on HACCP. Holds a WSET Wine Certificate with specialization in relevant areas. Additional expertise in HACCP, food safety, and food preparation. Seeking to contribute meaningfully to a forward-thinking organization.",CHEF
SYN_CHE_0019,"passionate culinary professional with expertise in diverse cuisines and kitchen management with 2 years of experience in sous vide and food safety. Proficient in sous vide, food safety, and restaurant operations. Experienced with commercial kitchen equipment and specialty baking equipment. Successfully delivered HACCP projects as kitchen supervisor. Collaborated cross-functionally on pastry and baking. WSET Wine Certificate graduate with distinction. Committed to ongoing professional development. Additional expertise in culinary arts, HACCP, and Indian cuisine. Seeking to contribute meaningfully to a forward-thinking organization.",CHEF
SYN_CHE_0020,"passionate culinary professional with expertise in diverse cuisines and kitchen management. Proven expertise in culinary arts, menu planning, and pastry and baking. Strong background in culinary arts with hands-on experience using POS systems and specialty baking equipment. 6+ years as line cook with a strong focus on catering management, kitchen management, and team collaboration. ServSafe Food Handler graduate with distinction. Committed to ongoing professional development. Additional expertise in inventory management, kitchen management, and Italian cooking. Committed to continuous learning and delivering high-impact results.",CHEF
SYN_CHE_0021,"dedicated food service professional committed to high standards of culinary excellence. Proven expertise in culinary arts, inventory management, and catering management. Strong background in culinary arts with hands-on experience using food thermometers and POS systems. 4+ years as executive chef with a strong focus on food presentation, continental cuisine, and team collaboration. Holds a ServSafe Food Handler with specialization in relevant areas. Additional expertise in inventory management, food presentation, and food preparation. Committed to continuous learning and delivering high-impact results.",CHEF
SYN_CHE_0022,"passionate culinary professional with expertise in diverse cuisines and kitchen management with 3 years of experience in kitchen management and Indian cuisine. Core competencies include kitchen management, Indian cuisine, food presentation, and food safety. Successfully delivered food safety projects as restaurant manager. Collaborated cross-functionally on restaurant operations. BSc Hotel Management graduate with distinction. Committed to ongoing professional development. Additional expertise in staff supervision, Indian cuisine, and restaurant operations. Looking forward to taking on new challenges and growing professionally.",CHEF
SYN_CHE_0023,"experienced sous chef ready to take on head chef responsibilities in a fine dining environment with 6 years of experience in HACCP and cost control. Expertise spans HACCP, cost control, and pastry and baking, supported by proficiency in food thermometers. Successfully delivered catering management projects as restaurant manager. Collaborated cross-functionally on continental cuisine. Completed BSc Hotel Management. Strong academic foundation complemented by practical experience. Additional expertise in culinary arts, Italian cooking, and continental cuisine. Committed to continuous learning and delivering high-impact results.",CHEF
SYN_CHE_0024,"creative chef seeking to design innovative menus that delight guests and drive restaurant success with 1 years of experience in culinary arts and kitchen management. Strong background in culinary arts with hands-on experience using commercial kitchen equipment and specialty baking equipment. 1+ years as kitchen supervisor with a strong focus on Italian cooking, food preparation, and team collaboration. Educational background: Diploma in Culinary Arts. Continuously updating skills in the field. Additional expertise in menu planning, sous vide, and pastry and baking. Seeking to contribute meaningfully to a forward-thinking organization.",CHEF
SYN_CHE_0025,"experienced sous chef ready to take on head chef responsibilities in a fine dining environment. Proven expertise in inventory management, HACCP, and food preparation. Strong background in inventory management with hands-on experience using food thermometers and commercial kitchen equipment. 4+ years as pastry chef with a strong focus on culinary arts, staff supervision, and team collaboration. Completed BSc Hotel Management. Strong academic foundation complemented by practical experience. Additional expertise in menu planning, kitchen management, and catering management. Eager to leverage skills to drive organizational growth and excellence.",CHEF
SYN_CHE_0026,"passionate culinary professional with expertise in diverse cuisines and kitchen management. Proven expertise in Indian cuisine, catering management, and continental cuisine. Strong background in Indian cuisine with hands-on experience using POS systems and commercial kitchen equipment. Served as executive chef at a leading organization, managing food presentation and overseeing kitchen management. Culinary Institute of America (CIA) Certificate graduate with distinction. Committed to ongoing professional development. Additional expertise in food safety, Italian cooking, and food preparation. Seeking to contribute meaningfully to a forward-thinking organization.",CHEF
SYN_CHE_0027,"Dynamic catering manager specializing in pastry and baking and sous vide. creative chef seeking to design innovative menus that delight guests and drive restaurant success. Strong background in pastry and baking with hands-on experience using commercial kitchen equipment and POS systems. Served as catering manager at a leading organization, managing food presentation and overseeing menu planning. Holds a WSET Wine Certificate with specialization in relevant areas. Additional expertise in kitchen management, pastry and baking, and food presentation. Committed to continuous learning and delivering high-impact results.",CHEF
SYN_CHE_0028,"dedicated food service professional committed to high standards of culinary excellence with 8 years of experience in catering management and continental cuisine. Expertise spans catering management, continental cuisine, and pastry and baking, supported by proficiency in specialty baking equipment. Served as line cook at a leading organization, managing food preparation and overseeing menu planning. Diploma in Culinary Arts graduate with distinction. Committed to ongoing professional development. Additional expertise in restaurant operations, kitchen management, and catering management. Eager to leverage skills to drive organizational growth and excellence.",CHEF
SYN_CHE_0029,"Motivated kitchen supervisor with a passion for inventory management. passionate culinary professional with expertise in diverse cuisines and kitchen management. Key skills: inventory management, kitchen management, food presentation. Familiar with specialty baking equipment. 12+ years as kitchen supervisor with a strong focus on food safety, cost control, and team collaboration. Educational background: ServSafe Food Handler. Continuously updating skills in the field. Additional expertise in food presentation, Indian cuisine, and pastry and baking. Committed to continuous learning and delivering high-impact results.",CHEF
SYN_CHE_0030,"Motivated pastry chef with a passion for staff supervision. dedicated food service professional committed to high standards of culinary excellence. Core competencies include staff supervision, inventory management, culinary arts, and food presentation. 2+ years as pastry chef with a strong focus on food presentation, catering management, and team collaboration. Holds a Diploma in Culinary Arts with specialization in relevant areas. Additional expertise in HACCP, food safety, and continental cuisine. Seeking to contribute meaningfully to a forward-thinking organization.",CHEF
SYN_CHE_0031,"Motivated catering manager with a passion for culinary arts. experienced sous chef ready to take on head chef responsibilities in a fine dining environment. Core competencies include culinary arts, restaurant operations, menu planning, and pastry and baking. Worked as catering manager for 6 years, handling pastry and baking and kitchen management responsibilities. BSc Hotel Management graduate with distinction. Committed to ongoing professional development. Additional expertise in cost control, staff supervision, and restaurant operations. Eager to leverage skills to drive organizational growth and excellence.",CHEF
SYN_CHE_0032,"Motivated restaurant manager with a passion for sous vide. creative chef seeking to design innovative menus that delight guests and drive restaurant success. Expertise spans sous vide, pastry and baking, and food preparation, supported by proficiency in POS systems. Worked as restaurant manager for 6 years, handling menu planning and food presentation responsibilities. Educational background: WSET Wine Certificate. Continuously updating skills in the field. Additional expertise in culinary arts, catering management, and Indian cuisine. Committed to continuous learning and delivering high-impact results.",CHEF
SYN_CHE_0033,"Motivated head chef with a passion for Indian cuisine. dedicated food service professional committed to high standards of culinary excellence. Expertise spans Indian cuisine, HACCP, and kitchen management, supported by proficiency in specialty baking equipment. Worked as head chef for 11 years, handling staff supervision and food presentation responsibilities. Educational background: ServSafe Food Handler. Continuously updating skills in the field. Additional expertise in restaurant operations, staff supervision, and continental cuisine. Looking forward to taking on new challenges and growing professionally.",CHEF
SYN_CHE_0034,"Dynamic executive chef specializing in food presentation and continental cuisine. experienced sous chef ready to take on head chef responsibilities in a fine dining environment. Core competencies include food presentation, continental cuisine, cost control, and sous vide. Successfully delivered sous vide projects as executive chef. Collaborated cross-functionally on Italian cooking. Educational background: Diploma in Culinary Arts. Continuously updating skills in the field. Additional expertise in culinary arts, sous vide, and HACCP. Committed to continuous learning and delivering high-impact results.",CHEF
SYN_CHE_0035,"experienced sous chef ready to take on head chef responsibilities in a fine dining environment. Proven expertise in restaurant operations, continental cuisine, and menu planning. Core competencies include restaurant operations, continental cuisine, menu planning, and Indian cuisine. 4+ years as pastry chef with a strong focus on Indian cuisine, catering management, and team collaboration. Holds a Culinary Institute of America (CIA) Certificate with specialization in relevant areas. Additional expertise in kitchen management, food safety, and cost control. Committed to continuous learning and delivering high-impact results.",CHEF
SYN_CHE_0036,"creative chef seeking to design innovative menus that delight guests and drive restaurant success. Proven expertise in Italian cooking, HACCP, and catering management. Core competencies include Italian cooking, HACCP, catering management, and Indian cuisine. 9+ years as executive chef with a strong focus on Indian cuisine, pastry and baking, and team collaboration. Holds a ServSafe Food Handler with specialization in relevant areas. Additional expertise in catering management, food safety, and food presentation. Seeking to contribute meaningfully to a forward-thinking organization.",CHEF
SYN_CHE_0037,"Motivated kitchen supervisor with a passion for staff supervision. creative chef seeking to design innovative menus that delight guests and drive restaurant success. Key skills: staff supervision, menu planning, food preparation. Familiar with food thermometers. Served as kitchen supervisor at a leading organization, managing HACCP and overseeing Italian cooking. Educational background: ServSafe Food Handler. Continuously updating skills in the field. Additional expertise in food preparation, cost control, and Italian cooking. Looking forward to taking on new challenges and growing professionally.",CHEF
SYN_CHE_0038,"Motivated head chef with a passion for food preparation. passionate culinary professional with expertise in diverse cuisines and kitchen management. Key skills: food preparation, inventory management, kitchen management. Familiar with POS systems. Worked as head chef for 1 years, handling food safety and Indian cuisine responsibilities. Holds a BSc Hotel Management with specialization in relevant areas. Additional expertise in inventory management, Indian cuisine, and Italian cooking. Seeking to contribute meaningfully to a forward-thinking organization.",CHEF
SYN_CHE_0039,"creative chef seeking to design innovative menus that delight guests and drive restaurant success with 8 years of experience in cost control and menu planning. Key skills: cost control, menu planning, food safety. Familiar with commercial kitchen equipment. Successfully delivered HACCP projects as kitchen supervisor. Collaborated cross-functionally on pastry and baking. Educational background: Diploma in Culinary Arts. Continuously updating skills in the field. Additional expertise in Indian cuisine, catering management, and kitchen management. Looking forward to taking on new challenges and growing professionally.",CHEF
SYN_CHE_0040,"experienced sous chef ready to take on head chef responsibilities in a fine dining environment. Proven expertise in staff supervision, food safety, and kitchen management. Proficient in staff supervision, food safety, and kitchen management. Experienced with specialty baking equipment and POS systems. Served as head chef at a leading organization, managing pastry and baking and overseeing HACCP. Educational background: WSET Wine Certificate. Continuously updating skills in the field. Additional expertise in Italian cooking, kitchen management, and culinary arts. Looking forward to taking on new challenges and growing professionally.",CHEF
SYN_CHE_0041,"Dynamic sous chef specializing in HACCP and kitchen management. experienced sous chef ready to take on head chef responsibilities in a fine dining environment. Core competencies include HACCP, kitchen management, food presentation, and food safety. Successfully delivered food safety projects as sous chef. Collaborated cross-functionally on pastry and baking. ServSafe Food Handler graduate with distinction. Committed to ongoing professional development. Additional expertise in Indian cuisine, continental cuisine, and inventory management. Committed to continuous learning and delivering high-impact results.",CHEF
SYN_CHE_0042,"Motivated kitchen supervisor with a passion for catering management. experienced sous chef ready to take on head chef responsibilities in a fine dining environment. Proficient in catering management, food safety, and food presentation. Experienced with commercial kitchen equipment and POS systems. Successfully delivered culinary arts projects as kitchen supervisor. Collaborated cross-functionally on pastry and baking. Holds a BSc Hotel Management with specialization in relevant areas. Additional expertise in food preparation, cost control, and catering management. Eager to leverage skills to drive organizational growth and excellence.",CHEF
SYN_CHE_0043,"passionate culinary professional with expertise in diverse cuisines and kitchen management. Proven expertise in catering management, inventory management, and cost control. Strong background in catering management with hands-on experience using commercial kitchen equipment and POS systems. 3+ years as executive chef with a strong focus on pastry and baking, Italian cooking, and team collaboration. BSc Hotel Management graduate with distinction. Committed to ongoing professional development. Additional expertise in restaurant operations, HACCP, and sous vide. Committed to continuous learning and delivering high-impact results.",CHEF
SYN_CHE_0044,"Dynamic restaurant manager specializing in continental cuisine and catering management. passionate culinary professional with expertise in diverse cuisines and kitchen management. Expertise spans continental cuisine, catering management, and Indian cuisine, supported by proficiency in POS systems. Worked as restaurant manager for 3 years, handling sous vide and food safety responsibilities. Completed WSET Wine Certificate. Strong academic foundation complemented by practical experience. Additional expertise in staff supervision, food safety, and kitchen management. Committed to continuous learning and delivering high-impact results.",CHEF
SYN_CHE_0045,"passionate culinary professional with expertise in diverse cuisines and kitchen management. Proven expertise in restaurant operations, inventory management, and sous vide. Proficient in restaurant operations, inventory management, and sous vide. Experienced with food thermometers and POS systems. Successfully delivered Italian cooking projects as sous chef. Collaborated cross-functionally on food safety. Completed Diploma in Culinary Arts. Strong academic foundation complemented by practical experience. Additional expertise in inventory management, restaurant operations, and Indian cuisine. Seeking to contribute meaningfully to a forward-thinking organization.",CHEF
SYN_CHE_0046,"Motivated line cook with a passion for Italian cooking. passionate culinary professional with expertise in diverse cuisines and kitchen management. Core competencies include Italian cooking, menu planning, pastry and baking, and inventory management. Successfully delivered inventory management projects as line cook. Collaborated cross-functionally on restaurant operations. Completed ServSafe Food Handler. Strong academic foundation complemented by practical experience. Additional expertise in sous vide, HACCP, and inventory management. Seeking to contribute meaningfully to a forward-thinking organization.",CHEF
SYN_CHE_0047,"dedicated food service professional committed to high standards of culinary excellence with 11 years of experience in continental cuisine and Italian cooking. Strong background in continental cuisine with hands-on experience using specialty baking equipment and commercial kitchen equipment. 11+ years as kitchen supervisor with a strong focus on HACCP, inventory management, and team collaboration. Holds a Diploma in Culinary Arts with specialization in relevant areas. Additional expertise in food presentation, continental cuisine, and Italian cooking. Seeking to contribute meaningfully to a forward-thinking organization.",CHEF
SYN_CHE_0048,"Dynamic pastry chef specializing in food safety and kitchen management. dedicated food service professional committed to high standards of culinary excellence. Proficient in food safety, kitchen management, and culinary arts. Experienced with food thermometers and commercial kitchen equipment. 12+ years as pastry chef with a strong focus on Indian cuisine, sous vide, and team collaboration. Educational background: ServSafe Food Handler. Continuously updating skills in the field. Additional expertise in continental cuisine, Italian cooking, and Indian cuisine. Committed to continuous learning and delivering high-impact results.",CHEF
SYN_CHE_0049,"Dynamic catering manager specializing in inventory management and staff supervision. creative chef seeking to design innovative menus that delight guests and drive restaurant success. Key skills: inventory management, staff supervision, pastry and baking. Familiar with POS systems. Successfully delivered HACCP projects as catering manager. Collaborated cross-functionally on catering management. Educational background: Diploma in Culinary Arts. Continuously updating skills in the field. Additional expertise in culinary arts, Indian cuisine, and inventory management. Seeking to contribute meaningfully to a forward-thinking organization.",CHEF
SYN_CHE_0050,"Motivated pastry chef with a passion for cost control. dedicated food service professional committed to high standards of culinary excellence. Core competencies include cost control, sous vide, Indian cuisine, and menu planning. 7+ years as pastry chef with a strong focus on menu planning, catering management, and team collaboration. Holds a BSc Hotel Management with specialization in relevant areas. Additional expertise in Indian cuisine, cost control, and food presentation. Eager to leverage skills to drive organizational growth and excellence.",CHEF
SYN_CHE_0051,"creative chef seeking to design innovative menus that delight guests and drive restaurant success. Proven expertise in food presentation, cost control, and HACCP. Core competencies include food presentation, cost control, HACCP, and culinary arts. Worked as line cook for 12 years, handling culinary arts and continental cuisine responsibilities. Culinary Institute of America (CIA) Certificate graduate with distinction. Committed to ongoing professional development. Additional expertise in menu planning, sous vide, and restaurant operations. Committed to continuous learning and delivering high-impact results.",CHEF
SYN_CHE_0052,"Dynamic kitchen supervisor specializing in Indian cuisine and HACCP. passionate culinary professional with expertise in diverse cuisines and kitchen management. Core competencies include Indian cuisine, HACCP, food preparation, and Italian cooking. Served as kitchen supervisor at a leading organization, managing Italian cooking and overseeing culinary arts. Holds a ServSafe Food Handler with specialization in relevant areas. Additional expertise in food safety, cost control, and menu planning. Eager to leverage skills to drive organizational growth and excellence.",CHEF
SYN_CHE_0053,"creative chef seeking to design innovative menus that delight guests and drive restaurant success. Proven expertise in food preparation, staff supervision, and continental cuisine. Key skills: food preparation, staff supervision, continental cuisine. Familiar with food thermometers. 8+ years as catering manager with a strong focus on culinary arts, sous vide, and team collaboration. Educational background: BSc Hotel Management. Continuously updating skills in the field. Additional expertise in culinary arts, HACCP, and continental cuisine. Eager to leverage skills to drive organizational growth and excellence.",CHEF
SYN_CHE_0054,"Dynamic line cook specializing in culinary arts and kitchen management. experienced sous chef ready to take on head chef responsibilities in a fine dining environment. Expertise spans culinary arts, kitchen management, and pastry and baking, supported by proficiency in specialty baking equipment. Served as line cook at a leading organization, managing food safety and overseeing Indian cuisine. Holds a Culinary Institute of America (CIA) Certificate with specialization in relevant areas. Additional expertise in restaurant operations, staff supervision, and kitchen management. Seeking to contribute meaningfully to a forward-thinking organization.",CHEF
SYN_CHE_0055,"Dynamic executive chef specializing in inventory management and sous vide. creative chef seeking to design innovative menus that delight guests and drive restaurant success. Expertise spans inventory management, sous vide, and restaurant operations, supported by proficiency in POS systems. Worked as executive chef for 5 years, handling Indian cuisine and kitchen management responsibilities. WSET Wine Certificate graduate with distinction. Committed to ongoing professional development. Additional expertise in cost control, culinary arts, and HACCP. Committed to continuous learning and delivering high-impact results.",CHEF
SYN_CHE_0056,"Motivated line cook with a passion for food presentation. experienced sous chef ready to take on head chef responsibilities in a fine dining environment. Proficient in food presentation, menu planning, and cost control. Experienced with POS systems and food thermometers. Served as line cook at a leading organization, managing HACCP and overseeing restaurant operations. Diploma in Culinary Arts graduate with distinction. Committed to ongoing professional development. Additional expertise in menu planning, kitchen management, and inventory management. Seeking to contribute meaningfully to a forward-thinking organization.",CHEF
SYN_CHE_0057,"Dynamic kitchen supervisor specializing in menu planning and HACCP. passionate culinary professional with expertise in diverse cuisines and kitchen management. Core competencies include menu planning, HACCP, culinary arts, and sous vide. Successfully delivered sous vide projects as kitchen supervisor. Collaborated cross-functionally on restaurant operations. Educational background: Culinary Institute of America (CIA) Certificate. Continuously updating skills in the field. Additional expertise in food presentation, food safety, and catering management. Committed to continuous learning and delivering high-impact results.",CHEF
SYN_CHE_0058,"Dynamic executive chef specializing in culinary arts and staff supervision. experienced sous chef ready to take on head chef responsibilities in a fine dining environment. Strong background in culinary arts with hands-on experience using food thermometers and specialty baking equipment. Worked as executive chef for 1 years, handling sous vide and Italian cooking responsibilities. Holds a Culinary Institute of America (CIA) Certificate with specialization in relevant areas. Additional expertise in Italian cooking, culinary arts, and HACCP. Seeking to contribute meaningfully to a forward-thinking organization.",CHEF
SYN_CHE_0059,"dedicated food service professional committed to high standards of culinary excellence with 7 years of experience in Indian cuisine and pastry and baking. Key skills: Indian cuisine, pastry and baking, culinary arts. Familiar with POS systems. Worked as sous chef for 7 years, handling sous vide and staff supervision responsibilities. Educational background: BSc Hotel Management. Continuously updating skills in the field. Additional expertise in Italian cooking, HACCP, and restaurant operations. Looking forward to taking on new challenges and growing professionally.",CHEF
SYN_CHE_0060,"experienced sous chef ready to take on head chef responsibilities in a fine dining environment. Proven expertise in Indian cuisine, food safety, and restaurant operations. Proficient in Indian cuisine, food safety, and restaurant operations. Experienced with specialty baking equipment and commercial kitchen equipment. 10+ years as executive chef with a strong focus on pastry and baking, cost control, and team collaboration. Educational background: BSc Hotel Management. Continuously updating skills in the field. Additional expertise in catering management, food safety, and restaurant operations. Looking forward to taking on new challenges and growing professionally.",CHEF
SYN_CHE_0061,"Dynamic kitchen supervisor specializing in food preparation and pastry and baking. passionate culinary professional with expertise in diverse cuisines and kitchen management. Key skills: food preparation, pastry and baking, kitchen management. Familiar with commercial kitchen equipment. Worked as kitchen supervisor for 10 years, handling inventory management and food safety responsibilities. Educational background: WSET Wine Certificate. Continuously updating skills in the field. Additional expertise in Indian cuisine, staff supervision, and culinary arts. Eager to leverage skills to drive organizational growth and excellence.",CHEF
SYN_CHE_0062,"Dynamic line cook specializing in catering management and menu planning. experienced sous chef ready to take on head chef responsibilities in a fine dining environment. Strong background in catering management with hands-on experience using specialty baking equipment and POS systems. 3+ years as line cook with a strong focus on staff supervision, kitchen management, and team collaboration. Holds a ServSafe Food Handler with specialization in relevant areas. Additional expertise in inventory management, Indian cuisine, and Italian cooking. Looking forward to taking on new challenges and growing professionally.",CHEF
SYN_CHE_0063,"dedicated food service professional committed to high standards of culinary excellence. Proven expertise in inventory management, continental cuisine, and pastry and baking. Key skills: inventory management, continental cuisine, pastry and baking. Familiar with POS systems. Worked as sous chef for 8 years, handling cost control and HACCP responsibilities. Culinary Institute of America (CIA) Certificate graduate with distinction. Committed to ongoing professional development. Additional expertise in Indian cuisine, staff supervision, and catering management. Committed to continuous learning and delivering high-impact results.",CHEF
SYN_CHE_0064,"Motivated sous chef with a passion for catering management. experienced sous chef ready to take on head chef responsibilities in a fine dining environment. Core competencies include catering management, cost control, staff supervision, and Italian cooking. Successfully delivered Italian cooking projects as sous chef. Collaborated cross-functionally on restaurant operations. Educational background: BSc Hotel Management. Continuously updating skills in the field. Additional expertise in food safety, Italian cooking, and catering management. Eager to leverage skills to drive organizational growth and excellence.",CHEF
SYN_CHE_0065,"dedicated food service professional committed to high standards of culinary excellence. Proven expertise in staff supervision, Italian cooking, and food preparation. Strong background in staff supervision with hands-on experience using POS systems and food thermometers. Successfully delivered kitchen management projects as kitchen supervisor. Collaborated cross-functionally on food safety. ServSafe Food Handler graduate with distinction. Committed to ongoing professional development. Additional expertise in food presentation, staff supervision, and continental cuisine. Committed to continuous learning and delivering high-impact results.",CHEF
SYN_CHE_0066,"dedicated food service professional committed to high standards of culinary excellence. Proven expertise in catering management, kitchen management, and cost control. Proficient in catering management, kitchen management, and cost control. Experienced with commercial kitchen equipment and food thermometers. 1+ years as pastry chef with a strong focus on pastry and baking, sous vide, and team collaboration. Educational background: Culinary Institute of America (CIA) Certificate. Continuously updating skills in the field. Additional expertise in food presentation, HACCP, and Indian cuisine. Seeking to contribute meaningfully to a forward-thinking organization.",CHEF
SYN_CHE_0067,"passionate culinary professional with expertise in diverse cuisines and kitchen management with 1 years of experience in culinary arts and food preparation. Strong background in culinary arts with hands-on experience using specialty baking equipment and POS systems. Served as pastry chef at a leading organization, managing staff supervision and overseeing food presentation. Holds a ServSafe Food Handler with specialization in relevant areas. Additional expertise in catering management, food preparation, and kitchen management. Looking forward to taking on new challenges and growing professionally.",CHEF
SYN_CHE_0068,"Dynamic head chef specializing in pastry and baking and cost control. dedicated food service professional committed to high standards of culinary excellence. Strong background in pastry and baking with hands-on experience using specialty baking equipment and food thermometers. Served as head chef at a leading organization, managing culinary arts and overseeing catering management. Educational background: BSc Hotel Management. Continuously updating skills in the field. Additional expertise in catering management, culinary arts, and food safety. Eager to leverage skills to drive organizational growth and excellence.",CHEF
SYN_CHE_0069,"experienced sous chef ready to take on head chef responsibilities in a fine dining environment. Proven expertise in culinary arts, cost control, and HACCP. Expertise spans culinary arts, cost control, and HACCP, supported by proficiency in food thermometers. Worked as pastry chef for 4 years, handling staff supervision and catering management responsibilities. Completed BSc Hotel Management. Strong academic foundation complemented by practical experience. Additional expertise in Indian cuisine, pastry and baking, and staff supervision. Seeking to contribute meaningfully to a forward-thinking organization.",CHEF
SYN_CHE_0070,"Dynamic restaurant manager specializing in culinary arts and staff supervision. creative chef seeking to design innovative menus that delight guests and drive restaurant success. Core competencies include culinary arts, staff supervision, catering management, and HACCP. 11+ years as restaurant manager with a strong focus on HACCP, Italian cooking, and team collaboration. Holds a Culinary Institute of America (CIA) Certificate with specialization in relevant areas. Additional expertise in catering management, inventory management, and Indian cuisine. Looking forward to taking on new challenges and growing professionally.",CHEF
SYN_CHE_0071,"creative chef seeking to design innovative menus that delight guests and drive restaurant success with 6 years of experience in inventory management and food preparation. Proficient in inventory management, food preparation, and restaurant operations. Experienced with food thermometers and POS systems. Successfully delivered kitchen management projects as executive chef. Collaborated cross-functionally on food presentation. Diploma in Culinary Arts graduate with distinction. Committed to ongoing professional development. Additional expertise in cost control, HACCP, and restaurant operations. Eager to leverage skills to drive organizational growth and excellence.",CHEF
SYN_CHE_0072,"Motivated restaurant manager with a passion for Italian cooking. passionate culinary professional with expertise in diverse cuisines and kitchen management. Expertise spans Italian cooking, food preparation, and Indian cuisine, supported by proficiency in POS systems. Worked as restaurant manager for 4 years, handling catering management and staff supervision responsibilities. Educational background: Culinary Institute of America (CIA) Certificate. Continuously updating skills in the field. Additional expertise in food presentation, cost control, and kitchen management. Eager to leverage skills to drive organizational growth and excellence.",CHEF
SYN_CHE_0073,"Motivated head chef with a passion for food safety. experienced sous chef ready to take on head chef responsibilities in a fine dining environment. Key skills: food safety, catering management, Italian cooking. Familiar with food thermometers. Successfully delivered pastry and baking projects as head chef. Collaborated cross-functionally on staff supervision. Holds a BSc Hotel Management with specialization in relevant areas. Additional expertise in staff supervision, Italian cooking, and cost control. Eager to leverage skills to drive organizational growth and excellence.",CHEF
SYN_CHE_0074,"Motivated catering manager with a passion for cost control. passionate culinary professional with expertise in diverse cuisines and kitchen management. Proficient in cost control, Italian cooking, and food safety. Experienced with commercial kitchen equipment and POS systems. Successfully delivered menu planning projects as catering manager. Collaborated cross-functionally on Indian cuisine. Educational background: Diploma in Culinary Arts. Continuously updating skills in the field. Additional expertise in food safety, continental cuisine, and menu planning. Looking forward to taking on new challenges and growing professionally.",CHEF
SYN_CHE_0075,"Motivated kitchen supervisor with a passion for food preparation. experienced sous chef ready to take on head chef responsibilities in a fine dining environment. Key skills: food preparation, continental cuisine, sous vide. Familiar with commercial kitchen equipment. 1+ years as kitchen supervisor with a strong focus on culinary arts, food safety, and team collaboration. Completed BSc Hotel Management. Strong academic foundation complemented by practical experience. Additional expertise in Indian cuisine, continental cuisine, and kitchen management. Seeking to contribute meaningfully to a forward-thinking organization.",CHEF
SYN_CHE_0076,"dedicated food service professional committed to high standards of culinary excellence with 1 years of experience in menu planning and catering management. Expertise spans menu planning, catering management, and culinary arts, supported by proficiency in food thermometers. 1+ years as head chef with a strong focus on cost control, kitchen management, and team collaboration. Holds a ServSafe Food Handler with specialization in relevant areas. Additional expertise in inventory management, pastry and baking, and food preparation. Seeking to contribute meaningfully to a forward-thinking organization.",CHEF
SYN_CHE_0077,"dedicated food service professional committed to high standards of culinary excellence with 7 years of experience in food safety and menu planning. Key skills: food safety, menu planning, kitchen management. Familiar with specialty baking equipment. Worked as line cook for 7 years, handling sous vide and food presentation responsibilities. Educational background: WSET Wine Certificate. Continuously updating skills in the field. Additional expertise in Indian cuisine, restaurant operations, and food preparation. Looking forward to taking on new challenges and growing professionally.",CHEF
SYN_CHE_0078,"dedicated food service professional committed to high standards of culinary excellence with 12 years of experience in HACCP and food presentation. Core competencies include HACCP, food presentation, continental cuisine, and kitchen management. Successfully delivered kitchen management projects as kitchen supervisor. Collaborated cross-functionally on food safety. Completed Culinary Institute of America (CIA) Certificate. Strong academic foundation complemented by practical experience. Additional expertise in sous vide, culinary arts, and food presentation. Seeking to contribute meaningfully to a forward-thinking organization.",CHEF
SYN_CHE_0079,"dedicated food service professional committed to high standards of culinary excellence. Proven expertise in food safety, menu planning, and restaurant operations. Proficient in food safety, menu planning, and restaurant operations. Experienced with commercial kitchen equipment and food thermometers. Worked as restaurant manager for 1 years, handling continental cuisine and cost control responsibilities. Educational background: Diploma in Culinary Arts. Continuously updating skills in the field. Additional expertise in pastry and baking, Indian cuisine, and HACCP. Seeking to contribute meaningfully to a forward-thinking organization.",CHEF
SYN_CHE_0080,"experienced sous chef ready to take on head chef responsibilities in a fine dining environment with 9 years of experience in restaurant operations and menu planning. Expertise spans restaurant operations, menu planning, and food safety, supported by proficiency in POS systems. Successfully delivered food preparation projects as catering manager. Collaborated cross-functionally on Indian cuisine. Holds a WSET Wine Certificate with specialization in relevant areas. Additional expertise in catering management, staff supervision, and Indian cuisine. Eager to leverage skills to drive organizational growth and excellence.",CHEF
SYN_CHE_0081,"creative chef seeking to design innovative menus that delight guests and drive restaurant success with 10 years of experience in cost control and culinary arts. Expertise spans cost control, culinary arts, and inventory management, supported by proficiency in food thermometers. Served as head chef at a leading organization, managing staff supervision and overseeing pastry and baking. Educational background: Culinary Institute of America (CIA) Certificate. Continuously updating skills in the field. Additional expertise in food preparation, staff supervision, and Indian cuisine. Seeking to contribute meaningfully to a forward-thinking organization.",CHEF
SYN_TEA_0000,"Dynamic science teacher specializing in language instruction and e-learning platforms. passionate educator dedicated to fostering a love of learning in students of all abilities. Core competencies include language instruction, e-learning platforms, test preparation, and student assessment. Successfully delivered student assessment projects as science teacher. Collaborated cross-functionally on mentoring. Educational background: TEFL / TESOL Certificate. Continuously updating skills in the field. Additional expertise in student assessment, e-learning platforms, and test preparation. Committed to continuous learning and delivering high-impact results.",TEACHER
SYN_TEA_0001,"Dynamic mathematics teacher specializing in test preparation and parent communication. passionate educator dedicated to fostering a love of learning in students of all abilities. Expertise spans test preparation, parent communication, and curriculum development, supported by proficiency in Google Classroom. Successfully delivered mentoring projects as mathematics teacher. Collaborated cross-functionally on STEM teaching. Holds a MA English with specialization in relevant areas. Additional expertise in student assessment, parent communication, and STEM teaching. Committed to continuous learning and delivering high-impact results.",TEACHER
SYN_TEA_0002,"committed to nurturing students' academic and personal development with 4 years of experience in lesson planning and parent communication. Key skills: lesson planning, parent communication, blended learning. Familiar with Moodle. 4+ years as mathematics teacher with a strong focus on student assessment, project-based learning, and team collaboration. Holds a BEd Education with specialization in relevant areas. Additional expertise in language instruction, STEM teaching, and mentoring. Seeking to contribute meaningfully to a forward-thinking organization.",TEACHER
SYN_TEA_0003,"passionate educator dedicated to fostering a love of learning in students of all abilities with 10 years of experience in curriculum development and classroom management. Expertise spans curriculum development, classroom management, and lesson planning, supported by proficiency in Zoom. 10+ years as special education teacher with a strong focus on test preparation, student assessment, and team collaboration. Completed MEd Curriculum and Instruction. Strong academic foundation complemented by practical experience. Additional expertise in classroom management, test preparation, and student assessment. Committed to continuous learning and delivering high-impact results.",TEACHER
SYN_TEA_0004,"academic professional with expertise in curriculum design and student-centered pedagogy with 4 years of experience in blended learning and curriculum development. Core competencies include blended learning, curriculum development, language instruction, and educational psychology. Successfully delivered educational psychology projects as academic coordinator. Collaborated cross-functionally on classroom management. Completed TEFL / TESOL Certificate. Strong academic foundation complemented by practical experience. Additional expertise in mentoring, blended learning, and special education. Looking forward to taking on new challenges and growing professionally.",TEACHER
SYN_TEA_0005,"experienced teacher seeking to create inclusive and engaging classroom environments. Proven expertise in e-learning platforms, differentiated instruction, and test preparation. Expertise spans e-learning platforms, differentiated instruction, and test preparation, supported by proficiency in MS Teams for Education. Worked as English language instructor for 1 years, handling STEM teaching and language instruction responsibilities. Holds a BSc Mathematics with specialization in relevant areas. Additional expertise in STEM teaching, lesson planning, and educational psychology. Seeking to contribute meaningfully to a forward-thinking organization.",TEACHER
SYN_TEA_0006,"academic professional with expertise in curriculum design and student-centered pedagogy. Proven expertise in student assessment, differentiated instruction, and blended learning. Proficient in student assessment, differentiated instruction, and blended learning. Experienced with Zoom and MS Teams for Education. Successfully delivered e-learning platforms projects as mathematics teacher. Collaborated cross-functionally on parent communication. TEFL / TESOL Certificate graduate with distinction. Committed to ongoing professional development. Additional expertise in lesson planning, e-learning platforms, and test preparation. Committed to continuous learning and delivering high-impact results.",TEACHER
SYN_TEA_0007,"Motivated high school teacher with a passion for project-based learning. committed to nurturing students' academic and personal development. Key skills: project-based learning, parent communication, classroom management. Familiar with Google Classroom. Served as high school teacher at a leading organization, managing differentiated instruction and overseeing STEM teaching. MA English graduate with distinction. Committed to ongoing professional development. Additional expertise in mentoring, parent communication, and lesson planning. Eager to leverage skills to drive organizational growth and excellence.",TEACHER
SYN_TEA_0008,"academic professional with expertise in curriculum design and student-centered pedagogy with 9 years of experience in e-learning platforms and lesson planning. Key skills: e-learning platforms, lesson planning, curriculum development. Familiar with Google Classroom. Successfully delivered mentoring projects as mathematics teacher. Collaborated cross-functionally on student assessment. Holds a BEd Education with specialization in relevant areas. Additional expertise in e-learning platforms, parent communication, and lesson planning. Looking forward to taking on new challenges and growing professionally.",TEACHER
SYN_TEA_0009,"Motivated high school teacher with a passion for differentiated instruction. experienced teacher seeking to create inclusive and engaging classroom environments. Proficient in differentiated instruction, mentoring, and curriculum development. Experienced with Moodle and MS Teams for Education. Successfully delivered student assessment projects as high school teacher. Collaborated cross-functionally on test preparation. Completed BSc Mathematics. Strong academic foundation complemented by practical experience. Additional expertise in test preparation, mentoring, and e-learning platforms. Eager to leverage skills to drive organizational growth and excellence.",TEACHER
SYN_TEA_0010,"Dynamic mathematics teacher specializing in lesson planning and e-learning platforms. committed to nurturing students' academic and personal development. Strong background in lesson planning with hands-on experience using MS Teams for Education and Google Classroom. Successfully delivered special education projects as mathematics teacher. Collaborated cross-functionally on curriculum development. Educational background: TEFL / TESOL Certificate. Continuously updating skills in the field. Additional expertise in parent communication, e-learning platforms, and mentoring. Seeking to contribute meaningfully to a forward-thinking organization.",TEACHER
SYN_TEA_0011,"committed to nurturing students' academic and personal development with 5 years of experience in educational psychology and mentoring. Core competencies include educational psychology, mentoring, STEM teaching, and special education. Served as special education teacher at a leading organization, managing special education and overseeing parent communication. BSc Mathematics graduate with distinction. Committed to ongoing professional development. Additional expertise in blended learning, special education, and project-based learning. Seeking to contribute meaningfully to a forward-thinking organization.",TEACHER
SYN_TEA_0012,"passionate educator dedicated to fostering a love of learning in students of all abilities. Proven expertise in classroom management, mentoring, and lesson planning. Core competencies include classroom management, mentoring, lesson planning, and language instruction. Successfully delivered language instruction projects as special education teacher. Collaborated cross-functionally on e-learning platforms. Educational background: BEd Education. Continuously updating skills in the field. Additional expertise in project-based learning, educational psychology, and classroom management. Eager to leverage skills to drive organizational growth and excellence.",TEACHER
SYN_TEA_0013,"passionate educator dedicated to fostering a love of learning in students of all abilities. Proven expertise in blended learning, STEM teaching, and classroom management. Strong background in blended learning with hands-on experience using Khan Academy and MS Teams for Education. Served as English language instructor at a leading organization, managing e-learning platforms and overseeing student assessment. BSc Mathematics graduate with distinction. Committed to ongoing professional development. Additional expertise in special education, student assessment, and language instruction. Eager to leverage skills to drive organizational growth and excellence.",TEACHER
SYN_TEA_0014,"experienced teacher seeking to create inclusive and engaging classroom environments with 1 years of experience in classroom management and student assessment. Key skills: classroom management, student assessment, educational psychology. Familiar with Google Classroom. Served as mathematics teacher at a leading organization, managing mentoring and overseeing lesson planning. Educational background: TEFL / TESOL Certificate. Continuously updating skills in the field. Additional expertise in project-based learning, mentoring, and classroom management. Looking forward to taking on new challenges and growing professionally.",TEACHER
SYN_TEA_0015,"Motivated university lecturer with a passion for educational psychology. academic professional with expertise in curriculum design and student-centered pedagogy. Strong background in educational psychology with hands-on experience using smart boards and Google Classroom. Worked as university lecturer for 8 years, handling project-based learning and STEM teaching responsibilities. Completed MA English. Strong academic foundation complemented by practical experience. Additional expertise in blended learning, differentiated instruction, and test preparation. Looking forward to taking on new challenges and growing professionally.",TEACHER
SYN_TEA_0016,"committed to nurturing students' academic and personal development with 6 years of experience in parent communication and language instruction. Proficient in parent communication, language instruction, and test preparation. Experienced with Zoom and smart boards. Worked as science teacher for 6 years, handling blended learning and project-based learning responsibilities. BEd Education graduate with distinction. Committed to ongoing professional development. Additional expertise in project-based learning, differentiated instruction, and student assessment. Eager to leverage skills to drive organizational growth and excellence.",TEACHER
SYN_TEA_0017,"Dynamic university lecturer specializing in special education and mentoring. experienced teacher seeking to create inclusive and engaging classroom environments. Key skills: special education, mentoring, blended learning. Familiar with Google Classroom. 3+ years as university lecturer with a strong focus on project-based learning, student assessment, and team collaboration. CTET Certification graduate with distinction. Committed to ongoing professional development. Additional expertise in lesson planning, project-based learning, and special education. Seeking to contribute meaningfully to a forward-thinking organization.",TEACHER
SYN_TEA_0018,"experienced teacher seeking to create inclusive and engaging classroom environments. Proven expertise in project-based learning, lesson planning, and e-learning platforms. Strong background in project-based learning with hands-on experience using smart boards and MS Teams for Education. Worked as mathematics teacher for 7 years, handling language instruction and mentoring responsibilities. Holds a BEd Education with specialization in relevant areas. Additional expertise in educational psychology, special education, and project-based learning. Looking forward to taking on new challenges and growing professionally.",TEACHER
SYN_TEA_0019,"Dynamic university lecturer specializing in educational psychology and mentoring. academic professional with expertise in curriculum design and student-centered pedagogy. Core competencies include educational psychology, mentoring, parent communication, and special education. 1+ years as university lecturer with a strong focus on special education, e-learning platforms, and team collaboration. Holds a CTET Certification with specialization in relevant areas. Additional expertise in blended learning, parent communication, and classroom management. Seeking to contribute meaningfully to a forward-thinking organization.",TEACHER
SYN_TEA_0020,"Motivated special education teacher with a passion for project-based learning. committed to nurturing students' academic and personal development. Expertise spans project-based learning, STEM teaching, and educational psychology, supported by proficiency in Moodle. Successfully delivered e-learning platforms projects as special education teacher. Collaborated cross-functionally on mentoring. Completed TEFL / TESOL Certificate. Strong academic foundation complemented by practical experience. Additional expertise in e-learning platforms, language instruction, and special education. Eager to leverage skills to drive organizational growth and excellence.",TEACHER
SYN_TEA_0021,"committed to nurturing students' academic and personal development with 12 years of experience in language instruction and blended learning. Expertise spans language instruction, blended learning, and STEM teaching, supported by proficiency in Google Classroom. 12+ years as special education teacher with a strong focus on test preparation, differentiated instruction, and team collaboration. Completed MEd Curriculum and Instruction. Strong academic foundation complemented by practical experience. Additional expertise in lesson planning, blended learning, and differentiated instruction. Eager to leverage skills to drive organizational growth and excellence.",TEACHER
SYN_TEA_0022,"academic professional with expertise in curriculum design and student-centered pedagogy with 4 years of experience in classroom management and mentoring. Core competencies include classroom management, mentoring, test preparation, and student assessment. Worked as science teacher for 4 years, handling student assessment and language instruction responsibilities. Holds a CTET Certification with specialization in relevant areas. Additional expertise in e-learning platforms, language instruction, and differentiated instruction. Looking forward to taking on new challenges and growing professionally.",TEACHER
SYN_TEA_0023,"Dynamic English language instructor specializing in curriculum development and classroom management. passionate educator dedicated to fostering a love of learning in students of all abilities. Strong background in curriculum development with hands-on experience using Zoom and MS Teams for Education. Served as English language instructor at a leading organization, managing special education and overseeing parent communication. Educational background: BEd Education. Continuously updating skills in the field. Additional expertise in e-learning platforms, parent communication, and test preparation. Committed to continuous learning and delivering high-impact results.",TEACHER
SYN_TEA_0024,"experienced teacher seeking to create inclusive and engaging classroom environments with 3 years of experience in student assessment and special education. Key skills: student assessment, special education, STEM teaching. Familiar with Google Classroom. Worked as primary school teacher for 3 years, handling educational psychology and project-based learning responsibilities. MEd Curriculum and Instruction graduate with distinction. Committed to ongoing professional development. Additional expertise in test preparation, curriculum development, and mentoring. Eager to leverage skills to drive organizational growth and excellence.",TEACHER
SYN_TEA_0025,"Dynamic mathematics teacher specializing in test preparation and language instruction. academic professional with expertise in curriculum design and student-centered pedagogy. Expertise spans test preparation, language instruction, and blended learning, supported by proficiency in Google Classroom. 8+ years as mathematics teacher with a strong focus on STEM teaching, differentiated instruction, and team collaboration. CTET Certification graduate with distinction. Committed to ongoing professional development. Additional expertise in student assessment, educational psychology, and STEM teaching. Eager to leverage skills to drive organizational growth and excellence.",TEACHER
SYN_TEA_0026,"Dynamic academic coordinator specializing in project-based learning and curriculum development. experienced teacher seeking to create inclusive and engaging classroom environments. Key skills: project-based learning, curriculum development, lesson planning. Familiar with Zoom. Served as academic coordinator at a leading organization, managing STEM teaching and overseeing mentoring. Holds a MA English with specialization in relevant areas. Additional expertise in curriculum development, parent communication, and e-learning platforms. Looking forward to taking on new challenges and growing professionally.",TEACHER
SYN_TEA_0027,"Motivated academic coordinator with a passion for e-learning platforms. committed to nurturing students' academic and personal development. Proficient in e-learning platforms, special education, and educational psychology. Experienced with Moodle and MS Teams for Education. Served as academic coordinator at a leading organization, managing STEM teaching and overseeing parent communication. Completed TEFL / TESOL Certificate. Strong academic foundation complemented by practical experience. Additional expertise in special education, parent communication, and differentiated instruction. Seeking to contribute meaningfully to a forward-thinking organization.",TEACHER
SYN_TEA_0028,"committed to nurturing students' academic and personal development with 6 years of experience in STEM teaching and project-based learning. Key skills: STEM teaching, project-based learning, blended learning. Familiar with Moodle. Successfully delivered parent communication projects as high school teacher. Collaborated cross-functionally on mentoring. Completed CTET Certification. Strong academic foundation complemented by practical experience. Additional expertise in differentiated instruction, e-learning platforms, and curriculum development. Eager to leverage skills to drive organizational growth and excellence.",TEACHER
SYN_TEA_0029,"academic professional with expertise in curriculum design and student-centered pedagogy. Proven expertise in project-based learning, STEM teaching, and language instruction. Expertise spans project-based learning, STEM teaching, and language instruction, supported by proficiency in Google Classroom. Successfully delivered mentoring projects as English language instructor. Collaborated cross-functionally on special education. BSc Mathematics graduate with distinction. Committed to ongoing professional development. Additional expertise in lesson planning, STEM teaching, and project-based learning. Eager to leverage skills to drive organizational growth and excellence.",TEACHER
SYN_TEA_0030,"passionate educator dedicated to fostering a love of learning in students of all abilities. Proven expertise in lesson planning, student assessment, and parent communication. Expertise spans lesson planning, student assessment, and parent communication, supported by proficiency in Moodle. Successfully delivered blended learning projects as academic coordinator. Collaborated cross-functionally on mentoring. Holds a BEd Education with specialization in relevant areas. Additional expertise in classroom management, lesson planning, and project-based learning. Looking forward to taking on new challenges and growing professionally.",TEACHER
SYN_TEA_0031,"Dynamic special education teacher specializing in curriculum development and student assessment. academic professional with expertise in curriculum design and student-centered pedagogy. Expertise spans curriculum development, student assessment, and differentiated instruction, supported by proficiency in smart boards. Successfully delivered educational psychology projects as special education teacher. Collaborated cross-functionally on language instruction. BEd Education graduate with distinction. Committed to ongoing professional development. Additional expertise in classroom management, blended learning, and differentiated instruction. Looking forward to taking on new challenges and growing professionally.",TEACHER
SYN_TEA_0032,"experienced teacher seeking to create inclusive and engaging classroom environments. Proven expertise in parent communication, language instruction, and differentiated instruction. Strong background in parent communication with hands-on experience using Moodle and Google Classroom. Successfully delivered STEM teaching projects as English language instructor. Collaborated cross-functionally on lesson planning. BEd Education graduate with distinction. Committed to ongoing professional development. Additional expertise in differentiated instruction, STEM teaching, and lesson planning. Looking forward to taking on new challenges and growing professionally.",TEACHER
SYN_TEA_0033,"academic professional with expertise in curriculum design and student-centered pedagogy. Proven expertise in lesson planning, e-learning platforms, and language instruction. Expertise spans lesson planning, e-learning platforms, and language instruction, supported by proficiency in Zoom. 11+ years as special education teacher with a strong focus on educational psychology, STEM teaching, and team collaboration. Completed MEd Curriculum and Instruction. Strong academic foundation complemented by practical experience. Additional expertise in classroom management, educational psychology, and project-based learning. Seeking to contribute meaningfully to a forward-thinking organization.",TEACHER
SYN_TEA_0034,"experienced teacher seeking to create inclusive and engaging classroom environments. Proven expertise in STEM teaching, differentiated instruction, and language instruction. Proficient in STEM teaching, differentiated instruction, and language instruction. Experienced with Moodle and Zoom. Successfully delivered lesson planning projects as primary school teacher. Collaborated cross-functionally on special education. BSc Mathematics graduate with distinction. Committed to ongoing professional development. Additional expertise in special education, differentiated instruction, and STEM teaching. Committed to continuous learning and delivering high-impact results.",TEACHER
SYN_TEA_0035,"academic professional with expertise in curriculum design and student-centered pedagogy. Proven expertise in educational psychology, differentiated instruction, and curriculum development. Proficient in educational psychology, differentiated instruction, and curriculum development. Experienced with MS Teams for Education and smart boards. Served as mathematics teacher at a leading organization, managing STEM teaching and overseeing parent communication. Completed MEd Curriculum and Instruction. Strong academic foundation complemented by practical experience. Additional expertise in project-based learning, educational psychology, and STEM teaching. Committed to continuous learning and delivering high-impact results.",TEACHER
SYN_TEA_0036,"Motivated primary school teacher with a passion for student assessment. committed to nurturing students' academic and personal development. Core competencies include student assessment, educational psychology, project-based learning, and mentoring. Successfully delivered mentoring projects as primary school teacher. Collaborated cross-functionally on classroom management. MEd Curriculum and Instruction graduate with distinction. Committed to ongoing professional development. Additional expertise in blended learning, special education, and differentiated instruction. Eager to leverage skills to drive organizational growth and excellence.",TEACHER
SYN_TEA_0037,"Dynamic academic coordinator specializing in parent communication and classroom management. passionate educator dedicated to fostering a love of learning in students of all abilities. Expertise spans parent communication, classroom management, and language instruction, supported by proficiency in Moodle. Served as academic coordinator at a leading organization, managing student assessment and overseeing educational psychology. Completed MA English. Strong academic foundation complemented by practical experience. Additional expertise in project-based learning, classroom management, and parent communication. Looking forward to taking on new challenges and growing professionally.",TEACHER
SYN_TEA_0038,"Dynamic English language instructor specializing in mentoring and classroom management. passionate educator dedicated to fostering a love of learning in students of all abilities. Expertise spans mentoring, classroom management, and student assessment, supported by proficiency in Zoom. Worked as English language instructor for 7 years, handling blended learning and special education responsibilities. Educational background: CTET Certification. Continuously updating skills in the field. Additional expertise in mentoring, classroom management, and student assessment. Committed to continuous learning and delivering high-impact results.",TEACHER
SYN_TEA_0039,"Dynamic high school teacher specializing in blended learning and differentiated instruction. committed to nurturing students' academic and personal development. Key skills: blended learning, differentiated instruction, project-based learning. Familiar with Google Classroom. 6+ years as high school teacher with a strong focus on test preparation, STEM teaching, and team collaboration. Completed TEFL / TESOL Certificate. Strong academic foundation complemented by practical experience. Additional expertise in curriculum development, educational psychology, and project-based learning. Committed to continuous learning and delivering high-impact results.",TEACHER
SYN_TEA_0040,"academic professional with expertise in curriculum design and student-centered pedagogy. Proven expertise in language instruction, STEM teaching, and curriculum development. Key skills: language instruction, STEM teaching, curriculum development. Familiar with MS Teams for Education. Worked as academic coordinator for 4 years, handling blended learning and test preparation responsibilities. Completed BSc Mathematics. Strong academic foundation complemented by practical experience. Additional expertise in language instruction, curriculum development, and e-learning platforms. Committed to continuous learning and delivering high-impact results.",TEACHER
SYN_TEA_0041,"Dynamic English language instructor specializing in parent communication and blended learning. committed to nurturing students' academic and personal development. Core competencies include parent communication, blended learning, STEM teaching, and student assessment. Worked as English language instructor for 3 years, handling student assessment and project-based learning responsibilities. Educational background: BSc Mathematics. Continuously updating skills in the field. Additional expertise in lesson planning, educational psychology, and special education. Committed to continuous learning and delivering high-impact results.",TEACHER
SYN_TEA_0042,"committed to nurturing students' academic and personal development with 11 years of experience in curriculum development and classroom management. Core competencies include curriculum development, classroom management, mentoring, and educational psychology. Successfully delivered educational psychology projects as university lecturer. Collaborated cross-functionally on test preparation. Holds a MA English with specialization in relevant areas. Additional expertise in STEM teaching, project-based learning, and classroom management. Seeking to contribute meaningfully to a forward-thinking organization.",TEACHER
SYN_TEA_0043,"committed to nurturing students' academic and personal development. Proven expertise in project-based learning, blended learning, and language instruction. Key skills: project-based learning, blended learning, language instruction. Familiar with Khan Academy. Served as high school teacher at a leading organization, managing lesson planning and overseeing curriculum development. Educational background: CTET Certification. Continuously updating skills in the field. Additional expertise in parent communication, STEM teaching, and language instruction. Eager to leverage skills to drive organizational growth and excellence.",TEACHER
SYN_TEA_0044,"Motivated English language instructor with a passion for differentiated instruction. committed to nurturing students' academic and personal development. Key skills: differentiated instruction, language instruction, special education. Familiar with Google Classroom. Successfully delivered lesson planning projects as English language instructor. Collaborated cross-functionally on student assessment. Educational background: TEFL / TESOL Certificate. Continuously updating skills in the field. Additional expertise in student assessment, e-learning platforms, and blended learning. Committed to continuous learning and delivering high-impact results.",TEACHER
SYN_TEA_0045,"experienced teacher seeking to create inclusive and engaging classroom environments with 12 years of experience in curriculum development and project-based learning. Strong background in curriculum development with hands-on experience using Moodle and MS Teams for Education. Successfully delivered educational psychology projects as academic coordinator. Collaborated cross-functionally on student assessment. Holds a CTET Certification with specialization in relevant areas. Additional expertise in e-learning platforms, classroom management, and educational psychology. Seeking to contribute meaningfully to a forward-thinking organization.",TEACHER
SYN_TEA_0046,"academic professional with expertise in curriculum design and student-centered pedagogy with 12 years of experience in blended learning and differentiated instruction. Proficient in blended learning, differentiated instruction, and mentoring. Experienced with smart boards and MS Teams for Education. 12+ years as special education teacher with a strong focus on lesson planning, project-based learning, and team collaboration. Holds a MEd Curriculum and Instruction with specialization in relevant areas. Additional expertise in differentiated instruction, special education, and lesson planning. Seeking to contribute meaningfully to a forward-thinking organization.",TEACHER
SYN_TEA_0047,"academic professional with expertise in curriculum design and student-centered pedagogy with 1 years of experience in student assessment and parent communication. Expertise spans student assessment, parent communication, and STEM teaching, supported by proficiency in MS Teams for Education. Successfully delivered special education projects as special education teacher. Collaborated cross-functionally on curriculum development. TEFL / TESOL Certificate graduate with distinction. Committed to ongoing professional development. Additional expertise in language instruction, special education, and STEM teaching. Seeking to contribute meaningfully to a forward-thinking organization.",TEACHER
SYN_TEA_0048,"academic professional with expertise in curriculum design and student-centered pedagogy with 11 years of experience in differentiated instruction and e-learning platforms. Core competencies include differentiated instruction, e-learning platforms, parent communication, and STEM teaching. Successfully delivered STEM teaching projects as special education teacher. Collaborated cross-functionally on mentoring. TEFL / TESOL Certificate graduate with distinction. Committed to ongoing professional development. Additional expertise in differentiated instruction, blended learning, and lesson planning. Seeking to contribute meaningfully to a forward-thinking organization.",TEACHER
SYN_TEA_0049,"Motivated special education teacher with a passion for student assessment. academic professional with expertise in curriculum design and student-centered pedagogy. Key skills: student assessment, project-based learning, special education. Familiar with Google Classroom. Served as special education teacher at a leading organization, managing STEM teaching and overseeing educational psychology. Educational background: MA English. Continuously updating skills in the field. Additional expertise in educational psychology, special education, and student assessment. Seeking to contribute meaningfully to a forward-thinking organization.",TEACHER
SYN_TEA_0050,"passionate educator dedicated to fostering a love of learning in students of all abilities. Proven expertise in language instruction, blended learning, and curriculum development. Core competencies include language instruction, blended learning, curriculum development, and e-learning platforms. Served as special education teacher at a leading organization, managing e-learning platforms and overseeing STEM teaching. Completed TEFL / TESOL Certificate. Strong academic foundation complemented by practical experience. Additional expertise in curriculum development, parent communication, and test preparation. Looking forward to taking on new challenges and growing professionally.",TEACHER
SYN_TEA_0051,"Dynamic mathematics teacher specializing in student assessment and language instruction. academic professional with expertise in curriculum design and student-centered pedagogy. Key skills: student assessment, language instruction, parent communication. Familiar with Zoom. 9+ years as mathematics teacher with a strong focus on project-based learning, lesson planning, and team collaboration. TEFL / TESOL Certificate graduate with distinction. Committed to ongoing professional development. Additional expertise in classroom management, test preparation, and curriculum development. Looking forward to taking on new challenges and growing professionally.",TEACHER
SYN_TEA_0052,"Motivated English language instructor with a passion for special education. passionate educator dedicated to fostering a love of learning in students of all abilities. Proficient in special education, differentiated instruction, and test preparation. Experienced with Google Classroom and Khan Academy. Served as English language instructor at a leading organization, managing language instruction and overseeing curriculum development. Educational background: TEFL / TESOL Certificate. Continuously updating skills in the field. Additional expertise in curriculum development, STEM teaching, and educational psychology. Seeking to contribute meaningfully to a forward-thinking organization.",TEACHER
SYN_TEA_0053,"academic professional with expertise in curriculum design and student-centered pedagogy. Proven expertise in student assessment, project-based learning, and blended learning. Key skills: student assessment, project-based learning, blended learning. Familiar with Khan Academy. Successfully delivered differentiated instruction projects as primary school teacher. Collaborated cross-functionally on test preparation. Completed TEFL / TESOL Certificate. Strong academic foundation complemented by practical experience. Additional expertise in lesson planning, test preparation, and classroom management. Eager to leverage skills to drive organizational growth and excellence.",TEACHER
SYN_TEA_0054,"experienced teacher seeking to create inclusive and engaging classroom environments. Proven expertise in project-based learning, lesson planning, and mentoring. Proficient in project-based learning, lesson planning, and mentoring. Experienced with MS Teams for Education and Google Classroom. Served as English language instructor at a leading organization, managing classroom management and overseeing parent communication. TEFL / TESOL Certificate graduate with distinction. Committed to ongoing professional development. Additional expertise in parent communication, special education, and blended learning. Seeking to contribute meaningfully to a forward-thinking organization.",TEACHER
SYN_TEA_0055,"committed to nurturing students' academic and personal development. Proven expertise in lesson planning, classroom management, and e-learning platforms. Core competencies include lesson planning, classroom management, e-learning platforms, and test preparation. Served as science teacher at a leading organization, managing test preparation and overseeing parent communication. Educational background: CTET Certification. Continuously updating skills in the field. Additional expertise in differentiated instruction, language instruction, and blended learning. Seeking to contribute meaningfully to a forward-thinking organization.",TEACHER
SYN_TEA_0056,"Dynamic special education teacher specializing in STEM teaching and student assessment. committed to nurturing students' academic and personal development. Key skills: STEM teaching, student assessment, parent communication. Familiar with MS Teams for Education. Worked as special education teacher for 7 years, handling special education and e-learning platforms responsibilities. Completed TEFL / TESOL Certificate. Strong academic foundation complemented by practical experience. Additional expertise in classroom management, educational psychology, and differentiated instruction. Looking forward to taking on new challenges and growing professionally.",TEACHER
SYN_TEA_0057,"Motivated primary school teacher with a passion for language instruction. academic professional with expertise in curriculum design and student-centered pedagogy. Key skills: language instruction, classroom management, student assessment. Familiar with Khan Academy. 1+ years as primary school teacher with a strong focus on project-based learning, e-learning platforms, and team collaboration. Educational background: BSc Mathematics. Continuously updating skills in the field. Additional expertise in blended learning, project-based learning, and parent communication. Seeking to contribute meaningfully to a forward-thinking organization.",TEACHER
SYN_TEA_0058,"Motivated science teacher with a passion for parent communication. committed to nurturing students' academic and personal development. Expertise spans parent communication, student assessment, and curriculum development, supported by proficiency in MS Teams for Education. Served as science teacher at a leading organization, managing language instruction and overseeing test preparation. Educational background: MA English. Continuously updating skills in the field. Additional expertise in special education, educational psychology, and mentoring. Committed to continuous learning and delivering high-impact results.",TEACHER
SYN_TEA_0059,"passionate educator dedicated to fostering a love of learning in students of all abilities with 1 years of experience in student assessment and blended learning. Core competencies include student assessment, blended learning, project-based learning, and STEM teaching. 1+ years as primary school teacher with a strong focus on STEM teaching, e-learning platforms, and team collaboration. Completed BSc Mathematics. Strong academic foundation complemented by practical experience. Additional expertise in mentoring, educational psychology, and differentiated instruction. Committed to continuous learning and delivering high-impact results.",TEACHER
SYN_TEA_0060,"Dynamic university lecturer specializing in lesson planning and differentiated instruction. experienced teacher seeking to create inclusive and engaging classroom environments. Proficient in lesson planning, differentiated instruction, and special education. Experienced with Moodle and MS Teams for Education. 10+ years as university lecturer with a strong focus on student assessment, test preparation, and team collaboration. MA English graduate with distinction. Committed to ongoing professional development. Additional expertise in differentiated instruction, language instruction, and student assessment. Eager to leverage skills to drive organizational growth and excellence.",TEACHER
SYN_TEA_0061,"academic professional with expertise in curriculum design and student-centered pedagogy with 12 years of experience in project-based learning and language instruction. Core competencies include project-based learning, language instruction, special education, and STEM teaching. Worked as primary school teacher for 12 years, handling STEM teaching and test preparation responsibilities. Completed BEd Education. Strong academic foundation complemented by practical experience. Additional expertise in lesson planning, language instruction, and e-learning platforms. Looking forward to taking on new challenges and growing professionally.",TEACHER
SYN_TEA_0062,"committed to nurturing students' academic and personal development with 7 years of experience in curriculum development and STEM teaching. Expertise spans curriculum development, STEM teaching, and student assessment, supported by proficiency in smart boards. Successfully delivered lesson planning projects as academic coordinator. Collaborated cross-functionally on blended learning. Educational background: CTET Certification. Continuously updating skills in the field. Additional expertise in curriculum development, differentiated instruction, and student assessment. Seeking to contribute meaningfully to a forward-thinking organization.",TEACHER
SYN_TEA_0063,"Dynamic primary school teacher specializing in parent communication and special education. academic professional with expertise in curriculum design and student-centered pedagogy. Proficient in parent communication, special education, and STEM teaching. Experienced with Google Classroom and Khan Academy. Worked as primary school teacher for 4 years, handling mentoring and classroom management responsibilities. BEd Education graduate with distinction. Committed to ongoing professional development. Additional expertise in educational psychology, STEM teaching, and e-learning platforms. Committed to continuous learning and delivering high-impact results.",TEACHER
SYN_TEA_0064,"committed to nurturing students' academic and personal development. Proven expertise in parent communication, educational psychology, and STEM teaching. Proficient in parent communication, educational psychology, and STEM teaching. Experienced with Khan Academy and smart boards. 1+ years as university lecturer with a strong focus on blended learning, lesson planning, and team collaboration. Completed BSc Mathematics. Strong academic foundation complemented by practical experience. Additional expertise in classroom management, test preparation, and blended learning. Eager to leverage skills to drive organizational growth and excellence.",TEACHER
SYN_TEA_0065,"Motivated science teacher with a passion for student assessment. passionate educator dedicated to fostering a love of learning in students of all abilities. Core competencies include student assessment, lesson planning, classroom management, and STEM teaching. Served as science teacher at a leading organization, managing STEM teaching and overseeing parent communication. Completed BEd Education. Strong academic foundation complemented by practical experience. Additional expertise in test preparation, curriculum development, and blended learning. Looking forward to taking on new challenges and growing professionally.",TEACHER
SYN_TEA_0066,"committed to nurturing students' academic and personal development with 8 years of experience in lesson planning and curriculum development. Proficient in lesson planning, curriculum development, and e-learning platforms. Experienced with MS Teams for Education and smart boards. Successfully delivered blended learning projects as high school teacher. Collaborated cross-functionally on differentiated instruction. CTET Certification graduate with distinction. Committed to ongoing professional development. Additional expertise in mentoring, student assessment, and blended learning. Eager to leverage skills to drive organizational growth and excellence.",TEACHER
SYN_TEA_0067,"Motivated university lecturer with a passion for lesson planning. academic professional with expertise in curriculum design and student-centered pedagogy. Key skills: lesson planning, e-learning platforms, student assessment. Familiar with MS Teams for Education. Served as university lecturer at a leading organization, managing language instruction and overseeing classroom management. Holds a MA English with specialization in relevant areas. Additional expertise in curriculum development, educational psychology, and test preparation. Seeking to contribute meaningfully to a forward-thinking organization.",TEACHER
SYN_TEA_0068,"academic professional with expertise in curriculum design and student-centered pedagogy. Proven expertise in differentiated instruction, student assessment, and blended learning. Expertise spans differentiated instruction, student assessment, and blended learning, supported by proficiency in Zoom. Successfully delivered language instruction projects as primary school teacher. Collaborated cross-functionally on curriculum development. Holds a MA English with specialization in relevant areas. Additional expertise in project-based learning, student assessment, and classroom management. Eager to leverage skills to drive organizational growth and excellence.",TEACHER
SYN_TEA_0069,"Dynamic mathematics teacher specializing in classroom management and student assessment. academic professional with expertise in curriculum design and student-centered pedagogy. Proficient in classroom management, student assessment, and differentiated instruction. Experienced with Moodle and MS Teams for Education. Served as mathematics teacher at a leading organization, managing mentoring and overseeing STEM teaching. Completed CTET Certification. Strong academic foundation complemented by practical experience. Additional expertise in language instruction, STEM teaching, and parent communication. Committed to continuous learning and delivering high-impact results.",TEACHER
SYN_CON_0000,"strategic management consultant with a track record of driving business transformation. Proven expertise in client relationship management, organizational restructuring, and change management. Strong background in client relationship management with hands-on experience using Salesforce and Excel advanced analytics. 12+ years as business analyst with a strong focus on stakeholder management, financial analysis, and team collaboration. Educational background: PMP Certification. Continuously updating skills in the field. Additional expertise in organizational restructuring, market research, and stakeholder management. Looking forward to taking on new challenges and growing professionally.",CONSULTANT
SYN_CON_0001,"Dynamic operations consultant specializing in process improvement and financial analysis. seeking a senior consulting role to help organizations achieve sustainable competitive advantage. Key skills: process improvement, financial analysis, SAP consulting. Familiar with Excel advanced analytics. Served as operations consultant at a leading organization, managing change management and overseeing data analytics. Completed MBA Strategy. Strong academic foundation complemented by practical experience. Additional expertise in client relationship management, stakeholder management, and risk assessment. Seeking to contribute meaningfully to a forward-thinking organization.",CONSULTANT
SYN_CON_0002,"strategic management consultant with a track record of driving business transformation. Proven expertise in market research, client relationship management, and change management. Strong background in market research with hands-on experience using Excel advanced analytics and Tableau. Successfully delivered stakeholder management projects as ERP consultant. Collaborated cross-functionally on data analytics. Completed CFA. Strong academic foundation complemented by practical experience. Additional expertise in supply chain optimization, client relationship management, and financial analysis. Committed to continuous learning and delivering high-impact results.",CONSULTANT
SYN_CON_0003,"Motivated change management advisor with a passion for ERP implementation. seeking a senior consulting role to help organizations achieve sustainable competitive advantage. Core competencies include ERP implementation, organizational restructuring, data analytics, and client relationship management. Served as change management advisor at a leading organization, managing client relationship management and overseeing financial analysis. Completed PMP Certification. Strong academic foundation complemented by practical experience. Additional expertise in stakeholder management, data analytics, and client relationship management. Committed to continuous learning and delivering high-impact results.",CONSULTANT
SYN_CON_0004,"seeking a senior consulting role to help organizations achieve sustainable competitive advantage. Proven expertise in change management, market research, and business strategy. Expertise spans change management, market research, and business strategy, supported by proficiency in Excel advanced analytics. Served as IT consultant at a leading organization, managing process improvement and overseeing risk assessment. Completed PMP Certification. Strong academic foundation complemented by practical experience. Additional expertise in project management, stakeholder management, and risk assessment. Looking forward to taking on new challenges and growing professionally.",CONSULTANT
SYN_CON_0005,"Motivated IT consultant with a passion for risk assessment. analytical consultant with expertise in ERP implementation and process optimization. Expertise spans risk assessment, organizational restructuring, and management consulting, supported by proficiency in Salesforce. Successfully delivered financial analysis projects as IT consultant. Collaborated cross-functionally on business strategy. Educational background: CFA. Continuously updating skills in the field. Additional expertise in organizational restructuring, supply chain optimization, and client relationship management. Seeking to contribute meaningfully to a forward-thinking organization.",CONSULTANT
SYN_CON_0006,"results-driven consultant specializing in operational efficiency and organizational change with 11 years of experience in ERP implementation and business strategy. Core competencies include ERP implementation, business strategy, SAP consulting, and financial analysis. Worked as management consultant for 11 years, handling financial analysis and supply chain optimization responsibilities. CFA graduate with distinction. Committed to ongoing professional development. Additional expertise in client relationship management, stakeholder management, and market research. Eager to leverage skills to drive organizational growth and excellence.",CONSULTANT
SYN_CON_0007,"results-driven consultant specializing in operational efficiency and organizational change. Proven expertise in business strategy, project management, and ERP implementation. Key skills: business strategy, project management, ERP implementation. Familiar with Tableau. 1+ years as management consultant with a strong focus on organizational restructuring, financial analysis, and team collaboration. Educational background: SAP Certified Consultant. Continuously updating skills in the field. Additional expertise in business strategy, process improvement, and supply chain optimization. Looking forward to taking on new challenges and growing professionally.",CONSULTANT
SYN_CON_0008,"Dynamic operations consultant specializing in financial analysis and process improvement. seeking a senior consulting role to help organizations achieve sustainable competitive advantage. Strong background in financial analysis with hands-on experience using Salesforce and Tableau. 8+ years as operations consultant with a strong focus on risk assessment, project management, and team collaboration. PMP Certification graduate with distinction. Committed to ongoing professional development. Additional expertise in stakeholder management, SAP consulting, and supply chain optimization. Seeking to contribute meaningfully to a forward-thinking organization.",CONSULTANT
SYN_CON_0009,"Dynamic strategy consultant specializing in stakeholder management and financial analysis. seeking a senior consulting role to help organizations achieve sustainable competitive advantage. Key skills: stakeholder management, financial analysis, organizational restructuring. Familiar with Salesforce. 1+ years as strategy consultant with a strong focus on project management, ERP implementation, and team collaboration. Six Sigma Black Belt graduate with distinction. Committed to ongoing professional development. Additional expertise in business strategy, organizational restructuring, and financial analysis. Committed to continuous learning and delivering high-impact results.",CONSULTANT
SYN_CON_0010,"Motivated ERP consultant with a passion for change management. results-driven consultant specializing in operational efficiency and organizational change. Expertise spans change management, stakeholder management, and organizational restructuring, supported by proficiency in Power BI. Worked as ERP consultant for 4 years, handling business strategy and management consulting responsibilities. Holds a Six Sigma Black Belt with specialization in relevant areas. Additional expertise in financial analysis, client relationship management, and data analytics. Eager to leverage skills to drive organizational growth and excellence.",CONSULTANT
SYN_CON_0011,"Dynamic change management advisor specializing in stakeholder management and supply chain optimization. strategic management consultant with a track record of driving business transformation. Core competencies include stakeholder management, supply chain optimization, SAP consulting, and project management. 2+ years as change management advisor with a strong focus on project management, data analytics, and team collaboration. Holds a PRINCE2 with specialization in relevant areas. Additional expertise in project management, management consulting, and organizational restructuring. Looking forward to taking on new challenges and growing professionally.",CONSULTANT
SYN_CON_0012,"Dynamic change management advisor specializing in market research and organizational restructuring. strategic management consultant with a track record of driving business transformation. Proficient in market research, organizational restructuring, and stakeholder management. Experienced with Tableau and SAP. 7+ years as change management advisor with a strong focus on management consulting, business strategy, and team collaboration. Holds a MBA Strategy with specialization in relevant areas. Additional expertise in client relationship management, management consulting, and SAP consulting. Looking forward to taking on new challenges and growing professionally.",CONSULTANT
SYN_CON_0013,"analytical consultant with expertise in ERP implementation and process optimization. Proven expertise in supply chain optimization, business strategy, and financial analysis. Strong background in supply chain optimization with hands-on experience using Tableau and Excel advanced analytics. Served as management consultant at a leading organization, managing ERP implementation and overseeing management consulting. Holds a PMP Certification with specialization in relevant areas. Additional expertise in SAP consulting, client relationship management, and stakeholder management. Looking forward to taking on new challenges and growing professionally.",CONSULTANT
SYN_CON_0014,"seeking a senior consulting role to help organizations achieve sustainable competitive advantage with 3 years of experience in management consulting and stakeholder management. Key skills: management consulting, stakeholder management, change management. Familiar with SAP. Worked as business analyst for 3 years, handling SAP consulting and business strategy responsibilities. Educational background: PRINCE2. Continuously updating skills in the field. Additional expertise in supply chain optimization, ERP implementation, and financial analysis. Seeking to contribute meaningfully to a forward-thinking organization.",CONSULTANT
SYN_CON_0015,"Motivated business analyst with a passion for supply chain optimization. strategic management consultant with a track record of driving business transformation. Proficient in supply chain optimization, business strategy, and client relationship management. Experienced with Oracle ERP and Salesforce. Served as business analyst at a leading organization, managing market research and overseeing SAP consulting. Completed SAP Certified Consultant. Strong academic foundation complemented by practical experience. Additional expertise in supply chain optimization, market research, and risk assessment. Seeking to contribute meaningfully to a forward-thinking organization.",CONSULTANT
SYN_CON_0016,"strategic management consultant with a track record of driving business transformation with 5 years of experience in business strategy and supply chain optimization. Expertise spans business strategy, supply chain optimization, and process improvement, supported by proficiency in MS Project. Served as IT consultant at a leading organization, managing ERP implementation and overseeing market research. PRINCE2 graduate with distinction. Committed to ongoing professional development. Additional expertise in market research, SAP consulting, and ERP implementation. Looking forward to taking on new challenges and growing professionally.",CONSULTANT
SYN_CON_0017,"analytical consultant with expertise in ERP implementation and process optimization with 4 years of experience in organizational restructuring and business strategy. Key skills: organizational restructuring, business strategy, stakeholder management. Familiar with Salesforce. Worked as ERP consultant for 4 years, handling ERP implementation and SAP consulting responsibilities. Completed CFA. Strong academic foundation complemented by practical experience. Additional expertise in process improvement, stakeholder management, and risk assessment. Eager to leverage skills to drive organizational growth and excellence.",CONSULTANT
SYN_CON_0018,"Dynamic business analyst specializing in data analytics and stakeholder management. strategic management consultant with a track record of driving business transformation. Core competencies include data analytics, stakeholder management, business strategy, and change management. Successfully delivered change management projects as business analyst. Collaborated cross-functionally on SAP consulting. Holds a CFA with specialization in relevant areas. Additional expertise in financial analysis, ERP implementation, and project management. Looking forward to taking on new challenges and growing professionally.",CONSULTANT
SYN_CON_0019,"Dynamic strategy consultant specializing in market research and data analytics. results-driven consultant specializing in operational efficiency and organizational change. Proficient in market research, data analytics, and project management. Experienced with Salesforce and MS Project. Successfully delivered business strategy projects as strategy consultant. Collaborated cross-functionally on management consulting. Completed CFA. Strong academic foundation complemented by practical experience. Additional expertise in ERP implementation, supply chain optimization, and change management. Committed to continuous learning and delivering high-impact results.",CONSULTANT
SYN_CON_0020,"Dynamic IT consultant specializing in management consulting and change management. results-driven consultant specializing in operational efficiency and organizational change. Core competencies include management consulting, change management, business strategy, and organizational restructuring. 1+ years as IT consultant with a strong focus on organizational restructuring, risk assessment, and team collaboration. Completed CFA. Strong academic foundation complemented by practical experience. Additional expertise in client relationship management, ERP implementation, and project management. Eager to leverage skills to drive organizational growth and excellence.",CONSULTANT
SYN_CON_0021,"Motivated ERP consultant with a passion for process improvement. strategic management consultant with a track record of driving business transformation. Key skills: process improvement, financial analysis, SAP consulting. Familiar with Power BI. Worked as ERP consultant for 8 years, handling supply chain optimization and risk assessment responsibilities. Six Sigma Black Belt graduate with distinction. Committed to ongoing professional development. Additional expertise in management consulting, risk assessment, and supply chain optimization. Seeking to contribute meaningfully to a forward-thinking organization.",CONSULTANT
SYN_CON_0022,"seeking a senior consulting role to help organizations achieve sustainable competitive advantage with 2 years of experience in SAP consulting and stakeholder management. Expertise spans SAP consulting, stakeholder management, and management consulting, supported by proficiency in Excel advanced analytics. Successfully delivered financial analysis projects as operations consultant. Collaborated cross-functionally on ERP implementation. Holds a Six Sigma Black Belt with specialization in relevant areas. Additional expertise in supply chain optimization, management consulting, and SAP consulting. Committed to continuous learning and delivering high-impact results.",CONSULTANT
SYN_CON_0023,"Dynamic IT consultant specializing in project management and client relationship management. strategic management consultant with a track record of driving business transformation. Key skills: project management, client relationship management, SAP consulting. Familiar with Tableau. Served as IT consultant at a leading organization, managing business strategy and overseeing market research. Educational background: PRINCE2. Continuously updating skills in the field. Additional expertise in ERP implementation, data analytics, and business strategy. Seeking to contribute meaningfully to a forward-thinking organization.",CONSULTANT
SYN_CON_0024,"results-driven consultant specializing in operational efficiency and organizational change with 3 years of experience in stakeholder management and process improvement. Expertise spans stakeholder management, process improvement, and ERP implementation, supported by proficiency in Tableau. 3+ years as operations consultant with a strong focus on SAP consulting, data analytics, and team collaboration. Six Sigma Black Belt graduate with distinction. Committed to ongoing professional development. Additional expertise in change management, SAP consulting, and process improvement. Eager to leverage skills to drive organizational growth and excellence.",CONSULTANT
SYN_CON_0025,"seeking a senior consulting role to help organizations achieve sustainable competitive advantage. Proven expertise in management consulting, project management, and business strategy. Strong background in management consulting with hands-on experience using Power BI and Tableau. Worked as IT consultant for 1 years, handling supply chain optimization and ERP implementation responsibilities. Holds a PRINCE2 with specialization in relevant areas. Additional expertise in supply chain optimization, stakeholder management, and change management. Seeking to contribute meaningfully to a forward-thinking organization.",CONSULTANT
SYN_CON_0026,"Motivated strategy consultant with a passion for process improvement. analytical consultant with expertise in ERP implementation and process optimization. Proficient in process improvement, client relationship management, and risk assessment. Experienced with Excel advanced analytics and SAP. 3+ years as strategy consultant with a strong focus on ERP implementation, organizational restructuring, and team collaboration. CFA graduate with distinction. Committed to ongoing professional development. Additional expertise in ERP implementation, management consulting, and organizational restructuring. Committed to continuous learning and delivering high-impact results.",CONSULTANT
SYN_CON_0027,"Motivated management consultant with a passion for management consulting. strategic management consultant with a track record of driving business transformation. Core competencies include management consulting, project management, business strategy, and organizational restructuring. Worked as management consultant for 2 years, handling organizational restructuring and SAP consulting responsibilities. Completed PMP Certification. Strong academic foundation complemented by practical experience. Additional expertise in project management, market research, and ERP implementation. Committed to continuous learning and delivering high-impact results.",CONSULTANT
SYN_CON_0028,"Dynamic business analyst specializing in management consulting and process improvement. results-driven consultant specializing in operational efficiency and organizational change. Core competencies include management consulting, process improvement, business strategy, and risk assessment. 9+ years as business analyst with a strong focus on risk assessment, ERP implementation, and team collaboration. Six Sigma Black Belt graduate with distinction. Committed to ongoing professional development. Additional expertise in supply chain optimization, ERP implementation, and risk assessment. Seeking to contribute meaningfully to a forward-thinking organization.",CONSULTANT
SYN_CON_0029,"strategic management consultant with a track record of driving business transformation with 11 years of experience in process improvement and business strategy. Strong background in process improvement with hands-on experience using MS Project and Oracle ERP. 11+ years as ERP consultant with a strong focus on risk assessment, organizational restructuring, and team collaboration. Completed PRINCE2. Strong academic foundation complemented by practical experience. Additional expertise in change management, market research, and client relationship management. Looking forward to taking on new challenges and growing professionally.",CONSULTANT
SYN_CON_0030,"Motivated change management advisor with a passion for organizational restructuring. seeking a senior consulting role to help organizations achieve sustainable competitive advantage. Strong background in organizational restructuring with hands-on experience using Tableau and Salesforce. Served as change management advisor at a leading organization, managing financial analysis and overseeing supply chain optimization. MBA Strategy graduate with distinction. Committed to ongoing professional development. Additional expertise in management consulting, financial analysis, and business strategy. Seeking to contribute meaningfully to a forward-thinking organization.",CONSULTANT
SYN_CON_0031,"Motivated business analyst with a passion for stakeholder management. analytical consultant with expertise in ERP implementation and process optimization. Core competencies include stakeholder management, market research, client relationship management, and project management. Successfully delivered project management projects as business analyst. Collaborated cross-functionally on change management. SAP Certified Consultant graduate with distinction. Committed to ongoing professional development. Additional expertise in business strategy, stakeholder management, and financial analysis. Seeking to contribute meaningfully to a forward-thinking organization.",CONSULTANT
SYN_CON_0032,"strategic management consultant with a track record of driving business transformation. Proven expertise in change management, stakeholder management, and risk assessment. Expertise spans change management, stakeholder management, and risk assessment, supported by proficiency in Oracle ERP. Successfully delivered management consulting projects as IT consultant. Collaborated cross-functionally on ERP implementation. Completed PRINCE2. Strong academic foundation complemented by practical experience. Additional expertise in project management, supply chain optimization, and market research. Committed to continuous learning and delivering high-impact results.",CONSULTANT
SYN_CON_0033,"seeking a senior consulting role to help organizations achieve sustainable competitive advantage with 11 years of experience in process improvement and stakeholder management. Proficient in process improvement, stakeholder management, and data analytics. Experienced with Oracle ERP and MS Project. 11+ years as business analyst with a strong focus on supply chain optimization, project management, and team collaboration. Holds a MBA Strategy with specialization in relevant areas. Additional expertise in market research, data analytics, and process improvement. Looking forward to taking on new challenges and growing professionally.",CONSULTANT
SYN_CON_0034,"Motivated change management advisor with a passion for SAP consulting. seeking a senior consulting role to help organizations achieve sustainable competitive advantage. Expertise spans SAP consulting, financial analysis, and organizational restructuring, supported by proficiency in MS Project. Worked as change management advisor for 4 years, handling business strategy and change management responsibilities. CFA graduate with distinction. Committed to ongoing professional development. Additional expertise in process improvement, SAP consulting, and market research. Committed to continuous learning and delivering high-impact results.",CONSULTANT
SYN_CON_0035,"Motivated strategy consultant with a passion for market research. results-driven consultant specializing in operational efficiency and organizational change. Strong background in market research with hands-on experience using Tableau and MS Project. Served as strategy consultant at a leading organization, managing client relationship management and overseeing data analytics. Educational background: CFA. Continuously updating skills in the field. Additional expertise in SAP consulting, business strategy, and change management. Eager to leverage skills to drive organizational growth and excellence.",CONSULTANT
SYN_CON_0036,"seeking a senior consulting role to help organizations achieve sustainable competitive advantage with 1 years of experience in supply chain optimization and SAP consulting. Key skills: supply chain optimization, SAP consulting, process improvement. Familiar with Oracle ERP. Served as strategy consultant at a leading organization, managing organizational restructuring and overseeing financial analysis. Holds a MBA Strategy with specialization in relevant areas. Additional expertise in market research, project management, and process improvement. Eager to leverage skills to drive organizational growth and excellence.",CONSULTANT
SYN_CON_0037,"strategic management consultant with a track record of driving business transformation. Proven expertise in market research, ERP implementation, and client relationship management. Key skills: market research, ERP implementation, client relationship management. Familiar with Salesforce. Successfully delivered process improvement projects as management consultant. Collaborated cross-functionally on business strategy. Educational background: CFA. Continuously updating skills in the field. Additional expertise in market research, SAP consulting, and management consulting. Committed to continuous learning and delivering high-impact results.",CONSULTANT
SYN_CON_0038,"Motivated strategy consultant with a passion for business strategy. strategic management consultant with a track record of driving business transformation. Proficient in business strategy, SAP consulting, and stakeholder management. Experienced with SAP and MS Project. Served as strategy consultant at a leading organization, managing organizational restructuring and overseeing process improvement. Educational background: CFA. Continuously updating skills in the field. Additional expertise in management consulting, financial analysis, and business strategy. Seeking to contribute meaningfully to a forward-thinking organization.",CONSULTANT
SYN_CON_0039,"results-driven consultant specializing in operational efficiency and organizational change with 4 years of experience in change management and organizational restructuring. Proficient in change management, organizational restructuring, and stakeholder management. Experienced with SAP and Tableau. Worked as IT consultant for 4 years, handling market research and SAP consulting responsibilities. Educational background: PMP Certification. Continuously updating skills in the field. Additional expertise in data analytics, organizational restructuring, and risk assessment. Looking forward to taking on new challenges and growing professionally.",CONSULTANT
SYN_CON_0040,"Motivated management consultant with a passion for SAP consulting. results-driven consultant specializing in operational efficiency and organizational change. Strong background in SAP consulting with hands-on experience using Salesforce and Power BI. 3+ years as management consultant with a strong focus on data analytics, risk assessment, and team collaboration. Holds a SAP Certified Consultant with specialization in relevant areas. Additional expertise in data analytics, market research, and organizational restructuring. Eager to leverage skills to drive organizational growth and excellence.",CONSULTANT
SYN_CON_0041,"Dynamic management consultant specializing in client relationship management and stakeholder management. seeking a senior consulting role to help organizations achieve sustainable competitive advantage. Expertise spans client relationship management, stakeholder management, and process improvement, supported by proficiency in Power BI. Worked as management consultant for 12 years, handling data analytics and SAP consulting responsibilities. Completed CFA. Strong academic foundation complemented by practical experience. Additional expertise in change management, financial analysis, and project management. Committed to continuous learning and delivering high-impact results.",CONSULTANT
SYN_CON_0042,"analytical consultant with expertise in ERP implementation and process optimization with 1 years of experience in client relationship management and data analytics. Proficient in client relationship management, data analytics, and business strategy. Experienced with Oracle ERP and Salesforce. Successfully delivered organizational restructuring projects as operations consultant. Collaborated cross-functionally on project management. PMP Certification graduate with distinction. Committed to ongoing professional development. Additional expertise in financial analysis, supply chain optimization, and data analytics. Committed to continuous learning and delivering high-impact results.",CONSULTANT
SYN_CON_0043,"results-driven consultant specializing in operational efficiency and organizational change with 11 years of experience in market research and risk assessment. Strong background in market research with hands-on experience using SAP and Tableau. Successfully delivered financial analysis projects as management consultant. Collaborated cross-functionally on business strategy. Holds a CFA with specialization in relevant areas. Additional expertise in financial analysis, risk assessment, and business strategy. Seeking to contribute meaningfully to a forward-thinking organization.",CONSULTANT
SYN_CON_0044,"Dynamic strategy consultant specializing in business strategy and financial analysis. strategic management consultant with a track record of driving business transformation. Core competencies include business strategy, financial analysis, market research, and risk assessment. 11+ years as strategy consultant with a strong focus on risk assessment, ERP implementation, and team collaboration. Educational background: PMP Certification. Continuously updating skills in the field. Additional expertise in process improvement, supply chain optimization, and stakeholder management. Committed to continuous learning and delivering high-impact results.",CONSULTANT
SYN_CON_0045,"Dynamic IT consultant specializing in SAP consulting and process improvement. results-driven consultant specializing in operational efficiency and organizational change. Core competencies include SAP consulting, process improvement, financial analysis, and risk assessment. Successfully delivered risk assessment projects as IT consultant. Collaborated cross-functionally on ERP implementation. Holds a CFA with specialization in relevant areas. Additional expertise in business strategy, project management, and process improvement. Looking forward to taking on new challenges and growing professionally.",CONSULTANT
SYN_CON_0046,"strategic management consultant with a track record of driving business transformation. Proven expertise in stakeholder management, market research, and change management. Proficient in stakeholder management, market research, and change management. Experienced with Tableau and Salesforce. Served as management consultant at a leading organization, managing supply chain optimization and overseeing organizational restructuring. Educational background: MBA Strategy. Continuously updating skills in the field. Additional expertise in project management, financial analysis, and change management. Committed to continuous learning and delivering high-impact results.",CONSULTANT
SYN_CON_0047,"Dynamic IT consultant specializing in client relationship management and ERP implementation. results-driven consultant specializing in operational efficiency and organizational change. Key skills: client relationship management, ERP implementation, data analytics. Familiar with Salesforce. 8+ years as IT consultant with a strong focus on project management, business strategy, and team collaboration. Holds a PMP Certification with specialization in relevant areas. Additional expertise in supply chain optimization, change management, and stakeholder management. Eager to leverage skills to drive organizational growth and excellence.",CONSULTANT
SYN_CON_0048,"Dynamic management consultant specializing in SAP consulting and management consulting. seeking a senior consulting role to help organizations achieve sustainable competitive advantage. Key skills: SAP consulting, management consulting, financial analysis. Familiar with Power BI. Served as management consultant at a leading organization, managing change management and overseeing process improvement. Completed MBA Strategy. Strong academic foundation complemented by practical experience. Additional expertise in business strategy, client relationship management, and process improvement. Committed to continuous learning and delivering high-impact results.",CONSULTANT
SYN_CON_0049,"Dynamic business analyst specializing in client relationship management and stakeholder management. seeking a senior consulting role to help organizations achieve sustainable competitive advantage. Key skills: client relationship management, stakeholder management, market research. Familiar with MS Project. 4+ years as business analyst with a strong focus on change management, risk assessment, and team collaboration. CFA graduate with distinction. Committed to ongoing professional development. Additional expertise in ERP implementation, project management, and organizational restructuring. Committed to continuous learning and delivering high-impact results.",CONSULTANT
SYN_CON_0050,"seeking a senior consulting role to help organizations achieve sustainable competitive advantage with 12 years of experience in change management and SAP consulting. Key skills: change management, SAP consulting, business strategy. Familiar with Salesforce. Served as strategy consultant at a leading organization, managing management consulting and overseeing project management. CFA graduate with distinction. Committed to ongoing professional development. Additional expertise in change management, financial analysis, and ERP implementation. Looking forward to taking on new challenges and growing professionally.",CONSULTANT
SYN_CON_0051,"Motivated strategy consultant with a passion for client relationship management. strategic management consultant with a track record of driving business transformation. Proficient in client relationship management, process improvement, and supply chain optimization. Experienced with Oracle ERP and Tableau. Successfully delivered market research projects as strategy consultant. Collaborated cross-functionally on financial analysis. Educational background: Six Sigma Black Belt. Continuously updating skills in the field. Additional expertise in project management, risk assessment, and supply chain optimization. Eager to leverage skills to drive organizational growth and excellence.",CONSULTANT
SYN_CON_0052,"Motivated strategy consultant with a passion for financial analysis. strategic management consultant with a track record of driving business transformation. Key skills: financial analysis, SAP consulting, client relationship management. Familiar with Oracle ERP. Successfully delivered risk assessment projects as strategy consultant. Collaborated cross-functionally on change management. Holds a PRINCE2 with specialization in relevant areas. Additional expertise in project management, change management, and market research. Committed to continuous learning and delivering high-impact results.",CONSULTANT
SYN_CON_0053,"seeking a senior consulting role to help organizations achieve sustainable competitive advantage. Proven expertise in risk assessment, management consulting, and market research. Proficient in risk assessment, management consulting, and market research. Experienced with Salesforce and Tableau. 12+ years as business analyst with a strong focus on SAP consulting, stakeholder management, and team collaboration. MBA Strategy graduate with distinction. Committed to ongoing professional development. Additional expertise in ERP implementation, risk assessment, and process improvement. Eager to leverage skills to drive organizational growth and excellence.",CONSULTANT
SYN_CON_0054,"Dynamic ERP consultant specializing in management consulting and organizational restructuring. results-driven consultant specializing in operational efficiency and organizational change. Key skills: management consulting, organizational restructuring, data analytics. Familiar with SAP. Successfully delivered client relationship management projects as ERP consultant. Collaborated cross-functionally on project management. Holds a Six Sigma Black Belt with specialization in relevant areas. Additional expertise in financial analysis, stakeholder management, and supply chain optimization. Eager to leverage skills to drive organizational growth and excellence.",CONSULTANT
SYN_CON_0055,"Motivated operations consultant with a passion for management consulting. analytical consultant with expertise in ERP implementation and process optimization. Expertise spans management consulting, business strategy, and SAP consulting, supported by proficiency in Excel advanced analytics. 4+ years as operations consultant with a strong focus on process improvement, data analytics, and team collaboration. Educational background: PRINCE2. Continuously updating skills in the field. Additional expertise in financial analysis, SAP consulting, and project management. Eager to leverage skills to drive organizational growth and excellence.",CONSULTANT
SYN_CON_0056,"Dynamic operations consultant specializing in risk assessment and organizational restructuring. analytical consultant with expertise in ERP implementation and process optimization. Key skills: risk assessment, organizational restructuring, financial analysis. Familiar with Salesforce. Worked as operations consultant for 8 years, handling management consulting and ERP implementation responsibilities. Educational background: PMP Certification. Continuously updating skills in the field. Additional expertise in financial analysis, management consulting, and change management. Looking forward to taking on new challenges and growing professionally.",CONSULTANT
SYN_ADV_0000,"Motivated litigation attorney with a passion for intellectual property. corporate lawyer seeking to provide strategic legal counsel to businesses. Expertise spans intellectual property, criminal law, and civil litigation, supported by proficiency in LexisNexis. 1+ years as litigation attorney with a strong focus on court representation, legal documentation, and team collaboration. Holds a Certified Compliance Professional with specialization in relevant areas. Additional expertise in legal advisory, legal documentation, and client counseling. Looking forward to taking on new challenges and growing professionally.",ADVOCATE
SYN_ADV_0001,"experienced advocate with strong litigation and contract law expertise with 2 years of experience in legal advisory and criminal law. Core competencies include legal advisory, criminal law, court representation, and civil litigation. Worked as paralegal for 2 years, handling civil litigation and litigation responsibilities. Completed LLB Law. Strong academic foundation complemented by practical experience. Additional expertise in court representation, negotiation, and litigation. Seeking to contribute meaningfully to a forward-thinking organization.",ADVOCATE
SYN_ADV_0002,"corporate lawyer seeking to provide strategic legal counsel to businesses with 2 years of experience in criminal law and civil litigation. Strong background in criminal law with hands-on experience using Westlaw and legal drafting software. Served as advocate at a leading organization, managing intellectual property and overseeing legal advisory. Bar Council enrollment graduate with distinction. Committed to ongoing professional development. Additional expertise in court representation, corporate law, and criminal law. Looking forward to taking on new challenges and growing professionally.",ADVOCATE
SYN_ADV_0003,"Dynamic corporate lawyer specializing in legal advisory and civil litigation. experienced advocate with strong litigation and contract law expertise. Expertise spans legal advisory, civil litigation, and intellectual property, supported by proficiency in case management systems. 2+ years as corporate lawyer with a strong focus on criminal law, due diligence, and team collaboration. Holds a LLB Law with specialization in relevant areas. Additional expertise in litigation, legal documentation, and legal research. Eager to leverage skills to drive organizational growth and excellence.",ADVOCATE
SYN_ADV_0004,"compliance-focused attorney with expertise in regulatory frameworks with 10 years of experience in intellectual property and arbitration. Strong background in intellectual property with hands-on experience using LexisNexis and case management systems. Successfully delivered negotiation projects as paralegal. Collaborated cross-functionally on client counseling. LLB Law graduate with distinction. Committed to ongoing professional development. Additional expertise in compliance, intellectual property, and civil litigation. Seeking to contribute meaningfully to a forward-thinking organization.",ADVOCATE
SYN_ADV_0005,"compliance-focused attorney with expertise in regulatory frameworks with 7 years of experience in corporate law and criminal law. Key skills: corporate law, criminal law, legal documentation. Familiar with Westlaw. Worked as compliance officer for 7 years, handling arbitration and intellectual property responsibilities. Completed Certified Compliance Professional. Strong academic foundation complemented by practical experience. Additional expertise in due diligence, legal research, and criminal law. Eager to leverage skills to drive organizational growth and excellence.",ADVOCATE
SYN_ADV_0006,"Motivated corporate lawyer with a passion for intellectual property. dedicated legal professional committed to upholding justice and client rights. Core competencies include intellectual property, litigation, legal documentation, and criminal law. 11+ years as corporate lawyer with a strong focus on criminal law, civil litigation, and team collaboration. Educational background: Bar Council enrollment. Continuously updating skills in the field. Additional expertise in client counseling, legal documentation, and negotiation. Eager to leverage skills to drive organizational growth and excellence.",ADVOCATE
SYN_ADV_0007,"Motivated corporate lawyer with a passion for contract drafting. compliance-focused attorney with expertise in regulatory frameworks. Expertise spans contract drafting, litigation, and corporate law, supported by proficiency in e-discovery tools. 11+ years as corporate lawyer with a strong focus on arbitration, compliance, and team collaboration. Diploma in Cyber Law graduate with distinction. Committed to ongoing professional development. Additional expertise in civil litigation, intellectual property, and corporate law. Eager to leverage skills to drive organizational growth and excellence.",ADVOCATE
SYN_ADV_0008,"Dynamic paralegal specializing in compliance and intellectual property. experienced advocate with strong litigation and contract law expertise. Expertise spans compliance, intellectual property, and criminal law, supported by proficiency in Westlaw. Served as paralegal at a leading organization, managing client counseling and overseeing contract drafting. Completed LLM Corporate Law. Strong academic foundation complemented by practical experience. Additional expertise in criminal law, litigation, and negotiation. Looking forward to taking on new challenges and growing professionally.",ADVOCATE
SYN_ADV_0009,"corporate lawyer seeking to provide strategic legal counsel to businesses with 9 years of experience in criminal law and court representation. Expertise spans criminal law, court representation, and civil litigation, supported by proficiency in e-discovery tools. Successfully delivered litigation projects as corporate lawyer. Collaborated cross-functionally on client counseling. Educational background: Bar Council enrollment. Continuously updating skills in the field. Additional expertise in legal advisory, arbitration, and legal research. Committed to continuous learning and delivering high-impact results.",ADVOCATE
SYN_ADV_0010,"compliance-focused attorney with expertise in regulatory frameworks. Proven expertise in corporate law, legal advisory, and arbitration. Key skills: corporate law, legal advisory, arbitration. Familiar with legal drafting software. Successfully delivered litigation projects as compliance officer. Collaborated cross-functionally on compliance. Educational background: LLM Corporate Law. Continuously updating skills in the field. Additional expertise in legal research, compliance, and legal documentation. Seeking to contribute meaningfully to a forward-thinking organization.",ADVOCATE
SYN_ADV_0011,"Motivated litigation attorney with a passion for legal research. corporate lawyer seeking to provide strategic legal counsel to businesses. Key skills: legal research, due diligence, contract drafting. Familiar with Westlaw. Served as litigation attorney at a leading organization, managing arbitration and overseeing court representation. Holds a LLB Law with specialization in relevant areas. Additional expertise in criminal law, arbitration, and negotiation. Committed to continuous learning and delivering high-impact results.",ADVOCATE
SYN_ADV_0012,"Dynamic litigation attorney specializing in negotiation and legal documentation. compliance-focused attorney with expertise in regulatory frameworks. Strong background in negotiation with hands-on experience using case management systems and legal drafting software. Successfully delivered legal advisory projects as litigation attorney. Collaborated cross-functionally on corporate law. LLB Law graduate with distinction. Committed to ongoing professional development. Additional expertise in compliance, corporate law, and civil litigation. Looking forward to taking on new challenges and growing professionally.",ADVOCATE
SYN_ADV_0013,"compliance-focused attorney with expertise in regulatory frameworks. Proven expertise in due diligence, client counseling, and legal advisory. Strong background in due diligence with hands-on experience using LexisNexis and legal drafting software. Served as compliance officer at a leading organization, managing court representation and overseeing arbitration. Certified Compliance Professional graduate with distinction. Committed to ongoing professional development. Additional expertise in negotiation, arbitration, and criminal law. Eager to leverage skills to drive organizational growth and excellence.",ADVOCATE
SYN_ADV_0014,"corporate lawyer seeking to provide strategic legal counsel to businesses with 3 years of experience in due diligence and litigation. Strong background in due diligence with hands-on experience using e-discovery tools and LexisNexis. 3+ years as compliance officer with a strong focus on legal advisory, court representation, and team collaboration. LLM Corporate Law graduate with distinction. Committed to ongoing professional development. Additional expertise in negotiation, client counseling, and civil litigation. Seeking to contribute meaningfully to a forward-thinking organization.",ADVOCATE
SYN_ADV_0015,"experienced advocate with strong litigation and contract law expertise. Proven expertise in legal advisory, criminal law, and legal research. Key skills: legal advisory, criminal law, legal research. Familiar with LexisNexis. Worked as legal consultant for 2 years, handling arbitration and litigation responsibilities. Holds a Diploma in Cyber Law with specialization in relevant areas. Additional expertise in intellectual property, legal research, and contract drafting. Committed to continuous learning and delivering high-impact results.",ADVOCATE
SYN_ADV_0016,"Motivated compliance officer with a passion for court representation. corporate lawyer seeking to provide strategic legal counsel to businesses. Strong background in court representation with hands-on experience using e-discovery tools and Westlaw. Served as compliance officer at a leading organization, managing criminal law and overseeing legal documentation. Completed Certified Compliance Professional. Strong academic foundation complemented by practical experience. Additional expertise in corporate law, litigation, and legal documentation. Eager to leverage skills to drive organizational growth and excellence.",ADVOCATE
SYN_ADV_0017,"compliance-focused attorney with expertise in regulatory frameworks. Proven expertise in legal documentation, litigation, and court representation. Core competencies include legal documentation, litigation, court representation, and civil litigation. Worked as legal consultant for 8 years, handling civil litigation and client counseling responsibilities. Educational background: Certified Compliance Professional. Continuously updating skills in the field. Additional expertise in litigation, corporate law, and arbitration. Eager to leverage skills to drive organizational growth and excellence.",ADVOCATE
SYN_ADV_0018,"Dynamic litigation attorney specializing in contract drafting and court representation. corporate lawyer seeking to provide strategic legal counsel to businesses. Core competencies include contract drafting, court representation, civil litigation, and intellectual property. 9+ years as litigation attorney with a strong focus on intellectual property, criminal law, and team collaboration. Holds a Bar Council enrollment with specialization in relevant areas. Additional expertise in legal research, compliance, and legal advisory. Eager to leverage skills to drive organizational growth and excellence.",ADVOCATE
SYN_ADV_0019,"Motivated compliance officer with a passion for court representation. experienced advocate with strong litigation and contract law expertise. Strong background in court representation with hands-on experience using LexisNexis and e-discovery tools. Served as compliance officer at a leading organization, managing civil litigation and overseeing legal research. Educational background: Diploma in Cyber Law. Continuously updating skills in the field. Additional expertise in corporate law, litigation, and civil litigation. Eager to leverage skills to drive organizational growth and excellence.",ADVOCATE
SYN_ADV_0020,"corporate lawyer seeking to provide strategic legal counsel to businesses with 6 years of experience in legal advisory and civil litigation. Proficient in legal advisory, civil litigation, and negotiation. Experienced with Westlaw and LexisNexis. Worked as in-house counsel for 6 years, handling client counseling and due diligence responsibilities. Holds a LLM Corporate Law with specialization in relevant areas. Additional expertise in intellectual property, due diligence, and legal documentation. Eager to leverage skills to drive organizational growth and excellence.",ADVOCATE
SYN_ADV_0021,"Motivated compliance officer with a passion for legal research. experienced advocate with strong litigation and contract law expertise. Proficient in legal research, compliance, and court representation. Experienced with e-discovery tools and Westlaw. 12+ years as compliance officer with a strong focus on intellectual property, legal advisory, and team collaboration. Educational background: Diploma in Cyber Law. Continuously updating skills in the field. Additional expertise in legal documentation, negotiation, and legal research. Eager to leverage skills to drive organizational growth and excellence.",ADVOCATE
SYN_ADV_0022,"compliance-focused attorney with expertise in regulatory frameworks with 7 years of experience in civil litigation and litigation. Core competencies include civil litigation, litigation, client counseling, and legal advisory. Served as legal consultant at a leading organization, managing legal advisory and overseeing arbitration. LLM Corporate Law graduate with distinction. Committed to ongoing professional development. Additional expertise in intellectual property, litigation, and criminal law. Looking forward to taking on new challenges and growing professionally.",ADVOCATE
SYN_ADV_0023,"compliance-focused attorney with expertise in regulatory frameworks. Proven expertise in due diligence, criminal law, and arbitration. Core competencies include due diligence, criminal law, arbitration, and client counseling. Worked as in-house counsel for 1 years, handling client counseling and litigation responsibilities. Bar Council enrollment graduate with distinction. Committed to ongoing professional development. Additional expertise in corporate law, client counseling, and legal documentation. Committed to continuous learning and delivering high-impact results.",ADVOCATE
SYN_ADV_0024,"Motivated corporate lawyer with a passion for court representation. experienced advocate with strong litigation and contract law expertise. Proficient in court representation, contract drafting, and negotiation. Experienced with case management systems and e-discovery tools. Worked as corporate lawyer for 12 years, handling civil litigation and legal documentation responsibilities. LLB Law graduate with distinction. Committed to ongoing professional development. Additional expertise in compliance, corporate law, and civil litigation. Committed to continuous learning and delivering high-impact results.",ADVOCATE
SYN_ADV_0025,"Motivated compliance officer with a passion for due diligence. compliance-focused attorney with expertise in regulatory frameworks. Proficient in due diligence, contract drafting, and negotiation. Experienced with case management systems and Westlaw. Worked as compliance officer for 7 years, handling intellectual property and arbitration responsibilities. Diploma in Cyber Law graduate with distinction. Committed to ongoing professional development. Additional expertise in legal advisory, compliance, and due diligence. Eager to leverage skills to drive organizational growth and excellence.",ADVOCATE
SYN_ADV_0026,"Dynamic litigation attorney specializing in civil litigation and legal advisory. corporate lawyer seeking to provide strategic legal counsel to businesses. Proficient in civil litigation, legal advisory, and due diligence. Experienced with LexisNexis and Westlaw. Successfully delivered corporate law projects as litigation attorney. Collaborated cross-functionally on intellectual property. Completed LLM Corporate Law. Strong academic foundation complemented by practical experience. Additional expertise in contract drafting, legal advisory, and intellectual property. Seeking to contribute meaningfully to a forward-thinking organization.",ADVOCATE
SYN_ADV_0027,"Dynamic legal consultant specializing in legal documentation and intellectual property. corporate lawyer seeking to provide strategic legal counsel to businesses. Core competencies include legal documentation, intellectual property, litigation, and contract drafting. Successfully delivered contract drafting projects as legal consultant. Collaborated cross-functionally on criminal law. Completed Certified Compliance Professional. Strong academic foundation complemented by practical experience. Additional expertise in legal documentation, due diligence, and corporate law. Committed to continuous learning and delivering high-impact results.",ADVOCATE
SYN_ADV_0028,"Dynamic advocate specializing in criminal law and arbitration. corporate lawyer seeking to provide strategic legal counsel to businesses. Proficient in criminal law, arbitration, and intellectual property. Experienced with LexisNexis and legal drafting software. Successfully delivered legal research projects as advocate. Collaborated cross-functionally on legal advisory. Completed Certified Compliance Professional. Strong academic foundation complemented by practical experience. Additional expertise in corporate law, intellectual property, and legal documentation. Eager to leverage skills to drive organizational growth and excellence.",ADVOCATE
SYN_ADV_0029,"Dynamic paralegal specializing in criminal law and compliance. dedicated legal professional committed to upholding justice and client rights. Proficient in criminal law, compliance, and litigation. Experienced with LexisNexis and e-discovery tools. Worked as paralegal for 7 years, handling intellectual property and arbitration responsibilities. Completed LLM Corporate Law. Strong academic foundation complemented by practical experience. Additional expertise in compliance, legal research, and due diligence. Eager to leverage skills to drive organizational growth and excellence.",ADVOCATE
SYN_ADV_0030,"corporate lawyer seeking to provide strategic legal counsel to businesses with 9 years of experience in corporate law and intellectual property. Core competencies include corporate law, intellectual property, legal advisory, and criminal law. Served as legal consultant at a leading organization, managing criminal law and overseeing negotiation. Holds a Certified Compliance Professional with specialization in relevant areas. Additional expertise in litigation, legal advisory, and arbitration. Eager to leverage skills to drive organizational growth and excellence.",ADVOCATE
SYN_ADV_0031,"Motivated in-house counsel with a passion for intellectual property. experienced advocate with strong litigation and contract law expertise. Core competencies include intellectual property, civil litigation, negotiation, and legal research. Served as in-house counsel at a leading organization, managing legal research and overseeing corporate law. Educational background: LLB Law. Continuously updating skills in the field. Additional expertise in client counseling, due diligence, and legal advisory. Committed to continuous learning and delivering high-impact results.",ADVOCATE
SYN_ADV_0032,"experienced advocate with strong litigation and contract law expertise. Proven expertise in contract drafting, legal research, and due diligence. Key skills: contract drafting, legal research, due diligence. Familiar with LexisNexis. Successfully delivered corporate law projects as paralegal. Collaborated cross-functionally on negotiation. Educational background: LLB Law. Continuously updating skills in the field. Additional expertise in court representation, arbitration, and compliance. Committed to continuous learning and delivering high-impact results.",ADVOCATE
SYN_ADV_0033,"Motivated corporate lawyer with a passion for arbitration. dedicated legal professional committed to upholding justice and client rights. Key skills: arbitration, compliance, criminal law. Familiar with legal drafting software. Successfully delivered corporate law projects as corporate lawyer. Collaborated cross-functionally on litigation. Completed Diploma in Cyber Law. Strong academic foundation complemented by practical experience. Additional expertise in legal research, arbitration, and civil litigation. Committed to continuous learning and delivering high-impact results.",ADVOCATE
SYN_ADV_0034,"Dynamic legal consultant specializing in client counseling and court representation. dedicated legal professional committed to upholding justice and client rights. Strong background in client counseling with hands-on experience using case management systems and e-discovery tools. Served as legal consultant at a leading organization, managing arbitration and overseeing litigation. Completed Bar Council enrollment. Strong academic foundation complemented by practical experience. Additional expertise in intellectual property, client counseling, and compliance. Looking forward to taking on new challenges and growing professionally.",ADVOCATE
SYN_ADV_0035,"Motivated in-house counsel with a passion for contract drafting. compliance-focused attorney with expertise in regulatory frameworks. Core competencies include contract drafting, due diligence, civil litigation, and corporate law. Served as in-house counsel at a leading organization, managing corporate law and overseeing client counseling. Holds a Bar Council enrollment with specialization in relevant areas. Additional expertise in due diligence, negotiation, and compliance. Committed to continuous learning and delivering high-impact results.",ADVOCATE
SYN_ADV_0036,"Motivated legal consultant with a passion for legal advisory. compliance-focused attorney with expertise in regulatory frameworks. Strong background in legal advisory with hands-on experience using case management systems and Westlaw. Served as legal consultant at a leading organization, managing court representation and overseeing client counseling. Certified Compliance Professional graduate with distinction. Committed to ongoing professional development. Additional expertise in legal documentation, arbitration, and criminal law. Seeking to contribute meaningfully to a forward-thinking organization.",ADVOCATE
SYN_ADV_0037,"dedicated legal professional committed to upholding justice and client rights. Proven expertise in criminal law, arbitration, and legal research. Proficient in criminal law, arbitration, and legal research. Experienced with legal drafting software and case management systems. Worked as advocate for 1 years, handling legal documentation and contract drafting responsibilities. Bar Council enrollment graduate with distinction. Committed to ongoing professional development. Additional expertise in client counseling, court representation, and contract drafting. Eager to leverage skills to drive organizational growth and excellence.",ADVOCATE
SYN_ADV_0038,"compliance-focused attorney with expertise in regulatory frameworks with 4 years of experience in legal advisory and arbitration. Core competencies include legal advisory, arbitration, corporate law, and contract drafting. Worked as in-house counsel for 4 years, handling contract drafting and legal documentation responsibilities. Holds a Diploma in Cyber Law with specialization in relevant areas. Additional expertise in civil litigation, contract drafting, and criminal law. Looking forward to taking on new challenges and growing professionally.",ADVOCATE
SYN_ADV_0039,"corporate lawyer seeking to provide strategic legal counsel to businesses. Proven expertise in arbitration, negotiation, and legal research. Strong background in arbitration with hands-on experience using Westlaw and LexisNexis. Served as legal consultant at a leading organization, managing court representation and overseeing criminal law. Holds a LLB Law with specialization in relevant areas. Additional expertise in contract drafting, corporate law, and legal documentation. Looking forward to taking on new challenges and growing professionally.",ADVOCATE
SYN_ADV_0040,"compliance-focused attorney with expertise in regulatory frameworks. Proven expertise in due diligence, legal advisory, and compliance. Strong background in due diligence with hands-on experience using LexisNexis and e-discovery tools. Worked as paralegal for 10 years, handling criminal law and client counseling responsibilities. Completed LLM Corporate Law. Strong academic foundation complemented by practical experience. Additional expertise in due diligence, contract drafting, and civil litigation. Looking forward to taking on new challenges and growing professionally.",ADVOCATE
SYN_ADV_0041,"Motivated litigation attorney with a passion for civil litigation. corporate lawyer seeking to provide strategic legal counsel to businesses. Key skills: civil litigation, due diligence, negotiation. Familiar with LexisNexis. Served as litigation attorney at a leading organization, managing legal advisory and overseeing contract drafting. Educational background: Bar Council enrollment. Continuously updating skills in the field. Additional expertise in intellectual property, arbitration, and negotiation. Looking forward to taking on new challenges and growing professionally.",ADVOCATE
SYN_ADV_0042,"experienced advocate with strong litigation and contract law expertise with 5 years of experience in negotiation and compliance. Proficient in negotiation, compliance, and civil litigation. Experienced with e-discovery tools and Westlaw. Successfully delivered legal research projects as legal consultant. Collaborated cross-functionally on legal documentation. Completed Bar Council enrollment. Strong academic foundation complemented by practical experience. Additional expertise in criminal law, due diligence, and legal advisory. Looking forward to taking on new challenges and growing professionally.",ADVOCATE
SYN_ADV_0043,"Dynamic in-house counsel specializing in contract drafting and corporate law. experienced advocate with strong litigation and contract law expertise. Strong background in contract drafting with hands-on experience using case management systems and Westlaw. Successfully delivered intellectual property projects as in-house counsel. Collaborated cross-functionally on litigation. Holds a Diploma in Cyber Law with specialization in relevant areas. Additional expertise in due diligence, contract drafting, and litigation. Looking forward to taking on new challenges and growing professionally.",ADVOCATE
SYN_ADV_0044,"Dynamic legal consultant specializing in court representation and litigation. corporate lawyer seeking to provide strategic legal counsel to businesses. Key skills: court representation, litigation, contract drafting. Familiar with legal drafting software. Served as legal consultant at a leading organization, managing civil litigation and overseeing legal research. Holds a Diploma in Cyber Law with specialization in relevant areas. Additional expertise in legal documentation, legal advisory, and legal research. Committed to continuous learning and delivering high-impact results.",ADVOCATE
SYN_ADV_0045,"Dynamic advocate specializing in legal research and compliance. compliance-focused attorney with expertise in regulatory frameworks. Proficient in legal research, compliance, and client counseling. Experienced with LexisNexis and case management systems. 4+ years as advocate with a strong focus on legal documentation, arbitration, and team collaboration. Completed Certified Compliance Professional. Strong academic foundation complemented by practical experience. Additional expertise in legal research, arbitration, and criminal law. Eager to leverage skills to drive organizational growth and excellence.",ADVOCATE
SYN_ADV_0046,"Motivated in-house counsel with a passion for negotiation. compliance-focused attorney with expertise in regulatory frameworks. Proficient in negotiation, compliance, and litigation. Experienced with Westlaw and LexisNexis. 4+ years as in-house counsel with a strong focus on contract drafting, client counseling, and team collaboration. Educational background: Diploma in Cyber Law. Continuously updating skills in the field. Additional expertise in legal research, contract drafting, and criminal law. Eager to leverage skills to drive organizational growth and excellence.",ADVOCATE
SYN_ADV_0047,"Dynamic legal consultant specializing in contract drafting and intellectual property. experienced advocate with strong litigation and contract law expertise. Strong background in contract drafting with hands-on experience using Westlaw and legal drafting software. 11+ years as legal consultant with a strong focus on arbitration, client counseling, and team collaboration. Bar Council enrollment graduate with distinction. Committed to ongoing professional development. Additional expertise in civil litigation, corporate law, and contract drafting. Seeking to contribute meaningfully to a forward-thinking organization.",ADVOCATE
SYN_ADV_0048,"Motivated in-house counsel with a passion for legal research. dedicated legal professional committed to upholding justice and client rights. Core competencies include legal research, arbitration, court representation, and negotiation. Successfully delivered negotiation projects as in-house counsel. Collaborated cross-functionally on compliance. Completed Bar Council enrollment. Strong academic foundation complemented by practical experience. Additional expertise in client counseling, compliance, and litigation. Seeking to contribute meaningfully to a forward-thinking organization.",ADVOCATE
SYN_ADV_0049,"compliance-focused attorney with expertise in regulatory frameworks with 8 years of experience in litigation and negotiation. Key skills: litigation, negotiation, due diligence. Familiar with case management systems. Served as in-house counsel at a leading organization, managing legal advisory and overseeing criminal law. Certified Compliance Professional graduate with distinction. Committed to ongoing professional development. Additional expertise in legal advisory, compliance, and criminal law. Seeking to contribute meaningfully to a forward-thinking organization.",ADVOCATE
SYN_ADV_0050,"experienced advocate with strong litigation and contract law expertise. Proven expertise in contract drafting, negotiation, and legal documentation. Core competencies include contract drafting, negotiation, legal documentation, and litigation. Worked as corporate lawyer for 7 years, handling litigation and legal research responsibilities. Educational background: LLM Corporate Law. Continuously updating skills in the field. Additional expertise in civil litigation, legal documentation, and litigation. Looking forward to taking on new challenges and growing professionally.",ADVOCATE
SYN_ADV_0051,"compliance-focused attorney with expertise in regulatory frameworks with 8 years of experience in litigation and compliance. Key skills: litigation, compliance, legal research. Familiar with e-discovery tools. 8+ years as corporate lawyer with a strong focus on criminal law, contract drafting, and team collaboration. Completed Diploma in Cyber Law. Strong academic foundation complemented by practical experience. Additional expertise in due diligence, legal documentation, and arbitration. Seeking to contribute meaningfully to a forward-thinking organization.",ADVOCATE
SYN_ADV_0052,"experienced advocate with strong litigation and contract law expertise. Proven expertise in court representation, criminal law, and legal research. Expertise spans court representation, criminal law, and legal research, supported by proficiency in Westlaw. Successfully delivered compliance projects as paralegal. Collaborated cross-functionally on contract drafting. Holds a LLM Corporate Law with specialization in relevant areas. Additional expertise in legal advisory, client counseling, and arbitration. Looking forward to taking on new challenges and growing professionally.",ADVOCATE
SYN_ADV_0053,"dedicated legal professional committed to upholding justice and client rights. Proven expertise in civil litigation, corporate law, and compliance. Strong background in civil litigation with hands-on experience using LexisNexis and legal drafting software. Successfully delivered legal advisory projects as advocate. Collaborated cross-functionally on legal research. LLM Corporate Law graduate with distinction. Committed to ongoing professional development. Additional expertise in negotiation, criminal law, and court representation. Seeking to contribute meaningfully to a forward-thinking organization.",ADVOCATE
SYN_BUS_0000,"Motivated BD executive with a passion for lead generation. dynamic business development professional focused on driving revenue and market expansion. Proficient in lead generation, partnership building, and revenue growth. Experienced with HubSpot and Salesforce. Served as BD executive at a leading organization, managing competitive analysis and overseeing market expansion. Educational background: PMP. Continuously updating skills in the field. Additional expertise in B2B sales, strategic planning, and business development. Seeking to contribute meaningfully to a forward-thinking organization.",BUSINESS-DEVELOPMENT
SYN_BUS_0001,"dynamic business development professional focused on driving revenue and market expansion. Proven expertise in partnership building, revenue growth, and competitive analysis. Proficient in partnership building, revenue growth, and competitive analysis. Experienced with HubSpot and MS Excel. Successfully delivered contract negotiation projects as BD executive. Collaborated cross-functionally on market expansion. Holds a BSc Business Administration with specialization in relevant areas. Additional expertise in pricing strategy, contract negotiation, and competitive analysis. Committed to continuous learning and delivering high-impact results.",BUSINESS-DEVELOPMENT
SYN_BUS_0002,"Dynamic growth manager specializing in client acquisition and competitive analysis. strategic thinker with proven ability to identify and convert new business opportunities. Expertise spans client acquisition, competitive analysis, and contract negotiation, supported by proficiency in HubSpot. 9+ years as growth manager with a strong focus on pricing strategy, lead generation, and team collaboration. MBA Business Development graduate with distinction. Committed to ongoing professional development. Additional expertise in strategic planning, CRM management, and market expansion. Seeking to contribute meaningfully to a forward-thinking organization.",BUSINESS-DEVELOPMENT
SYN_BUS_0003,"Dynamic business development manager specializing in B2B sales and pricing strategy. strategic thinker with proven ability to identify and convert new business opportunities. Core competencies include B2B sales, pricing strategy, contract negotiation, and lead generation. 2+ years as business development manager with a strong focus on lead generation, business development, and team collaboration. Completed Certified Business Development Professional. Strong academic foundation complemented by practical experience. Additional expertise in KPI tracking, contract negotiation, and business development. Looking forward to taking on new challenges and growing professionally.",BUSINESS-DEVELOPMENT
SYN_BUS_0004,"Motivated BD executive with a passion for revenue growth. results-oriented BD manager with strong track record in B2B deal closing. Strong background in revenue growth with hands-on experience using Tableau and LinkedIn Sales Navigator. 1+ years as BD executive with a strong focus on pricing strategy, client acquisition, and team collaboration. BSc Business Administration graduate with distinction. Committed to ongoing professional development. Additional expertise in client acquisition, CRM management, and market expansion. Committed to continuous learning and delivering high-impact results.",BUSINESS-DEVELOPMENT
SYN_BUS_0005,"Dynamic strategic partnerships manager specializing in market expansion and CRM management. dynamic business development professional focused on driving revenue and market expansion. Core competencies include market expansion, CRM management, strategic planning, and contract negotiation. Successfully delivered contract negotiation projects as strategic partnerships manager. Collaborated cross-functionally on lead generation. Educational background: PMP. Continuously updating skills in the field. Additional expertise in client acquisition, proposal writing, and strategic planning. Seeking to contribute meaningfully to a forward-thinking organization.",BUSINESS-DEVELOPMENT
SYN_BUS_0006,"results-oriented BD manager with strong track record in B2B deal closing. Proven expertise in revenue growth, partnership building, and business development. Expertise spans revenue growth, partnership building, and business development, supported by proficiency in HubSpot. Successfully delivered proposal writing projects as account executive. Collaborated cross-functionally on competitive analysis. Completed PMP. Strong academic foundation complemented by practical experience. Additional expertise in KPI tracking, business development, and market expansion. Eager to leverage skills to drive organizational growth and excellence.",BUSINESS-DEVELOPMENT
SYN_BUS_0007,"results-oriented BD manager with strong track record in B2B deal closing with 2 years of experience in B2B sales and KPI tracking. Strong background in B2B sales with hands-on experience using Zoho CRM and HubSpot. Worked as account executive for 2 years, handling pricing strategy and market expansion responsibilities. Holds a Certified Business Development Professional with specialization in relevant areas. Additional expertise in contract negotiation, CRM management, and strategic planning. Seeking to contribute meaningfully to a forward-thinking organization.",BUSINESS-DEVELOPMENT
SYN_BUS_0008,"Dynamic BD executive specializing in B2B sales and revenue growth. seeking to leverage BD expertise to scale company partnerships and customer base. Strong background in B2B sales with hands-on experience using Tableau and Zoho CRM. Successfully delivered lead generation projects as BD executive. Collaborated cross-functionally on client acquisition. Holds a MBA Business Development with specialization in relevant areas. Additional expertise in KPI tracking, B2B sales, and strategic planning. Looking forward to taking on new challenges and growing professionally.",BUSINESS-DEVELOPMENT
SYN_BUS_0009,"results-oriented BD manager with strong track record in B2B deal closing with 10 years of experience in revenue growth and CRM management. Strong background in revenue growth with hands-on experience using Tableau and HubSpot. Served as market development representative at a leading organization, managing partnership building and overseeing strategic planning. Dale Carnegie Sales Training graduate with distinction. Committed to ongoing professional development. Additional expertise in competitive analysis, client acquisition, and KPI tracking. Eager to leverage skills to drive organizational growth and excellence.",BUSINESS-DEVELOPMENT
SYN_BUS_0010,"dynamic business development professional focused on driving revenue and market expansion with 6 years of experience in client acquisition and market expansion. Key skills: client acquisition, market expansion, pricing strategy. Familiar with MS Excel. 6+ years as account executive with a strong focus on contract negotiation, KPI tracking, and team collaboration. Educational background: BSc Business Administration. Continuously updating skills in the field. Additional expertise in B2B sales, lead generation, and business development. Looking forward to taking on new challenges and growing professionally.",BUSINESS-DEVELOPMENT
SYN_BUS_0011,"dynamic business development professional focused on driving revenue and market expansion. Proven expertise in revenue growth, CRM management, and market expansion. Proficient in revenue growth, CRM management, and market expansion. Experienced with LinkedIn Sales Navigator and Zoho CRM. Worked as growth manager for 2 years, handling pricing strategy and KPI tracking responsibilities. Holds a BSc Business Administration with specialization in relevant areas. Additional expertise in CRM management, pricing strategy, and client acquisition. Committed to continuous learning and delivering high-impact results.",BUSINESS-DEVELOPMENT
SYN_BUS_0012,"results-oriented BD manager with strong track record in B2B deal closing with 9 years of experience in client acquisition and pricing strategy. Strong background in client acquisition with hands-on experience using LinkedIn Sales Navigator and Tableau. Served as growth manager at a leading organization, managing revenue growth and overseeing B2B sales. Educational background: Certified Business Development Professional. Continuously updating skills in the field. Additional expertise in lead generation, CRM management, and KPI tracking. Seeking to contribute meaningfully to a forward-thinking organization.",BUSINESS-DEVELOPMENT
SYN_BUS_0013,"Dynamic market development representative specializing in proposal writing and revenue growth. seeking to leverage BD expertise to scale company partnerships and customer base. Proficient in proposal writing, revenue growth, and pricing strategy. Experienced with MS Excel and Salesforce. Successfully delivered lead generation projects as market development representative. Collaborated cross-functionally on contract negotiation. Educational background: PMP. Continuously updating skills in the field. Additional expertise in competitive analysis, contract negotiation, and KPI tracking. Looking forward to taking on new challenges and growing professionally.",BUSINESS-DEVELOPMENT
SYN_BUS_0014,"Dynamic BD executive specializing in KPI tracking and lead generation. results-oriented BD manager with strong track record in B2B deal closing. Proficient in KPI tracking, lead generation, and market expansion. Experienced with LinkedIn Sales Navigator and Zoho CRM. Successfully delivered client acquisition projects as BD executive. Collaborated cross-functionally on CRM management. Completed MBA Business Development. Strong academic foundation complemented by practical experience. Additional expertise in client acquisition, strategic planning, and partnership building. Committed to continuous learning and delivering high-impact results.",BUSINESS-DEVELOPMENT
SYN_BUS_0015,"strategic thinker with proven ability to identify and convert new business opportunities with 9 years of experience in KPI tracking and pricing strategy. Proficient in KPI tracking, pricing strategy, and contract negotiation. Experienced with Zoho CRM and Tableau. Served as business development manager at a leading organization, managing client acquisition and overseeing competitive analysis. Holds a Dale Carnegie Sales Training with specialization in relevant areas. Additional expertise in CRM management, lead generation, and strategic planning. Committed to continuous learning and delivering high-impact results.",BUSINESS-DEVELOPMENT
SYN_BUS_0016,"Motivated BD executive with a passion for partnership building. dynamic business development professional focused on driving revenue and market expansion. Strong background in partnership building with hands-on experience using HubSpot and Salesforce. Worked as BD executive for 7 years, handling KPI tracking and strategic planning responsibilities. Holds a BSc Business Administration with specialization in relevant areas. Additional expertise in B2B sales, pricing strategy, and client acquisition. Seeking to contribute meaningfully to a forward-thinking organization.",BUSINESS-DEVELOPMENT
SYN_BUS_0017,"seeking to leverage BD expertise to scale company partnerships and customer base with 12 years of experience in B2B sales and proposal writing. Core competencies include B2B sales, proposal writing, revenue growth, and contract negotiation. Successfully delivered contract negotiation projects as growth manager. Collaborated cross-functionally on pricing strategy. Completed BSc Business Administration. Strong academic foundation complemented by practical experience. Additional expertise in pricing strategy, partnership building, and client acquisition. Eager to leverage skills to drive organizational growth and excellence.",BUSINESS-DEVELOPMENT
SYN_BUS_0018,"Dynamic strategic partnerships manager specializing in contract negotiation and B2B sales. dynamic business development professional focused on driving revenue and market expansion. Key skills: contract negotiation, B2B sales, lead generation. Familiar with Tableau. Served as strategic partnerships manager at a leading organization, managing client acquisition and overseeing market expansion. Holds a Certified Business Development Professional with specialization in relevant areas. Additional expertise in KPI tracking, pricing strategy, and market expansion. Eager to leverage skills to drive organizational growth and excellence.",BUSINESS-DEVELOPMENT
SYN_BUS_0019,"Motivated business development manager with a passion for client acquisition. results-oriented BD manager with strong track record in B2B deal closing. Core competencies include client acquisition, KPI tracking, B2B sales, and proposal writing. Worked as business development manager for 4 years, handling proposal writing and pricing strategy responsibilities. Completed MBA Business Development. Strong academic foundation complemented by practical experience. Additional expertise in strategic planning, partnership building, and business development. Eager to leverage skills to drive organizational growth and excellence.",BUSINESS-DEVELOPMENT
SYN_BUS_0020,"Dynamic growth manager specializing in competitive analysis and pricing strategy. results-oriented BD manager with strong track record in B2B deal closing. Core competencies include competitive analysis, pricing strategy, proposal writing, and client acquisition. 9+ years as growth manager with a strong focus on client acquisition, business development, and team collaboration. Holds a Dale Carnegie Sales Training with specialization in relevant areas. Additional expertise in revenue growth, pricing strategy, and client acquisition. Eager to leverage skills to drive organizational growth and excellence.",BUSINESS-DEVELOPMENT
SYN_BUS_0021,"strategic thinker with proven ability to identify and convert new business opportunities. Proven expertise in competitive analysis, contract negotiation, and lead generation. Expertise spans competitive analysis, contract negotiation, and lead generation, supported by proficiency in Salesforce. Successfully delivered strategic planning projects as growth manager. Collaborated cross-functionally on KPI tracking. Educational background: PMP. Continuously updating skills in the field. Additional expertise in strategic planning, CRM management, and business development. Committed to continuous learning and delivering high-impact results.",BUSINESS-DEVELOPMENT
SYN_BUS_0022,"Motivated business development manager with a passion for B2B sales. strategic thinker with proven ability to identify and convert new business opportunities. Proficient in B2B sales, business development, and pricing strategy. Experienced with MS Excel and HubSpot. Served as business development manager at a leading organization, managing market expansion and overseeing KPI tracking. Holds a PMP with specialization in relevant areas. Additional expertise in strategic planning, competitive analysis, and partnership building. Eager to leverage skills to drive organizational growth and excellence.",BUSINESS-DEVELOPMENT
SYN_BUS_0023,"Motivated growth manager with a passion for lead generation. seeking to leverage BD expertise to scale company partnerships and customer base. Core competencies include lead generation, revenue growth, KPI tracking, and competitive analysis. Worked as growth manager for 1 years, handling competitive analysis and B2B sales responsibilities. Educational background: Certified Business Development Professional. Continuously updating skills in the field. Additional expertise in pricing strategy, B2B sales, and partnership building. Looking forward to taking on new challenges and growing professionally.",BUSINESS-DEVELOPMENT
SYN_BUS_0024,"Dynamic account executive specializing in strategic planning and proposal writing. seeking to leverage BD expertise to scale company partnerships and customer base. Strong background in strategic planning with hands-on experience using Zoho CRM and Salesforce. Worked as account executive for 8 years, handling lead generation and competitive analysis responsibilities. Completed Dale Carnegie Sales Training. Strong academic foundation complemented by practical experience. Additional expertise in lead generation, B2B sales, and CRM management. Looking forward to taking on new challenges and growing professionally.",BUSINESS-DEVELOPMENT
SYN_BUS_0025,"dynamic business development professional focused on driving revenue and market expansion. Proven expertise in CRM management, business development, and proposal writing. Key skills: CRM management, business development, proposal writing. Familiar with LinkedIn Sales Navigator. Worked as market development representative for 4 years, handling B2B sales and market expansion responsibilities. Holds a Dale Carnegie Sales Training with specialization in relevant areas. Additional expertise in business development, competitive analysis, and partnership building. Looking forward to taking on new challenges and growing professionally.",BUSINESS-DEVELOPMENT
SYN_BUS_0026,"Dynamic strategic partnerships manager specializing in pricing strategy and client acquisition. seeking to leverage BD expertise to scale company partnerships and customer base. Key skills: pricing strategy, client acquisition, contract negotiation. Familiar with HubSpot. Successfully delivered market expansion projects as strategic partnerships manager. Collaborated cross-functionally on business development. Educational background: Dale Carnegie Sales Training. Continuously updating skills in the field. Additional expertise in contract negotiation, market expansion, and client acquisition. Looking forward to taking on new challenges and growing professionally.",BUSINESS-DEVELOPMENT
SYN_BUS_0027,"Motivated BD executive with a passion for client acquisition. results-oriented BD manager with strong track record in B2B deal closing. Core competencies include client acquisition, B2B sales, lead generation, and pricing strategy. 2+ years as BD executive with a strong focus on pricing strategy, revenue growth, and team collaboration. Educational background: Dale Carnegie Sales Training. Continuously updating skills in the field. Additional expertise in B2B sales, business development, and strategic planning. Committed to continuous learning and delivering high-impact results.",BUSINESS-DEVELOPMENT
SYN_BUS_0028,"Motivated market development representative with a passion for partnership building. seeking to leverage BD expertise to scale company partnerships and customer base. Core competencies include partnership building, KPI tracking, B2B sales, and competitive analysis. Successfully delivered competitive analysis projects as market development representative. Collaborated cross-functionally on revenue growth. Completed BSc Business Administration. Strong academic foundation complemented by practical experience. Additional expertise in lead generation, pricing strategy, and revenue growth. Committed to continuous learning and delivering high-impact results.",BUSINESS-DEVELOPMENT
SYN_BUS_0029,"Dynamic market development representative specializing in strategic planning and contract negotiation. dynamic business development professional focused on driving revenue and market expansion. Expertise spans strategic planning, contract negotiation, and proposal writing, supported by proficiency in HubSpot. Served as market development representative at a leading organization, managing B2B sales and overseeing market expansion. Completed Certified Business Development Professional. Strong academic foundation complemented by practical experience. Additional expertise in proposal writing, business development, and CRM management. Looking forward to taking on new challenges and growing professionally.",BUSINESS-DEVELOPMENT
SYN_BUS_0030,"seeking to leverage BD expertise to scale company partnerships and customer base with 3 years of experience in contract negotiation and revenue growth. Core competencies include contract negotiation, revenue growth, competitive analysis, and KPI tracking. Successfully delivered KPI tracking projects as strategic partnerships manager. Collaborated cross-functionally on client acquisition. MBA Business Development graduate with distinction. Committed to ongoing professional development. Additional expertise in B2B sales, proposal writing, and partnership building. Looking forward to taking on new challenges and growing professionally.",BUSINESS-DEVELOPMENT
SYN_BUS_0031,"Motivated growth manager with a passion for B2B sales. seeking to leverage BD expertise to scale company partnerships and customer base. Core competencies include B2B sales, CRM management, lead generation, and revenue growth. Successfully delivered revenue growth projects as growth manager. Collaborated cross-functionally on competitive analysis. Educational background: PMP. Continuously updating skills in the field. Additional expertise in B2B sales, KPI tracking, and pricing strategy. Committed to continuous learning and delivering high-impact results.",BUSINESS-DEVELOPMENT
SYN_BUS_0032,"Dynamic market development representative specializing in client acquisition and revenue growth. results-oriented BD manager with strong track record in B2B deal closing. Proficient in client acquisition, revenue growth, and KPI tracking. Experienced with Salesforce and Zoho CRM. Successfully delivered pricing strategy projects as market development representative. Collaborated cross-functionally on B2B sales. Holds a PMP with specialization in relevant areas. Additional expertise in lead generation, B2B sales, and client acquisition. Committed to continuous learning and delivering high-impact results.",BUSINESS-DEVELOPMENT
SYN_BUS_0033,"Dynamic business development manager specializing in B2B sales and contract negotiation. strategic thinker with proven ability to identify and convert new business opportunities. Key skills: B2B sales, contract negotiation, pricing strategy. Familiar with Zoho CRM. 9+ years as business development manager with a strong focus on CRM management, lead generation, and team collaboration. Holds a MBA Business Development with specialization in relevant areas. Additional expertise in competitive analysis, proposal writing, and lead generation. Committed to continuous learning and delivering high-impact results.",BUSINESS-DEVELOPMENT
SYN_BUS_0034,"Dynamic account executive specializing in competitive analysis and B2B sales. results-oriented BD manager with strong track record in B2B deal closing. Expertise spans competitive analysis, B2B sales, and contract negotiation, supported by proficiency in LinkedIn Sales Navigator. 8+ years as account executive with a strong focus on client acquisition, market expansion, and team collaboration. Holds a MBA Business Development with specialization in relevant areas. Additional expertise in B2B sales, proposal writing, and business development. Looking forward to taking on new challenges and growing professionally.",BUSINESS-DEVELOPMENT
SYN_BUS_0035,"Dynamic growth manager specializing in proposal writing and B2B sales. strategic thinker with proven ability to identify and convert new business opportunities. Expertise spans proposal writing, B2B sales, and business development, supported by proficiency in Tableau. Served as growth manager at a leading organization, managing market expansion and overseeing contract negotiation. Completed Dale Carnegie Sales Training. Strong academic foundation complemented by practical experience. Additional expertise in contract negotiation, CRM management, and lead generation. Looking forward to taking on new challenges and growing professionally.",BUSINESS-DEVELOPMENT
SYN_BUS_0036,"Motivated BD executive with a passion for KPI tracking. dynamic business development professional focused on driving revenue and market expansion. Expertise spans KPI tracking, partnership building, and revenue growth, supported by proficiency in MS Excel. Worked as BD executive for 11 years, handling proposal writing and CRM management responsibilities. Certified Business Development Professional graduate with distinction. Committed to ongoing professional development. Additional expertise in contract negotiation, KPI tracking, and partnership building. Looking forward to taking on new challenges and growing professionally.",BUSINESS-DEVELOPMENT
SYN_BUS_0037,"dynamic business development professional focused on driving revenue and market expansion with 11 years of experience in strategic planning and partnership building. Core competencies include strategic planning, partnership building, proposal writing, and revenue growth. Successfully delivered revenue growth projects as account executive. Collaborated cross-functionally on pricing strategy. PMP graduate with distinction. Committed to ongoing professional development. Additional expertise in client acquisition, proposal writing, and lead generation. Eager to leverage skills to drive organizational growth and excellence.",BUSINESS-DEVELOPMENT
SYN_BUS_0038,"seeking to leverage BD expertise to scale company partnerships and customer base. Proven expertise in KPI tracking, pricing strategy, and CRM management. Key skills: KPI tracking, pricing strategy, CRM management. Familiar with Zoho CRM. 3+ years as strategic partnerships manager with a strong focus on contract negotiation, proposal writing, and team collaboration. Dale Carnegie Sales Training graduate with distinction. Committed to ongoing professional development. Additional expertise in market expansion, business development, and partnership building. Committed to continuous learning and delivering high-impact results.",BUSINESS-DEVELOPMENT
SYN_BUS_0039,"seeking to leverage BD expertise to scale company partnerships and customer base with 4 years of experience in competitive analysis and client acquisition. Expertise spans competitive analysis, client acquisition, and B2B sales, supported by proficiency in MS Excel. Worked as strategic partnerships manager for 4 years, handling strategic planning and revenue growth responsibilities. Educational background: Certified Business Development Professional. Continuously updating skills in the field. Additional expertise in partnership building, KPI tracking, and proposal writing. Committed to continuous learning and delivering high-impact results.",BUSINESS-DEVELOPMENT
SYN_BUS_0040,"dynamic business development professional focused on driving revenue and market expansion. Proven expertise in partnership building, lead generation, and CRM management. Key skills: partnership building, lead generation, CRM management. Familiar with Zoho CRM. Served as business development manager at a leading organization, managing B2B sales and overseeing competitive analysis. PMP graduate with distinction. Committed to ongoing professional development. Additional expertise in partnership building, strategic planning, and CRM management. Looking forward to taking on new challenges and growing professionally.",BUSINESS-DEVELOPMENT
SYN_SAL_0000,"Motivated retail sales associate with a passion for dealer management. dynamic sales specialist focused on delivering value to clients and maximizing revenue. Expertise spans dealer management, upselling, and negotiation, supported by proficiency in sales analytics dashboards. 5+ years as retail sales associate with a strong focus on FMCG sales, sales forecasting, and team collaboration. Educational background: Certified Sales Professional. Continuously updating skills in the field. Additional expertise in sales forecasting, FMCG sales, and territory management. Committed to continuous learning and delivering high-impact results.",SALES
SYN_SAL_0001,"target-driven sales professional with consistent record of exceeding revenue goals. Proven expertise in upselling, client relationship management, and negotiation. Proficient in upselling, client relationship management, and negotiation. Experienced with MS Excel and Salesforce. Successfully delivered sales reporting projects as inside sales specialist. Collaborated cross-functionally on cross-selling. Diploma in Sales Management graduate with distinction. Committed to ongoing professional development. Additional expertise in upselling, FMCG sales, and cold calling. Looking forward to taking on new challenges and growing professionally.",SALES
SYN_SAL_0002,"seeking a senior sales role to drive business growth through strategic territory management with 2 years of experience in cold calling and FMCG sales. Proficient in cold calling, FMCG sales, and dealer management. Experienced with Salesforce and LinkedIn. 2+ years as account manager with a strong focus on upselling, territory management, and team collaboration. Holds a BSc Commerce with specialization in relevant areas. Additional expertise in dealer management, client relationship management, and FMCG sales. Committed to continuous learning and delivering high-impact results.",SALES
SYN_SAL_0003,"passionate sales executive skilled in building customer relationships and closing deals. Proven expertise in retail sales, product demonstration, and negotiation. Strong background in retail sales with hands-on experience using MS Excel and POS systems. Served as territory sales representative at a leading organization, managing FMCG sales and overseeing territory management. Educational background: BSc Commerce. Continuously updating skills in the field. Additional expertise in sales reporting, target achievement, and lead conversion. Committed to continuous learning and delivering high-impact results.",SALES
SYN_SAL_0004,"Motivated sales executive with a passion for upselling. target-driven sales professional with consistent record of exceeding revenue goals. Key skills: upselling, sales strategy, sales forecasting. Familiar with Salesforce. Worked as sales executive for 5 years, handling product demonstration and cold calling responsibilities. Holds a MBA Sales and Marketing with specialization in relevant areas. Additional expertise in sales forecasting, product demonstration, and dealer management. Committed to continuous learning and delivering high-impact results.",SALES
SYN_SAL_0005,"Motivated sales executive with a passion for negotiation. target-driven sales professional with consistent record of exceeding revenue goals. Strong background in negotiation with hands-on experience using POS systems and sales analytics dashboards. Successfully delivered territory management projects as sales executive. Collaborated cross-functionally on upselling. MBA Sales and Marketing graduate with distinction. Committed to ongoing professional development. Additional expertise in client relationship management, cold calling, and cross-selling. Committed to continuous learning and delivering high-impact results.",SALES
SYN_SAL_0006,"Motivated territory sales representative with a passion for upselling. seeking a senior sales role to drive business growth through strategic territory management. Core competencies include upselling, product demonstration, sales forecasting, and client relationship management. 12+ years as territory sales representative with a strong focus on client relationship management, sales reporting, and team collaboration. MBA Sales and Marketing graduate with distinction. Committed to ongoing professional development. Additional expertise in FMCG sales, sales forecasting, and sales reporting. Looking forward to taking on new challenges and growing professionally.",SALES
SYN_SAL_0007,"Dynamic retail sales associate specializing in lead conversion and product demonstration. seeking a senior sales role to drive business growth through strategic territory management. Key skills: lead conversion, product demonstration, territory management. Familiar with sales analytics dashboards. 12+ years as retail sales associate with a strong focus on sales reporting, dealer management, and team collaboration. Holds a MBA Sales and Marketing with specialization in relevant areas. Additional expertise in FMCG sales, retail sales, and upselling. Eager to leverage skills to drive organizational growth and excellence.",SALES
SYN_SAL_0008,"Motivated sales manager with a passion for sales strategy. target-driven sales professional with consistent record of exceeding revenue goals. Key skills: sales strategy, FMCG sales, cold calling. Familiar with POS systems. 5+ years as sales manager with a strong focus on territory management, dealer management, and team collaboration. BSc Commerce graduate with distinction. Committed to ongoing professional development. Additional expertise in sales reporting, territory management, and negotiation. Seeking to contribute meaningfully to a forward-thinking organization.",SALES
SYN_SAL_0009,"Motivated business development executive with a passion for upselling. passionate sales executive skilled in building customer relationships and closing deals. Proficient in upselling, retail sales, and sales reporting. Experienced with MS Excel and LinkedIn. Worked as business development executive for 5 years, handling lead conversion and sales strategy responsibilities. Educational background: Diploma in Sales Management. Continuously updating skills in the field. Additional expertise in negotiation, product demonstration, and territory management. Committed to continuous learning and delivering high-impact results.",SALES
SYN_SAL_0010,"Motivated inside sales specialist with a passion for negotiation. target-driven sales professional with consistent record of exceeding revenue goals. Proficient in negotiation, product demonstration, and target achievement. Experienced with MS Excel and POS systems. Served as inside sales specialist at a leading organization, managing sales reporting and overseeing client relationship management. Holds a Diploma in Sales Management with specialization in relevant areas. Additional expertise in territory management, FMCG sales, and cold calling. Eager to leverage skills to drive organizational growth and excellence.",SALES
SYN_SAL_0011,"seeking a senior sales role to drive business growth through strategic territory management. Proven expertise in retail sales, client relationship management, and dealer management. Proficient in retail sales, client relationship management, and dealer management. Experienced with MS Excel and Zoho CRM. Successfully delivered FMCG sales projects as sales manager. Collaborated cross-functionally on cross-selling. Completed Diploma in Sales Management. Strong academic foundation complemented by practical experience. Additional expertise in FMCG sales, sales forecasting, and dealer management. Seeking to contribute meaningfully to a forward-thinking organization.",SALES
SYN_SAL_0012,"passionate sales executive skilled in building customer relationships and closing deals. Proven expertise in client relationship management, FMCG sales, and sales reporting. Expertise spans client relationship management, FMCG sales, and sales reporting, supported by proficiency in POS systems. Served as territory sales representative at a leading organization, managing cross-selling and overseeing cold calling. Holds a MBA Sales and Marketing with specialization in relevant areas. Additional expertise in sales forecasting, territory management, and retail sales. Seeking to contribute meaningfully to a forward-thinking organization.",SALES
SYN_SAL_0013,"Motivated territory sales representative with a passion for cold calling. passionate sales executive skilled in building customer relationships and closing deals. Core competencies include cold calling, sales reporting, retail sales, and client relationship management. Worked as territory sales representative for 9 years, handling client relationship management and territory management responsibilities. Completed MBA Sales and Marketing. Strong academic foundation complemented by practical experience. Additional expertise in sales forecasting, upselling, and product demonstration. Eager to leverage skills to drive organizational growth and excellence.",SALES
SYN_SAL_0014,"Dynamic inside sales specialist specializing in cross-selling and FMCG sales. passionate sales executive skilled in building customer relationships and closing deals. Proficient in cross-selling, FMCG sales, and lead conversion. Experienced with Salesforce and sales analytics dashboards. Served as inside sales specialist at a leading organization, managing upselling and overseeing territory management. Educational background: MBA Sales and Marketing. Continuously updating skills in the field. Additional expertise in cold calling, FMCG sales, and target achievement. Looking forward to taking on new challenges and growing professionally.",SALES
SYN_SAL_0015,"target-driven sales professional with consistent record of exceeding revenue goals with 6 years of experience in territory management and sales strategy. Proficient in territory management, sales strategy, and negotiation. Experienced with Salesforce and POS systems. Worked as sales manager for 6 years, handling sales reporting and retail sales responsibilities. MBA Sales and Marketing graduate with distinction. Committed to ongoing professional development. Additional expertise in FMCG sales, sales forecasting, and cross-selling. Looking forward to taking on new challenges and growing professionally.",SALES
SYN_SAL_0016,"dynamic sales specialist focused on delivering value to clients and maximizing revenue with 12 years of experience in sales reporting and product demonstration. Core competencies include sales reporting, product demonstration, client relationship management, and territory management. Successfully delivered territory management projects as account manager. Collaborated cross-functionally on retail sales. Completed Certified Sales Professional. Strong academic foundation complemented by practical experience. Additional expertise in FMCG sales, lead conversion, and sales strategy. Committed to continuous learning and delivering high-impact results.",SALES
SYN_SAL_0017,"target-driven sales professional with consistent record of exceeding revenue goals with 1 years of experience in client relationship management and cold calling. Proficient in client relationship management, cold calling, and product demonstration. Experienced with sales analytics dashboards and LinkedIn. Served as territory sales representative at a leading organization, managing dealer management and overseeing negotiation. Educational background: MBA Sales and Marketing. Continuously updating skills in the field. Additional expertise in target achievement, retail sales, and lead conversion. Seeking to contribute meaningfully to a forward-thinking organization.",SALES
SYN_SAL_0018,"Dynamic retail sales associate specializing in negotiation and lead conversion. dynamic sales specialist focused on delivering value to clients and maximizing revenue. Expertise spans negotiation, lead conversion, and sales reporting, supported by proficiency in MS Excel. Successfully delivered target achievement projects as retail sales associate. Collaborated cross-functionally on cold calling. Educational background: BSc Commerce. Continuously updating skills in the field. Additional expertise in sales strategy, cross-selling, and territory management. Looking forward to taking on new challenges and growing professionally.",SALES
SYN_SAL_0019,"Dynamic retail sales associate specializing in FMCG sales and sales forecasting. target-driven sales professional with consistent record of exceeding revenue goals. Proficient in FMCG sales, sales forecasting, and territory management. Experienced with POS systems and Zoho CRM. Served as retail sales associate at a leading organization, managing lead conversion and overseeing target achievement. Educational background: MBA Sales and Marketing. Continuously updating skills in the field. Additional expertise in lead conversion, sales strategy, and sales reporting. Committed to continuous learning and delivering high-impact results.",SALES
SYN_SAL_0020,"dynamic sales specialist focused on delivering value to clients and maximizing revenue with 12 years of experience in lead conversion and retail sales. Strong background in lead conversion with hands-on experience using Salesforce and Zoho CRM. 12+ years as retail sales associate with a strong focus on territory management, cross-selling, and team collaboration. Educational background: Diploma in Sales Management. Continuously updating skills in the field. Additional expertise in negotiation, product demonstration, and dealer management. Seeking to contribute meaningfully to a forward-thinking organization.",SALES
SYN_SAL_0021,"passionate sales executive skilled in building customer relationships and closing deals. Proven expertise in cross-selling, client relationship management, and sales strategy. Strong background in cross-selling with hands-on experience using LinkedIn and Salesforce. Worked as territory sales representative for 11 years, handling sales reporting and dealer management responsibilities. MBA Sales and Marketing graduate with distinction. Committed to ongoing professional development. Additional expertise in dealer management, FMCG sales, and retail sales. Committed to continuous learning and delivering high-impact results.",SALES
SYN_SAL_0022,"Dynamic business development executive specializing in product demonstration and sales forecasting. seeking a senior sales role to drive business growth through strategic territory management. Key skills: product demonstration, sales forecasting, sales strategy. Familiar with sales analytics dashboards. 1+ years as business development executive with a strong focus on retail sales, cold calling, and team collaboration. Educational background: Certified Sales Professional. Continuously updating skills in the field. Additional expertise in sales strategy, cold calling, and client relationship management. Looking forward to taking on new challenges and growing professionally.",SALES
SYN_SAL_0023,"Dynamic business development executive specializing in cross-selling and upselling. passionate sales executive skilled in building customer relationships and closing deals. Expertise spans cross-selling, upselling, and negotiation, supported by proficiency in sales analytics dashboards. Served as business development executive at a leading organization, managing dealer management and overseeing product demonstration. Holds a BSc Commerce with specialization in relevant areas. Additional expertise in territory management, client relationship management, and target achievement. Seeking to contribute meaningfully to a forward-thinking organization.",SALES
SYN_SAL_0024,"Dynamic territory sales representative specializing in sales strategy and cold calling. passionate sales executive skilled in building customer relationships and closing deals. Expertise spans sales strategy, cold calling, and sales reporting, supported by proficiency in POS systems. 10+ years as territory sales representative with a strong focus on product demonstration, territory management, and team collaboration. BSc Commerce graduate with distinction. Committed to ongoing professional development. Additional expertise in negotiation, cold calling, and dealer management. Seeking to contribute meaningfully to a forward-thinking organization.",SALES
SYN_SAL_0025,"passionate sales executive skilled in building customer relationships and closing deals. Proven expertise in cold calling, dealer management, and product demonstration. Expertise spans cold calling, dealer management, and product demonstration, supported by proficiency in LinkedIn. 6+ years as retail sales associate with a strong focus on sales reporting, retail sales, and team collaboration. Completed MBA Sales and Marketing. Strong academic foundation complemented by practical experience. Additional expertise in cold calling, sales forecasting, and product demonstration. Seeking to contribute meaningfully to a forward-thinking organization.",SALES
SYN_SAL_0026,"Dynamic business development executive specializing in retail sales and upselling. seeking a senior sales role to drive business growth through strategic territory management. Core competencies include retail sales, upselling, lead conversion, and cross-selling. Worked as business development executive for 4 years, handling cross-selling and territory management responsibilities. Completed MBA Sales and Marketing. Strong academic foundation complemented by practical experience. Additional expertise in product demonstration, territory management, and lead conversion. Committed to continuous learning and delivering high-impact results.",SALES
SYN_SAL_0027,"Motivated sales executive with a passion for cross-selling. dynamic sales specialist focused on delivering value to clients and maximizing revenue. Expertise spans cross-selling, product demonstration, and dealer management, supported by proficiency in sales analytics dashboards. Served as sales executive at a leading organization, managing client relationship management and overseeing FMCG sales. Educational background: Diploma in Sales Management. Continuously updating skills in the field. Additional expertise in cross-selling, lead conversion, and product demonstration. Seeking to contribute meaningfully to a forward-thinking organization.",SALES
SYN_PUB_0000,"Dynamic PR consultant specializing in stakeholder engagement and brand storytelling. seeking a senior communications role to drive compelling brand narratives. Key skills: stakeholder engagement, brand storytelling, media relations. Familiar with PR Newswire. Successfully delivered public affairs projects as PR consultant. Collaborated cross-functionally on social media PR. MA Public Relations graduate with distinction. Committed to ongoing professional development. Additional expertise in social media PR, media relations, and reputation management. Committed to continuous learning and delivering high-impact results.",PUBLIC-RELATIONS
SYN_PUB_0001,"passionate storyteller committed to building authentic public relations campaigns. Proven expertise in content strategy, event management, and reputation management. Strong background in content strategy with hands-on experience using PR Newswire and Meltwater. Served as media relations officer at a leading organization, managing stakeholder engagement and overseeing government relations. Holds a MA Public Relations with specialization in relevant areas. Additional expertise in corporate communications, stakeholder engagement, and journalist relations. Looking forward to taking on new challenges and growing professionally.",PUBLIC-RELATIONS
SYN_PUB_0002,"Dynamic PR consultant specializing in content strategy and corporate communications. experienced PR consultant with a network of media contacts across industry sectors. Key skills: content strategy, corporate communications, event management. Familiar with Google Analytics. 9+ years as PR consultant with a strong focus on press release writing, speech writing, and team collaboration. Holds a Diploma in Communications with specialization in relevant areas. Additional expertise in government relations, content strategy, and speech writing. Seeking to contribute meaningfully to a forward-thinking organization.",PUBLIC-RELATIONS
SYN_PUB_0003,"experienced PR consultant with a network of media contacts across industry sectors with 4 years of experience in event management and reputation management. Expertise spans event management, reputation management, and public affairs, supported by proficiency in PR Newswire. Successfully delivered stakeholder engagement projects as corporate communications specialist. Collaborated cross-functionally on speech writing. PRSA APR Certification graduate with distinction. Committed to ongoing professional development. Additional expertise in social media PR, reputation management, and public affairs. Eager to leverage skills to drive organizational growth and excellence.",PUBLIC-RELATIONS
SYN_PUB_0004,"Dynamic PR executive specializing in social media PR and crisis communications. experienced PR consultant with a network of media contacts across industry sectors. Core competencies include social media PR, crisis communications, media relations, and press release writing. Served as PR executive at a leading organization, managing press release writing and overseeing public affairs. Completed MA Public Relations. Strong academic foundation complemented by practical experience. Additional expertise in crisis communications, government relations, and social media PR. Looking forward to taking on new challenges and growing professionally.",PUBLIC-RELATIONS
SYN_BAN_0000,"seeking a relationship management role to deepen client engagement and grow the loan portfolio with 8 years of experience in treasury operations and credit underwriting. Expertise spans treasury operations, credit underwriting, and trade finance, supported by proficiency in Bloomberg Terminal. Worked as treasury analyst for 8 years, handling retail banking and financial products responsibilities. Completed CFA Level 1. Strong academic foundation complemented by practical experience. Additional expertise in retail banking, mortgage lending, and risk management. Eager to leverage skills to drive organizational growth and excellence.",BANKING
